{"resourceType":"dataset","dataSetId":"B2BMPSprykerDefaultDatasetOrderItemStateCustomers","name":"Order Item State + Customers","physicalTableMap":{"2acfd790-753f-4504-8f4c-b2e52a56edd2":{"relationalTable":{"dataSourceArn":"arn:aws:quicksight:AwsRegion:AwsAccountId:datasource/B2BMPSprykerDefaultDataSource","name":"spy_oms_order_item_state","inputColumns":[{"name":"id_oms_order_item_state","type":"INTEGER"},{"name":"description","type":"STRING"},{"name":"name","type":"STRING"}]}},"8f0c7106-7f0d-4147-99aa-1a77c6a6ed57":{"relationalTable":{"dataSourceArn":"arn:aws:quicksight:AwsRegion:AwsAccountId:datasource/B2BMPSprykerDefaultDataSource","name":"spy_company_business_unit","inputColumns":[{"name":"id_company_business_unit","type":"INTEGER"},{"name":"fk_company","type":"INTEGER"},{"name":"fk_parent_company_business_unit","type":"INTEGER"},{"name":"bic","type":"STRING"},{"name":"default_billing_address","type":"INTEGER"},{"name":"email","type":"STRING"},{"name":"external_url","type":"STRING"},{"name":"iban","type":"STRING"},{"name":"key","type":"STRING"},{"name":"name","type":"STRING"},{"name":"phone","type":"STRING"},{"name":"uuid","type":"STRING"}]}},"b1ea340f-deba-4e9a-bb3c-ad1eb3e13f04":{"relationalTable":{"dataSourceArn":"arn:aws:quicksight:AwsRegion:AwsAccountId:datasource/B2BMPSprykerDefaultDataSource","name":"spy_sales_order_item","inputColumns":[{"name":"id_sales_order_item","type":"INTEGER"},{"name":"fk_oms_order_item_state","type":"INTEGER"},{"name":"fk_oms_order_process","type":"INTEGER"},{"name":"fk_sales_order","type":"INTEGER"},{"name":"fk_sales_order_item_bundle","type":"INTEGER"},{"name":"fk_sales_shipment","type":"INTEGER"},{"name":"amount","type":"DECIMAL","subType":"FIXED"},{"name":"amount_base_measurement_unit_name","type":"STRING"},{"name":"amount_measurement_unit_code","type":"STRING"},{"name":"amount_measurement_unit_conversion","type":"DECIMAL","subType":"FLOAT"},{"name":"amount_measurement_unit_name","type":"STRING"},{"name":"amount_measurement_unit_precision","type":"INTEGER"},{"name":"amount_sku","type":"STRING"},{"name":"canceled_amount","type":"INTEGER"},{"name":"cart_note","type":"STRING"},{"name":"discount_amount_aggregation","type":"INTEGER"},{"name":"discount_amount_full_aggregation","type":"INTEGER"},{"name":"expense_price_aggregation","type":"INTEGER"},{"name":"gross_price","type":"INTEGER"},{"name":"group_key","type":"STRING"},{"name":"is_quantity_splittable","type":"BIT"},{"name":"last_state_change","type":"DATETIME"},{"name":"merchant_commission_amount_aggregation","type":"INTEGER"},{"name":"merchant_commission_amount_full_aggregation","type":"INTEGER"},{"name":"merchant_commission_refunded_amount","type":"INTEGER"},{"name":"merchant_reference","type":"STRING"},{"name":"name","type":"STRING"},{"name":"net_price","type":"INTEGER"},{"name":"order_item_reference","type":"STRING"},{"name":"price","type":"INTEGER"},{"name":"price_to_pay_aggregation","type":"INTEGER"},{"name":"product_offer_reference","type":"STRING"},{"name":"product_option_price_aggregation","type":"INTEGER"},{"name":"quantity","type":"INTEGER"},{"name":"quantity_base_measurement_unit_name","type":"STRING"},{"name":"quantity_measurement_unit_code","type":"STRING"},{"name":"quantity_measurement_unit_conversion","type":"DECIMAL","subType":"FLOAT"},{"name":"quantity_measurement_unit_name","type":"STRING"},{"name":"quantity_measurement_unit_precision","type":"INTEGER"},{"name":"refundable_amount","type":"INTEGER"},{"name":"remuneration_amount","type":"INTEGER"},{"name":"sku","type":"STRING"},{"name":"subtotal_aggregation","type":"INTEGER"},{"name":"tax_amount","type":"INTEGER"},{"name":"tax_amount_after_cancellation","type":"INTEGER"},{"name":"tax_amount_full_aggregation","type":"INTEGER"},{"name":"tax_rate","type":"DECIMAL","subType":"FIXED"},{"name":"tax_rate_average_aggregation","type":"DECIMAL","subType":"FIXED"},{"name":"uuid","type":"STRING"},{"name":"created_at","type":"DATETIME"},{"name":"updated_at","type":"DATETIME"}]}},"67a51773-745e-4b82-8129-11feb18dc286":{"relationalTable":{"dataSourceArn":"arn:aws:quicksight:AwsRegion:AwsAccountId:datasource/B2BMPSprykerDefaultDataSource","name":"spy_sales_order","inputColumns":[{"name":"id_sales_order","type":"INTEGER"},{"name":"fk_locale","type":"INTEGER"},{"name":"fk_order_source","type":"INTEGER"},{"name":"fk_sales_order_address_billing","type":"INTEGER"},{"name":"fk_sales_order_address_shipping","type":"INTEGER"},{"name":"cart_note","type":"STRING"},{"name":"company_business_unit_uuid","type":"STRING"},{"name":"company_uuid","type":"STRING"},{"name":"currency_iso_code","type":"STRING"},{"name":"customer_reference","type":"STRING"},{"name":"email","type":"STRING"},{"name":"first_name","type":"STRING"},{"name":"is_test","type":"BIT"},{"name":"last_name","type":"STRING"},{"name":"oms_processor_identifier","type":"INTEGER"},{"name":"order_custom_reference","type":"STRING"},{"name":"order_reference","type":"STRING"},{"name":"price_mode","type":"INTEGER"},{"name":"salutation","type":"INTEGER"},{"name":"store","type":"STRING"},{"name":"created_at","type":"DATETIME"},{"name":"updated_at","type":"DATETIME"},{"name":"uuid","type":"STRING"}]}},"55716efd-698a-4bec-b164-4ddf7183d9b1":{"relationalTable":{"dataSourceArn":"arn:aws:quicksight:AwsRegion:AwsAccountId:datasource/B2BMPSprykerDefaultDataSource","name":"spy_company","inputColumns":[{"name":"id_company","type":"INTEGER"},{"name":"fk_company_type","type":"INTEGER"},{"name":"is_active","type":"BIT"},{"name":"key","type":"STRING"},{"name":"name","type":"STRING"},{"name":"status","type":"INTEGER"},{"name":"uuid","type":"STRING"}]}},"9101a04a-34c1-4449-9e4d-67ae15204c3a":{"relationalTable":{"dataSourceArn":"arn:aws:quicksight:AwsRegion:AwsAccountId:datasource/B2BMPSprykerDefaultDataSource","name":"spy_customer","inputColumns":[{"name":"id_customer","type":"INTEGER"},{"name":"fk_locale","type":"INTEGER"},{"name":"fk_user","type":"INTEGER"},{"name":"anonymized_at","type":"DATETIME"},{"name":"company","type":"STRING"},{"name":"customer_reference","type":"STRING"},{"name":"date_of_birth","type":"DATETIME"},{"name":"default_billing_address","type":"INTEGER"},{"name":"default_shipping_address","type":"INTEGER"},{"name":"email","type":"STRING"},{"name":"first_name","type":"STRING"},{"name":"gender","type":"INTEGER"},{"name":"last_name","type":"STRING"},{"name":"password","type":"STRING"},{"name":"phone","type":"STRING"},{"name":"registered","type":"DATETIME"},{"name":"registration_key","type":"STRING"},{"name":"restore_password_date","type":"DATETIME"},{"name":"restore_password_key","type":"STRING"},{"name":"salutation","type":"INTEGER"},{"name":"created_at","type":"DATETIME"},{"name":"updated_at","type":"DATETIME"}]}},"cb9415b7-4c87-44c2-9c90-fe2aefc25a8d":{"relationalTable":{"dataSourceArn":"arn:aws:quicksight:AwsRegion:AwsAccountId:datasource/B2BMPSprykerDefaultDataSource","name":"spy_sales_order_totals","inputColumns":[{"name":"id_sales_order_totals","type":"INTEGER"},{"name":"fk_sales_order","type":"INTEGER"},{"name":"canceled_total","type":"INTEGER"},{"name":"discount_total","type":"INTEGER"},{"name":"grand_total","type":"INTEGER"},{"name":"merchant_commission_refunded_total","type":"INTEGER"},{"name":"merchant_commission_total","type":"INTEGER"},{"name":"order_expense_total","type":"INTEGER"},{"name":"refund_total","type":"INTEGER"},{"name":"subtotal","type":"INTEGER"},{"name":"tax_total","type":"INTEGER"},{"name":"created_at","type":"DATETIME"},{"name":"updated_at","type":"DATETIME"},{"name":"uuid","type":"STRING"}]}}},"logicalTableMap":{"a3cfe2a3-c37f-45f3-96f6-784606bfda19":{"alias":"spy_sales_order_item","source":{"physicalTableId":"b1ea340f-deba-4e9a-bb3c-ad1eb3e13f04"}},"a4c212ab-f09b-4f50-a906-5135725ae1d3":{"alias":"spy_sales_order","dataTransforms":[{"renameColumnOperation":{"columnName":"cart_note","newColumnName":"cart_note[spy_sales_order]"}},{"renameColumnOperation":{"columnName":"created_at","newColumnName":"created_at[spy_sales_order]"}},{"renameColumnOperation":{"columnName":"updated_at","newColumnName":"updated_at[spy_sales_order]"}},{"renameColumnOperation":{"columnName":"uuid","newColumnName":"uuid[spy_sales_order]"}}],"source":{"physicalTableId":"67a51773-745e-4b82-8129-11feb18dc286"}},"f1b09c41-e4a0-4715-a400-4453572bee60":{"alias":"spy_oms_order_item_state","dataTransforms":[{"renameColumnOperation":{"columnName":"name","newColumnName":"name[spy_oms_order_item_state]"}}],"source":{"physicalTableId":"2acfd790-753f-4504-8f4c-b2e52a56edd2"}},"3ecbbf37-828f-4380-8f98-e7964303bd44":{"alias":"Intermediate Table (2)","source":{"joinInstruction":{"leftOperand":"dbcffbb7-f555-4031-aecf-023137ca1bf1","rightOperand":"a4c212ab-f09b-4f50-a906-5135725ae1d3","type":"LEFT","onClause":"{fk_sales_order} = {id_sales_order}"}}},"2ddb4824-9532-4a3b-b8d6-d74029c3796b":{"alias":"spy_company","dataTransforms":[{"renameColumnOperation":{"columnName":"name","newColumnName":"name[spy_company]"}},{"renameColumnOperation":{"columnName":"uuid","newColumnName":"uuid[spy_company]"}}],"source":{"physicalTableId":"55716efd-698a-4bec-b164-4ddf7183d9b1"}},"7f245f6d-cfaa-4a51-8a5a-818ff76d5a09":{"alias":"Intermediate Table (3)","source":{"joinInstruction":{"leftOperand":"3ecbbf37-828f-4380-8f98-e7964303bd44","rightOperand":"d3118dba-dc7b-408b-a2f5-d9fc3cdec015","type":"RIGHT","onClause":"{customer_reference} = {customer_reference[spy_customer]}"}}},"dbcffbb7-f555-4031-aecf-023137ca1bf1":{"alias":"Intermediate Table","source":{"joinInstruction":{"leftOperand":"a3cfe2a3-c37f-45f3-96f6-784606bfda19","rightOperand":"f1b09c41-e4a0-4715-a400-4453572bee60","type":"LEFT","onClause":"{fk_oms_order_item_state} = {id_oms_order_item_state}"}}},"d65a5090-fce9-453a-a887-cb13672627e0":{"alias":"Intermediate Table (4)","source":{"joinInstruction":{"leftOperand":"7f245f6d-cfaa-4a51-8a5a-818ff76d5a09","rightOperand":"70f72967-84d3-41d8-a1e5-aa93014e22da","type":"RIGHT","onClause":"{id_sales_order} = {fk_sales_order[spy_sales_order_totals]}"}}},"d3118dba-dc7b-408b-a2f5-d9fc3cdec015":{"alias":"spy_customer","dataTransforms":[{"renameColumnOperation":{"columnName":"fk_locale","newColumnName":"fk_locale[spy_customer]"}},{"renameColumnOperation":{"columnName":"customer_reference","newColumnName":"customer_reference[spy_customer]"}},{"renameColumnOperation":{"columnName":"email","newColumnName":"email[spy_customer]"}},{"renameColumnOperation":{"columnName":"first_name","newColumnName":"first_name[spy_customer]"}},{"renameColumnOperation":{"columnName":"last_name","newColumnName":"last_name[spy_customer]"}},{"renameColumnOperation":{"columnName":"salutation","newColumnName":"salutation[spy_customer]"}},{"renameColumnOperation":{"columnName":"created_at","newColumnName":"created_at[spy_customer]"}},{"renameColumnOperation":{"columnName":"updated_at","newColumnName":"updated_at[spy_customer]"}}],"source":{"physicalTableId":"9101a04a-34c1-4449-9e4d-67ae15204c3a"}},"70f72967-84d3-41d8-a1e5-aa93014e22da":{"alias":"spy_sales_order_totals","dataTransforms":[{"renameColumnOperation":{"columnName":"fk_sales_order","newColumnName":"fk_sales_order[spy_sales_order_totals]"}},{"renameColumnOperation":{"columnName":"created_at","newColumnName":"created_at[spy_sales_order_totals]"}},{"renameColumnOperation":{"columnName":"updated_at","newColumnName":"updated_at[spy_sales_order_totals]"}},{"renameColumnOperation":{"columnName":"uuid","newColumnName":"uuid[spy_sales_order_totals]"}}],"source":{"physicalTableId":"cb9415b7-4c87-44c2-9c90-fe2aefc25a8d"}},"a2a909ea-a5f8-4944-a206-74d0b0fda1de":{"alias":"Intermediate Table (5)","source":{"joinInstruction":{"leftOperand":"d65a5090-fce9-453a-a887-cb13672627e0","rightOperand":"2ddb4824-9532-4a3b-b8d6-d74029c3796b","type":"LEFT","onClause":"{company_uuid} = {uuid[spy_company]}"}}},"37d4f856-1b40-4d1d-bccf-6fecc5652b3f":{"alias":"spy_company_business_unit","dataTransforms":[{"renameColumnOperation":{"columnName":"default_billing_address","newColumnName":"default_billing_address[spy_company_business_unit]"}},{"renameColumnOperation":{"columnName":"email","newColumnName":"email[spy_company_business_unit]"}},{"renameColumnOperation":{"columnName":"key","newColumnName":"key[spy_company_business_unit]"}},{"renameColumnOperation":{"columnName":"name","newColumnName":"name[spy_company_business_unit]"}},{"renameColumnOperation":{"columnName":"phone","newColumnName":"phone[spy_company_business_unit]"}},{"renameColumnOperation":{"columnName":"uuid","newColumnName":"uuid[spy_company_business_unit]"}}],"source":{"physicalTableId":"8f0c7106-7f0d-4147-99aa-1a77c6a6ed57"}},"55f0c207-b910-4760-b43c-aaf599205de7":{"alias":"Intermediate Table (6)","dataTransforms":[{"projectOperation":{"projectedColumns":["id_sales_order_item","fk_oms_order_item_state","fk_oms_order_process","fk_sales_order","fk_sales_order_item_bundle","fk_sales_shipment","amount","amount_base_measurement_unit_name","amount_measurement_unit_code","amount_measurement_unit_conversion","amount_measurement_unit_name","amount_measurement_unit_precision","amount_sku","canceled_amount","cart_note","discount_amount_aggregation","discount_amount_full_aggregation","expense_price_aggregation","gross_price","group_key","is_quantity_splittable","last_state_change","merchant_commission_amount_aggregation","merchant_commission_amount_full_aggregation","merchant_commission_refunded_amount","merchant_reference","name","net_price","order_item_reference","price","price_to_pay_aggregation","product_offer_reference","product_option_price_aggregation","quantity","quantity_base_measurement_unit_name","quantity_measurement_unit_code","quantity_measurement_unit_conversion","quantity_measurement_unit_name","quantity_measurement_unit_precision","refundable_amount","remuneration_amount","sku","subtotal_aggregation","tax_amount","tax_amount_after_cancellation","tax_amount_full_aggregation","tax_rate","tax_rate_average_aggregation","uuid","created_at","updated_at","id_oms_order_item_state","description","name[spy_oms_order_item_state]","id_sales_order","fk_locale","fk_order_source","fk_sales_order_address_billing","fk_sales_order_address_shipping","cart_note[spy_sales_order]","company_business_unit_uuid","company_uuid","currency_iso_code","customer_reference","email","first_name","is_test","last_name","oms_processor_identifier","order_custom_reference","order_reference","price_mode","salutation","store","created_at[spy_sales_order]","updated_at[spy_sales_order]","uuid[spy_sales_order]","id_customer","fk_locale[spy_customer]","fk_user","anonymized_at","company","customer_reference[spy_customer]","date_of_birth","default_billing_address","default_shipping_address","email[spy_customer]","first_name[spy_customer]","gender","last_name[spy_customer]","password","phone","registered","registration_key","restore_password_date","restore_password_key","salutation[spy_customer]","created_at[spy_customer]","updated_at[spy_customer]","id_sales_order_totals","fk_sales_order[spy_sales_order_totals]","canceled_total","discount_total","grand_total","merchant_commission_refunded_total","merchant_commission_total","order_expense_total","refund_total","subtotal","tax_total","created_at[spy_sales_order_totals]","updated_at[spy_sales_order_totals]","uuid[spy_sales_order_totals]","id_company","fk_company_type","is_active","key","name[spy_company]","status","uuid[spy_company]","id_company_business_unit","fk_company","fk_parent_company_business_unit","bic","default_billing_address[spy_company_business_unit]","email[spy_company_business_unit]","external_url","iban","key[spy_company_business_unit]","name[spy_company_business_unit]","phone[spy_company_business_unit]","uuid[spy_company_business_unit]"]}}],"source":{"joinInstruction":{"leftOperand":"a2a909ea-a5f8-4944-a206-74d0b0fda1de","rightOperand":"37d4f856-1b40-4d1d-bccf-6fecc5652b3f","type":"LEFT","onClause":"{company_business_unit_uuid} = {uuid[spy_company_business_unit]}"}}}},"importMode":"SPICE","fieldFolders":{},"dataSetUsageConfiguration":{"disableUseAsDirectQuerySource":false,"disableUseAsImportedSource":false}}