{"resourceType":"dataset","dataSetId":"B2BMPSprykerDefaultDatasetMerhantOrder","name":"Merhant Order","physicalTableMap":{"10b12d00-3672-4c5b-9188-7f5dee118659":{"relationalTable":{"dataSourceArn":"arn:aws:quicksight:AwsRegion:AwsAccountId:datasource/B2BMPSprykerDefaultDataSource","name":"spy_merchant_sales_order","inputColumns":[{"name":"id_merchant_sales_order","type":"INTEGER"},{"name":"fk_sales_order","type":"INTEGER"},{"name":"merchant_reference","type":"STRING"},{"name":"merchant_sales_order_reference","type":"STRING"},{"name":"created_at","type":"DATETIME"},{"name":"updated_at","type":"DATETIME"}]}},"927878cd-daea-4c45-b161-89760d6ef4e1":{"relationalTable":{"dataSourceArn":"arn:aws:quicksight:AwsRegion:AwsAccountId:datasource/B2BMPSprykerDefaultDataSource","name":"spy_sales_order","inputColumns":[{"name":"id_sales_order","type":"INTEGER"},{"name":"fk_locale","type":"INTEGER"},{"name":"fk_order_source","type":"INTEGER"},{"name":"fk_sales_order_address_billing","type":"INTEGER"},{"name":"fk_sales_order_address_shipping","type":"INTEGER"},{"name":"cart_note","type":"STRING"},{"name":"company_business_unit_uuid","type":"STRING"},{"name":"company_uuid","type":"STRING"},{"name":"currency_iso_code","type":"STRING"},{"name":"customer_reference","type":"STRING"},{"name":"email","type":"STRING"},{"name":"first_name","type":"STRING"},{"name":"is_test","type":"BIT"},{"name":"last_name","type":"STRING"},{"name":"oms_processor_identifier","type":"INTEGER"},{"name":"order_custom_reference","type":"STRING"},{"name":"order_reference","type":"STRING"},{"name":"price_mode","type":"INTEGER"},{"name":"salutation","type":"INTEGER"},{"name":"store","type":"STRING"},{"name":"created_at","type":"DATETIME"},{"name":"updated_at","type":"DATETIME"},{"name":"uuid","type":"STRING"}]}},"522cf407-b21e-41af-97b9-70f8ad0128b4":{"relationalTable":{"dataSourceArn":"arn:aws:quicksight:AwsRegion:AwsAccountId:datasource/B2BMPSprykerDefaultDataSource","name":"spy_merchant","inputColumns":[{"name":"id_merchant","type":"INTEGER"},{"name":"fk_state_machine_process","type":"INTEGER"},{"name":"default_product_abstract_approval_status","type":"STRING"},{"name":"email","type":"STRING"},{"name":"is_active","type":"BIT"},{"name":"is_open_for_relation_request","type":"BIT"},{"name":"merchant_reference","type":"STRING"},{"name":"name","type":"STRING"},{"name":"registration_number","type":"STRING"},{"name":"status","type":"STRING"},{"name":"created_at","type":"DATETIME"},{"name":"updated_at","type":"DATETIME"}]}},"d186e3aa-dd59-4c97-9d9e-0f75fce7ca85":{"relationalTable":{"dataSourceArn":"arn:aws:quicksight:AwsRegion:AwsAccountId:datasource/B2BMPSprykerDefaultDataSource","name":"spy_merchant_sales_order_totals","inputColumns":[{"name":"id_merchant_sales_order_totals","type":"INTEGER"},{"name":"fk_merchant_sales_order","type":"INTEGER"},{"name":"canceled_total","type":"INTEGER"},{"name":"discount_total","type":"INTEGER"},{"name":"grand_total","type":"INTEGER"},{"name":"merchant_commission_refunded_total","type":"INTEGER"},{"name":"merchant_commission_total","type":"INTEGER"},{"name":"order_expense_total","type":"INTEGER"},{"name":"refund_total","type":"INTEGER"},{"name":"subtotal","type":"INTEGER"},{"name":"tax_total","type":"INTEGER"},{"name":"created_at","type":"DATETIME"},{"name":"updated_at","type":"DATETIME"}]}}},"logicalTableMap":{"ecd5bba4-62e5-4aa8-83ac-ed61b97263f7":{"alias":"Intermediate Table","source":{"joinInstruction":{"leftOperand":"6e9cc0be-5f7f-4cc4-9644-db26d75450d0","rightOperand":"422dd95c-5510-40ad-b8f2-2215d3d099de","leftJoinKeyProperties":{"uniqueKey":true},"type":"LEFT","onClause":"{id_merchant_sales_order} = {fk_merchant_sales_order}"}}},"519af862-f20f-4290-8358-f6c0258d09d0":{"alias":"spy_sales_order","dataTransforms":[{"renameColumnOperation":{"columnName":"email","newColumnName":"email[spy_sales_order]"}},{"renameColumnOperation":{"columnName":"created_at","newColumnName":"created_at[spy_sales_order]"}},{"renameColumnOperation":{"columnName":"updated_at","newColumnName":"updated_at[spy_sales_order]"}}],"source":{"physicalTableId":"927878cd-daea-4c45-b161-89760d6ef4e1"}},"fb4a29a2-f36a-43be-b433-bd4587e317a2":{"alias":"Intermediate Table (2)","source":{"joinInstruction":{"leftOperand":"ecd5bba4-62e5-4aa8-83ac-ed61b97263f7","rightOperand":"e31a773d-3528-4989-ae94-fc2a8381cf0a","type":"LEFT","onClause":"{merchant_reference} = {merchant_reference[spy_merchant]}"}}},"6e9cc0be-5f7f-4cc4-9644-db26d75450d0":{"alias":"spy_merchant_sales_order","source":{"physicalTableId":"10b12d00-3672-4c5b-9188-7f5dee118659"}},"422dd95c-5510-40ad-b8f2-2215d3d099de":{"alias":"spy_merchant_sales_order_totals","dataTransforms":[{"renameColumnOperation":{"columnName":"created_at","newColumnName":"created_at[spy_merchant_sales_order_totals]"}},{"renameColumnOperation":{"columnName":"updated_at","newColumnName":"updated_at[spy_merchant_sales_order_totals]"}}],"source":{"physicalTableId":"d186e3aa-dd59-4c97-9d9e-0f75fce7ca85"}},"e31a773d-3528-4989-ae94-fc2a8381cf0a":{"alias":"spy_merchant","dataTransforms":[{"renameColumnOperation":{"columnName":"merchant_reference","newColumnName":"merchant_reference[spy_merchant]"}},{"renameColumnOperation":{"columnName":"created_at","newColumnName":"created_at[spy_merchant]"}},{"renameColumnOperation":{"columnName":"updated_at","newColumnName":"updated_at[spy_merchant]"}}],"source":{"physicalTableId":"522cf407-b21e-41af-97b9-70f8ad0128b4"}},"1931250a-aa6b-43be-b704-f34ae71e9311":{"alias":"Intermediate Table (3)","dataTransforms":[{"projectOperation":{"projectedColumns":["merchant_reference","merchant_sales_order_reference","created_at","updated_at","canceled_total","discount_total","grand_total","merchant_commission_refunded_total","merchant_commission_total","order_expense_total","refund_total","subtotal","tax_total","default_product_abstract_approval_status","email","is_active","is_open_for_relation_request","name","registration_number","status","cart_note","company_business_unit_uuid","company_uuid","currency_iso_code","customer_reference","email[spy_sales_order]","first_name","is_test","last_name","oms_processor_identifier","order_custom_reference","order_reference","price_mode","salutation","store","created_at[spy_sales_order]","updated_at[spy_sales_order]"]}}],"source":{"joinInstruction":{"leftOperand":"fb4a29a2-f36a-43be-b433-bd4587e317a2","rightOperand":"519af862-f20f-4290-8358-f6c0258d09d0","rightJoinKeyProperties":{"uniqueKey":true},"type":"LEFT","onClause":"{fk_sales_order} = {id_sales_order}"}}}},"importMode":"SPICE","fieldFolders":{},"dataSetUsageConfiguration":{"disableUseAsDirectQuerySource":false,"disableUseAsImportedSource":false}}