{"resourceType":"dataset","dataSetId":"B2BMPSprykerDefaultDatasetMerchantStore","name":"Merchant + Store","physicalTableMap":{"2c159aa3-abac-4d35-a7d3-acd90beada71":{"relationalTable":{"dataSourceArn":"arn:aws:quicksight:AwsRegion:AwsAccountId:datasource/B2BMPSprykerDefaultDataSource","name":"spy_merchant_store","inputColumns":[{"name":"id_merchant_store","type":"INTEGER"},{"name":"fk_merchant","type":"INTEGER"},{"name":"fk_store","type":"INTEGER"}]}},"7388ddcd-ad51-4b6a-985d-4a3abaed9036":{"relationalTable":{"dataSourceArn":"arn:aws:quicksight:AwsRegion:AwsAccountId:datasource/B2BMPSprykerDefaultDataSource","name":"spy_store","inputColumns":[{"name":"id_store","type":"INTEGER"},{"name":"fk_currency","type":"INTEGER"},{"name":"fk_locale","type":"INTEGER"},{"name":"name","type":"STRING"}]}},"6fe1f471-c418-4495-b3bf-375c9b310fdf":{"relationalTable":{"dataSourceArn":"arn:aws:quicksight:AwsRegion:AwsAccountId:datasource/B2BMPSprykerDefaultDataSource","name":"spy_merchant","inputColumns":[{"name":"id_merchant","type":"INTEGER"},{"name":"fk_state_machine_process","type":"INTEGER"},{"name":"default_product_abstract_approval_status","type":"STRING"},{"name":"email","type":"STRING"},{"name":"is_active","type":"BIT"},{"name":"is_open_for_relation_request","type":"BIT"},{"name":"merchant_reference","type":"STRING"},{"name":"name","type":"STRING"},{"name":"registration_number","type":"STRING"},{"name":"status","type":"STRING"},{"name":"created_at","type":"DATETIME"},{"name":"updated_at","type":"DATETIME"}]}}},"logicalTableMap":{"921e0f8b-498c-439e-8e20-1db24ff1f113":{"alias":"Intermediate Table (2)","dataTransforms":[{"projectOperation":{"projectedColumns":["id_merchant","default_product_abstract_approval_status","email","is_active","is_open_for_relation_request","merchant_reference","name","registration_number","status","created_at","updated_at","store"]}}],"source":{"joinInstruction":{"leftOperand":"8b79ac5a-d897-43c7-8122-0fce2e46e7ef","rightOperand":"69a82128-98f0-4ccf-901e-4864fe8d0ad5","rightJoinKeyProperties":{"uniqueKey":true},"type":"LEFT","onClause":"{fk_store} = {id_store}"}}},"8b79ac5a-d897-43c7-8122-0fce2e46e7ef":{"alias":"Intermediate Table","source":{"joinInstruction":{"leftOperand":"eb3057e5-afd3-498d-be44-b69bc6510c42","rightOperand":"ef15ccfe-d110-4d39-84ed-1973c98021c5","leftJoinKeyProperties":{"uniqueKey":true},"type":"LEFT","onClause":"{id_merchant} = {fk_merchant}"}}},"eb3057e5-afd3-498d-be44-b69bc6510c42":{"alias":"spy_merchant","source":{"physicalTableId":"6fe1f471-c418-4495-b3bf-375c9b310fdf"}},"69a82128-98f0-4ccf-901e-4864fe8d0ad5":{"alias":"spy_store","dataTransforms":[{"renameColumnOperation":{"columnName":"name","newColumnName":"store"}}],"source":{"physicalTableId":"7388ddcd-ad51-4b6a-985d-4a3abaed9036"}},"ef15ccfe-d110-4d39-84ed-1973c98021c5":{"alias":"spy_merchant_store","source":{"physicalTableId":"2c159aa3-abac-4d35-a7d3-acd90beada71"}}},"importMode":"SPICE","fieldFolders":{},"dataSetUsageConfiguration":{"disableUseAsDirectQuerySource":false,"disableUseAsImportedSource":false}}