{"resourceType":"dataset","dataSetId":"B2BMPSprykerDefaultDatasetMerchantProductOffer","name":"Merchant Product Offer","physicalTableMap":{"4cd39f76-c1e3-4122-9147-a3d0308e231e":{"relationalTable":{"dataSourceArn":"arn:aws:quicksight:AwsRegion:AwsAccountId:datasource/B2BMPSprykerDefaultDataSource","name":"spy_product","inputColumns":[{"name":"id_product","type":"INTEGER"},{"name":"fk_product_abstract","type":"INTEGER"},{"name":"attributes","type":"STRING"},{"name":"discount","type":"INTEGER"},{"name":"is_active","type":"BIT"},{"name":"is_quantity_splittable","type":"BIT"},{"name":"sku","type":"STRING"},{"name":"warehouses","type":"STRING"},{"name":"created_at","type":"DATETIME"},{"name":"updated_at","type":"DATETIME"}]}},"c626b2d5-3579-40b9-b757-2a389e683f05":{"relationalTable":{"dataSourceArn":"arn:aws:quicksight:AwsRegion:AwsAccountId:datasource/B2BMPSprykerDefaultDataSource","name":"spy_store","inputColumns":[{"name":"id_store","type":"INTEGER"},{"name":"fk_currency","type":"INTEGER"},{"name":"fk_locale","type":"INTEGER"},{"name":"name","type":"STRING"}]}},"22e5359a-06bd-4ce4-a37c-8cf7f8c6e48a":{"relationalTable":{"dataSourceArn":"arn:aws:quicksight:AwsRegion:AwsAccountId:datasource/B2BMPSprykerDefaultDataSource","name":"spy_product_offer","inputColumns":[{"name":"id_product_offer","type":"INTEGER"},{"name":"approval_status","type":"STRING"},{"name":"concrete_sku","type":"STRING"},{"name":"is_active","type":"BIT"},{"name":"merchant_reference","type":"STRING"},{"name":"merchant_sku","type":"STRING"},{"name":"product_offer_reference","type":"STRING"},{"name":"created_at","type":"DATETIME"},{"name":"updated_at","type":"DATETIME"}]}},"e57b22a4-5c09-4b48-9a69-6c26bd1a6a27":{"relationalTable":{"dataSourceArn":"arn:aws:quicksight:AwsRegion:AwsAccountId:datasource/B2BMPSprykerDefaultDataSource","name":"spy_product_offer_store","inputColumns":[{"name":"fk_product_offer","type":"INTEGER"},{"name":"fk_store","type":"INTEGER"}]}},"d4c2de62-009a-4a8a-92f4-3a4d7cd8e396":{"relationalTable":{"dataSourceArn":"arn:aws:quicksight:AwsRegion:AwsAccountId:datasource/B2BMPSprykerDefaultDataSource","name":"spy_merchant","inputColumns":[{"name":"id_merchant","type":"INTEGER"},{"name":"fk_state_machine_process","type":"INTEGER"},{"name":"default_product_abstract_approval_status","type":"STRING"},{"name":"email","type":"STRING"},{"name":"is_active","type":"BIT"},{"name":"is_open_for_relation_request","type":"BIT"},{"name":"merchant_reference","type":"STRING"},{"name":"name","type":"STRING"},{"name":"registration_number","type":"STRING"},{"name":"status","type":"STRING"},{"name":"created_at","type":"DATETIME"},{"name":"updated_at","type":"DATETIME"}]}},"316aeb79-c951-475d-9907-4333ee9fa207":{"relationalTable":{"dataSourceArn":"arn:aws:quicksight:AwsRegion:AwsAccountId:datasource/B2BMPSprykerDefaultDataSource","name":"spy_product_localized_attributes","inputColumns":[{"name":"id_product_attributes","type":"INTEGER"},{"name":"fk_locale","type":"INTEGER"},{"name":"fk_product","type":"INTEGER"},{"name":"attributes","type":"STRING"},{"name":"description","type":"STRING"},{"name":"is_complete","type":"BIT"},{"name":"name","type":"STRING"},{"name":"created_at","type":"DATETIME"},{"name":"updated_at","type":"DATETIME"}]}},"f31dfc66-9ae0-40f8-b728-a278bac533db":{"relationalTable":{"dataSourceArn":"arn:aws:quicksight:AwsRegion:AwsAccountId:datasource/B2BMPSprykerDefaultDataSource","name":"spy_locale","inputColumns":[{"name":"id_locale","type":"INTEGER"},{"name":"is_active","type":"BIT"},{"name":"locale_name","type":"STRING"}]}}},"logicalTableMap":{"3aac0005-a26d-4f67-8e2c-f09ced1870ac":{"alias":"Intermediate Table (3)","source":{"joinInstruction":{"leftOperand":"5f81df6b-3baa-41e6-8ccf-ffc52519c4cd","rightOperand":"c23a8480-7cf4-4696-bd13-6ac0d127f173","type":"LEFT","onClause":"{concrete_sku} = {sku}"}}},"f73d0dd8-883b-4057-8b5f-fbee569337b3":{"alias":"Intermediate Table","source":{"joinInstruction":{"leftOperand":"2273679b-dfec-4a61-9f1b-1cd4295c0ea3","rightOperand":"c0cfa27a-9701-46ea-a39d-c4a00efa8b5a","type":"LEFT","onClause":"{merchant_reference} = {merchant_reference[spy_merchant]}"}}},"5f81df6b-3baa-41e6-8ccf-ffc52519c4cd":{"alias":"Intermediate Table (2)","source":{"joinInstruction":{"leftOperand":"f73d0dd8-883b-4057-8b5f-fbee569337b3","rightOperand":"2bb4391d-5dcf-46ed-aed3-45783e62ca38","type":"LEFT","onClause":"{id_product_offer} = {fk_product_offer}"}}},"078479db-03d0-46ea-8d70-aa50e89dc2cb":{"alias":"spy_product_localized_attributes","dataTransforms":[{"renameColumnOperation":{"columnName":"fk_locale","newColumnName":"fk_locale[spy_product_localized_attributes]"}},{"renameColumnOperation":{"columnName":"attributes","newColumnName":"attributes[spy_product_localized_attributes]"}},{"renameColumnOperation":{"columnName":"name","newColumnName":"name[spy_product_localized_attributes]"}},{"renameColumnOperation":{"columnName":"created_at","newColumnName":"created_at[spy_product_localized_attributes]"}},{"renameColumnOperation":{"columnName":"updated_at","newColumnName":"updated_at[spy_product_localized_attributes]"}}],"source":{"physicalTableId":"316aeb79-c951-475d-9907-4333ee9fa207"}},"3c564cab-1815-4676-82f2-0a67e37570b9":{"alias":"spy_store","dataTransforms":[{"renameColumnOperation":{"columnName":"name","newColumnName":"store"}}],"source":{"physicalTableId":"c626b2d5-3579-40b9-b757-2a389e683f05"}},"7c6216d1-6d8f-4ba2-a585-1742ea9ddaa8":{"alias":"Intermediate Table (4)","source":{"joinInstruction":{"leftOperand":"3aac0005-a26d-4f67-8e2c-f09ced1870ac","rightOperand":"3c564cab-1815-4676-82f2-0a67e37570b9","type":"LEFT","onClause":"{fk_store} = {id_store}"}}},"d20f918b-b94f-44cd-9b58-7919d52cb5ff":{"alias":"spy_locale","dataTransforms":[{"renameColumnOperation":{"columnName":"is_active","newColumnName":"is_active[spy_locale]"}}],"source":{"physicalTableId":"f31dfc66-9ae0-40f8-b728-a278bac533db"}},"36e74beb-6cb4-4dc6-bbfd-f9a6a242200d":{"alias":"Intermediate Table (5)","source":{"joinInstruction":{"leftOperand":"7c6216d1-6d8f-4ba2-a585-1742ea9ddaa8","rightOperand":"078479db-03d0-46ea-8d70-aa50e89dc2cb","type":"LEFT","onClause":"{id_product} = {fk_product}"}}},"2273679b-dfec-4a61-9f1b-1cd4295c0ea3":{"alias":"spy_product_offer","source":{"physicalTableId":"22e5359a-06bd-4ce4-a37c-8cf7f8c6e48a"}},"c0cfa27a-9701-46ea-a39d-c4a00efa8b5a":{"alias":"spy_merchant","dataTransforms":[{"renameColumnOperation":{"columnName":"is_active","newColumnName":"is_active[spy_merchant]"}},{"renameColumnOperation":{"columnName":"merchant_reference","newColumnName":"merchant_reference[spy_merchant]"}},{"renameColumnOperation":{"columnName":"created_at","newColumnName":"created_at[spy_merchant]"}},{"renameColumnOperation":{"columnName":"updated_at","newColumnName":"updated_at[spy_merchant]"}}],"source":{"physicalTableId":"d4c2de62-009a-4a8a-92f4-3a4d7cd8e396"}},"23954d90-4d62-4d07-b0ec-45f8ac6c9a68":{"alias":"Intermediate Table (6)","dataTransforms":[{"filterOperation":{"conditionExpression":"{locale_name}=\"en_US\"","enabled":false,"inverse":false}},{"projectOperation":{"projectedColumns":["approval_status","concrete_sku","is_active","merchant_reference","merchant_sku","product_offer_reference","created_at","updated_at","default_product_abstract_approval_status","email","is_active[spy_merchant]","is_open_for_relation_request","name","registration_number","status","created_at[spy_merchant]","updated_at[spy_merchant]","attributes","discount","is_active[spy_product]","is_quantity_splittable","sku","warehouses","created_at[spy_product]","updated_at[spy_product]","store","attributes[spy_product_localized_attributes]","description","is_complete","name[spy_product_localized_attributes]","locale_name"]}}],"source":{"joinInstruction":{"leftOperand":"36e74beb-6cb4-4dc6-bbfd-f9a6a242200d","rightOperand":"d20f918b-b94f-44cd-9b58-7919d52cb5ff","type":"LEFT","onClause":"{fk_locale[spy_product_localized_attributes]} = {id_locale}"}}},"2bb4391d-5dcf-46ed-aed3-45783e62ca38":{"alias":"spy_product_offer_store","source":{"physicalTableId":"e57b22a4-5c09-4b48-9a69-6c26bd1a6a27"}},"c23a8480-7cf4-4696-bd13-6ac0d127f173":{"alias":"spy_product","dataTransforms":[{"renameColumnOperation":{"columnName":"is_active","newColumnName":"is_active[spy_product]"}},{"renameColumnOperation":{"columnName":"created_at","newColumnName":"created_at[spy_product]"}},{"renameColumnOperation":{"columnName":"updated_at","newColumnName":"updated_at[spy_product]"}}],"source":{"physicalTableId":"4cd39f76-c1e3-4122-9147-a3d0308e231e"}}},"importMode":"SPICE","fieldFolders":{},"dataSetUsageConfiguration":{"disableUseAsDirectQuerySource":false,"disableUseAsImportedSource":false}}