{"resourceType":"dataset","dataSetId":"B2BMPSprykerDefaultDatasetMerchantProductProductAbstract","name":"Merchant Product + Product Abstract","physicalTableMap":{"0ba1f867-93bc-41df-a557-caa55cb92f32":{"relationalTable":{"dataSourceArn":"arn:aws:quicksight:AwsRegion:AwsAccountId:datasource/B2BMPSprykerDefaultDataSource","name":"spy_merchant_product_abstract","inputColumns":[{"name":"id_merchant_product_abstract","type":"INTEGER"},{"name":"fk_merchant","type":"INTEGER"},{"name":"fk_product_abstract","type":"INTEGER"},{"name":"is_shared","type":"BIT"},{"name":"created_at","type":"DATETIME"},{"name":"updated_at","type":"DATETIME"}]}},"38327729-b89e-4497-9868-1e8948b57295":{"relationalTable":{"dataSourceArn":"arn:aws:quicksight:AwsRegion:AwsAccountId:datasource/B2BMPSprykerDefaultDataSource","name":"spy_locale","inputColumns":[{"name":"id_locale","type":"INTEGER"},{"name":"is_active","type":"BIT"},{"name":"locale_name","type":"STRING"}]}},"7388d21c-9d55-49b1-bb37-7f275d6b85e1":{"relationalTable":{"dataSourceArn":"arn:aws:quicksight:AwsRegion:AwsAccountId:datasource/B2BMPSprykerDefaultDataSource","name":"spy_product_abstract","inputColumns":[{"name":"id_product_abstract","type":"INTEGER"},{"name":"fk_tax_set","type":"INTEGER"},{"name":"approval_status","type":"STRING"},{"name":"attributes","type":"STRING"},{"name":"color_code","type":"STRING"},{"name":"new_from","type":"DATETIME"},{"name":"new_to","type":"DATETIME"},{"name":"sku","type":"STRING"},{"name":"created_at","type":"DATETIME"},{"name":"updated_at","type":"DATETIME"}]}},"c2d0b068-3f57-417d-bdfb-8feb7b789533":{"relationalTable":{"dataSourceArn":"arn:aws:quicksight:AwsRegion:AwsAccountId:datasource/B2BMPSprykerDefaultDataSource","name":"spy_merchant","inputColumns":[{"name":"id_merchant","type":"INTEGER"},{"name":"fk_state_machine_process","type":"INTEGER"},{"name":"default_product_abstract_approval_status","type":"STRING"},{"name":"email","type":"STRING"},{"name":"is_active","type":"BIT"},{"name":"is_open_for_relation_request","type":"BIT"},{"name":"merchant_reference","type":"STRING"},{"name":"name","type":"STRING"},{"name":"registration_number","type":"STRING"},{"name":"status","type":"STRING"},{"name":"created_at","type":"DATETIME"},{"name":"updated_at","type":"DATETIME"}]}},"44d671a1-cbd6-4288-8976-e0c7454fa3d5":{"relationalTable":{"dataSourceArn":"arn:aws:quicksight:AwsRegion:AwsAccountId:datasource/B2BMPSprykerDefaultDataSource","name":"spy_product_abstract_localized_attributes","inputColumns":[{"name":"id_abstract_attributes","type":"INTEGER"},{"name":"fk_locale","type":"INTEGER"},{"name":"fk_product_abstract","type":"INTEGER"},{"name":"attributes","type":"STRING"},{"name":"description","type":"STRING"},{"name":"meta_description","type":"STRING"},{"name":"meta_keywords","type":"STRING"},{"name":"meta_title","type":"STRING"},{"name":"name","type":"STRING"},{"name":"created_at","type":"DATETIME"},{"name":"updated_at","type":"DATETIME"}]}},"949e673f-4a8d-4edd-838d-801237e04227":{"relationalTable":{"dataSourceArn":"arn:aws:quicksight:AwsRegion:AwsAccountId:datasource/B2BMPSprykerDefaultDataSource","name":"spy_product_abstract_store","inputColumns":[{"name":"id_product_abstract_store","type":"INTEGER"},{"name":"fk_product_abstract","type":"INTEGER"},{"name":"fk_store","type":"INTEGER"}]}},"9864a2f6-2f84-46b7-84a4-5b8e5cb0bc9c":{"customSql":{"dataSourceArn":"arn:aws:quicksight:AwsRegion:AwsAccountId:datasource/B2BMPSprykerDefaultDataSource","name":"Is Active Abstract Product","sqlQuery":"SELECT spy_product_abstract.id_product_abstract, (SUM(spy_product.is_active) >= 1) as is_active_product_abstract\nFROM spy_product_abstract\nLEFT JOIN spy_product ON spy_product_abstract.id_product_abstract = spy_product.fk_product_abstract\nGROUP BY spy_product_abstract.id_product_abstract","columns":[{"name":"id_product_abstract","type":"INTEGER"},{"name":"is_active_product_abstract","type":"INTEGER"}]}},"c313a45f-85dd-411e-9c69-4dd8990dad3c":{"relationalTable":{"dataSourceArn":"arn:aws:quicksight:AwsRegion:AwsAccountId:datasource/B2BMPSprykerDefaultDataSource","name":"spy_store","inputColumns":[{"name":"id_store","type":"INTEGER"},{"name":"fk_currency","type":"INTEGER"},{"name":"fk_locale","type":"INTEGER"},{"name":"name","type":"STRING"}]}}},"logicalTableMap":{"2a38b110-ea29-487f-a40c-5d3041678b06":{"alias":"Intermediate Table (4)","source":{"joinInstruction":{"leftOperand":"c1731907-a443-4766-9278-e56fb7ceb771","rightOperand":"6e36f03d-b224-4cc3-8441-56b685aa74f4","rightJoinKeyProperties":{"uniqueKey":true},"type":"LEFT","onClause":"{fk_product_abstract[spy_product_abstract_localized_attributes]} = {id_product_abstract}"}}},"c1731907-a443-4766-9278-e56fb7ceb771":{"alias":"Intermediate Table (3)","source":{"joinInstruction":{"leftOperand":"865a121a-a9f1-41e8-85cc-0c1731507dce","rightOperand":"e181009b-0227-455e-801e-9c0a09e4ebf8","rightJoinKeyProperties":{"uniqueKey":true},"type":"LEFT","onClause":"{fk_locale} = {id_locale}"}}},"d6eb20dc-a697-45c4-81c2-058e86c0410e":{"alias":"Intermediate Table (7)","dataTransforms":[{"filterOperation":{"conditionExpression":"{locale_name}=\"en_US\"","enabled":false,"inverse":false}},{"projectOperation":{"projectedColumns":["is_shared","created_at","updated_at","default_product_abstract_approval_status","email","is_active","is_open_for_relation_request","merchant_reference","name","registration_number","status","created_at[spy_merchant]","updated_at[spy_merchant]","attributes","description","meta_description","meta_keywords","meta_title","name[spy_product_abstract_localized_attributes]","created_at[spy_product_abstract_localized_attributes]","updated_at[spy_product_abstract_localized_attributes]","locale_name","approval_status","attributes[spy_product_abstract]","color_code","new_from","new_to","sku","created_at[spy_product_abstract]","updated_at[spy_product_abstract]","is_active_product_abstract","store"]}}],"source":{"joinInstruction":{"leftOperand":"35332953-b575-4a9f-bcbb-955b42950b27","rightOperand":"41809d0c-c53c-48f0-85dd-dbc232a772e2","type":"LEFT","onClause":"{fk_store} = {id_store}"}}},"4d258e97-c788-4740-a5af-5def63b9b3b2":{"alias":"Intermediate Table (5)","source":{"joinInstruction":{"leftOperand":"2a38b110-ea29-487f-a40c-5d3041678b06","rightOperand":"e6dcb5f9-699c-4c5d-8e97-2a693f7c3e75","leftJoinKeyProperties":{"uniqueKey":true},"type":"LEFT","onClause":"{id_product_abstract} = {fk_product_abstract[spy_product_abstract_store]}"}}},"5a1adc33-d652-4062-a2c1-11224b81a9f2":{"alias":"spy_product_abstract_localized_attributes","dataTransforms":[{"renameColumnOperation":{"columnName":"fk_product_abstract","newColumnName":"fk_product_abstract[spy_product_abstract_localized_attributes]"}},{"renameColumnOperation":{"columnName":"name","newColumnName":"name[spy_product_abstract_localized_attributes]"}},{"renameColumnOperation":{"columnName":"created_at","newColumnName":"created_at[spy_product_abstract_localized_attributes]"}},{"renameColumnOperation":{"columnName":"updated_at","newColumnName":"updated_at[spy_product_abstract_localized_attributes]"}}],"source":{"physicalTableId":"44d671a1-cbd6-4288-8976-e0c7454fa3d5"}},"8bf46ace-d460-45f1-b80a-3f1c844c8b95":{"alias":"spy_merchant","dataTransforms":[{"renameColumnOperation":{"columnName":"created_at","newColumnName":"created_at[spy_merchant]"}},{"renameColumnOperation":{"columnName":"updated_at","newColumnName":"updated_at[spy_merchant]"}}],"source":{"physicalTableId":"c2d0b068-3f57-417d-bdfb-8feb7b789533"}},"e181009b-0227-455e-801e-9c0a09e4ebf8":{"alias":"spy_locale","dataTransforms":[{"renameColumnOperation":{"columnName":"is_active","newColumnName":"is_active[spy_locale]"}}],"source":{"physicalTableId":"38327729-b89e-4497-9868-1e8948b57295"}},"e6dcb5f9-699c-4c5d-8e97-2a693f7c3e75":{"alias":"spy_product_abstract_store","dataTransforms":[{"renameColumnOperation":{"columnName":"fk_product_abstract","newColumnName":"fk_product_abstract[spy_product_abstract_store]"}}],"source":{"physicalTableId":"949e673f-4a8d-4edd-838d-801237e04227"}},"530f29fa-d0b3-4e05-8b55-00db3415cbec":{"alias":"spy_merchant_product_abstract","source":{"physicalTableId":"0ba1f867-93bc-41df-a557-caa55cb92f32"}},"865a121a-a9f1-41e8-85cc-0c1731507dce":{"alias":"Intermediate Table (2)","source":{"joinInstruction":{"leftOperand":"bcc733fd-9e72-4a54-ae36-a2c3e8345d0a","rightOperand":"5a1adc33-d652-4062-a2c1-11224b81a9f2","type":"LEFT","onClause":"{fk_product_abstract} = {fk_product_abstract[spy_product_abstract_localized_attributes]}"}}},"41809d0c-c53c-48f0-85dd-dbc232a772e2":{"alias":"spy_store","dataTransforms":[{"renameColumnOperation":{"columnName":"fk_locale","newColumnName":"fk_locale[spy_store]"}},{"renameColumnOperation":{"columnName":"name","newColumnName":"store"}}],"source":{"physicalTableId":"c313a45f-85dd-411e-9c69-4dd8990dad3c"}},"6e36f03d-b224-4cc3-8441-56b685aa74f4":{"alias":"spy_product_abstract","dataTransforms":[{"renameColumnOperation":{"columnName":"attributes","newColumnName":"attributes[spy_product_abstract]"}},{"renameColumnOperation":{"columnName":"created_at","newColumnName":"created_at[spy_product_abstract]"}},{"renameColumnOperation":{"columnName":"updated_at","newColumnName":"updated_at[spy_product_abstract]"}}],"source":{"physicalTableId":"7388d21c-9d55-49b1-bb37-7f275d6b85e1"}},"ba40b893-7b5b-4210-8c63-5870724fb782":{"alias":"Is Active Abstract Product","dataTransforms":[{"renameColumnOperation":{"columnName":"id_product_abstract","newColumnName":"id_product_abstract[Is Active Abstract Product]"}}],"source":{"physicalTableId":"9864a2f6-2f84-46b7-84a4-5b8e5cb0bc9c"}},"bcc733fd-9e72-4a54-ae36-a2c3e8345d0a":{"alias":"Intermediate Table","source":{"joinInstruction":{"leftOperand":"530f29fa-d0b3-4e05-8b55-00db3415cbec","rightOperand":"8bf46ace-d460-45f1-b80a-3f1c844c8b95","rightJoinKeyProperties":{"uniqueKey":true},"type":"LEFT","onClause":"{fk_merchant} = {id_merchant}"}}},"35332953-b575-4a9f-bcbb-955b42950b27":{"alias":"Intermediate Table (6)","source":{"joinInstruction":{"leftOperand":"4d258e97-c788-4740-a5af-5def63b9b3b2","rightOperand":"ba40b893-7b5b-4210-8c63-5870724fb782","type":"LEFT","onClause":"{id_product_abstract} = {id_product_abstract[Is Active Abstract Product]}"}}}},"importMode":"SPICE","fieldFolders":{},"dataSetUsageConfiguration":{"disableUseAsDirectQuerySource":false,"disableUseAsImportedSource":false}}