{"resourceType":"dataset","dataSetId":"B2BMPSprykerDefaultDatasetMerchantOrderCategory","name":"Merchant Order + Category","physicalTableMap":{"062e8a1b-a6a7-46e6-aad3-48e8da2c9369":{"relationalTable":{"dataSourceArn":"arn:aws:quicksight:AwsRegion:AwsAccountId:datasource/B2BMPSprykerDefaultDataSource","name":"spy_merchant","inputColumns":[{"name":"id_merchant","type":"INTEGER"},{"name":"fk_state_machine_process","type":"INTEGER"},{"name":"default_product_abstract_approval_status","type":"STRING"},{"name":"email","type":"STRING"},{"name":"is_active","type":"BIT"},{"name":"is_open_for_relation_request","type":"BIT"},{"name":"merchant_reference","type":"STRING"},{"name":"name","type":"STRING"},{"name":"registration_number","type":"STRING"},{"name":"status","type":"STRING"},{"name":"created_at","type":"DATETIME"},{"name":"updated_at","type":"DATETIME"}]}},"bcb9fdf7-0275-484a-a9bf-928835f1a18c":{"relationalTable":{"dataSourceArn":"arn:aws:quicksight:AwsRegion:AwsAccountId:datasource/B2BMPSprykerDefaultDataSource","name":"spy_locale","inputColumns":[{"name":"id_locale","type":"INTEGER"},{"name":"is_active","type":"BIT"},{"name":"locale_name","type":"STRING"}]}},"ef87a48a-5dbb-4902-8898-b3923fa18e1e":{"relationalTable":{"dataSourceArn":"arn:aws:quicksight:AwsRegion:AwsAccountId:datasource/B2BMPSprykerDefaultDataSource","name":"spy_merchant_sales_order_item","inputColumns":[{"name":"id_merchant_sales_order_item","type":"INTEGER"},{"name":"fk_merchant_sales_order","type":"INTEGER"},{"name":"fk_sales_order_item","type":"INTEGER"},{"name":"fk_state_machine_item_state","type":"INTEGER"},{"name":"merchant_order_item_reference","type":"STRING"},{"name":"created_at","type":"DATETIME"},{"name":"updated_at","type":"DATETIME"}]}},"21ed9baa-9d09-4001-878c-6eb0a1422d6b":{"relationalTable":{"dataSourceArn":"arn:aws:quicksight:AwsRegion:AwsAccountId:datasource/B2BMPSprykerDefaultDataSource","name":"spy_sales_order_item","inputColumns":[{"name":"id_sales_order_item","type":"INTEGER"},{"name":"fk_oms_order_item_state","type":"INTEGER"},{"name":"fk_oms_order_process","type":"INTEGER"},{"name":"fk_sales_order","type":"INTEGER"},{"name":"fk_sales_order_item_bundle","type":"INTEGER"},{"name":"fk_sales_shipment","type":"INTEGER"},{"name":"amount","type":"DECIMAL","subType":"FIXED"},{"name":"amount_base_measurement_unit_name","type":"STRING"},{"name":"amount_measurement_unit_code","type":"STRING"},{"name":"amount_measurement_unit_conversion","type":"DECIMAL","subType":"FLOAT"},{"name":"amount_measurement_unit_name","type":"STRING"},{"name":"amount_measurement_unit_precision","type":"INTEGER"},{"name":"amount_sku","type":"STRING"},{"name":"canceled_amount","type":"INTEGER"},{"name":"cart_note","type":"STRING"},{"name":"discount_amount_aggregation","type":"INTEGER"},{"name":"discount_amount_full_aggregation","type":"INTEGER"},{"name":"expense_price_aggregation","type":"INTEGER"},{"name":"gross_price","type":"INTEGER"},{"name":"group_key","type":"STRING"},{"name":"is_quantity_splittable","type":"BIT"},{"name":"last_state_change","type":"DATETIME"},{"name":"merchant_commission_amount_aggregation","type":"INTEGER"},{"name":"merchant_commission_amount_full_aggregation","type":"INTEGER"},{"name":"merchant_commission_refunded_amount","type":"INTEGER"},{"name":"merchant_reference","type":"STRING"},{"name":"name","type":"STRING"},{"name":"net_price","type":"INTEGER"},{"name":"order_item_reference","type":"STRING"},{"name":"price","type":"INTEGER"},{"name":"price_to_pay_aggregation","type":"INTEGER"},{"name":"product_offer_reference","type":"STRING"},{"name":"product_option_price_aggregation","type":"INTEGER"},{"name":"quantity","type":"INTEGER"},{"name":"quantity_base_measurement_unit_name","type":"STRING"},{"name":"quantity_measurement_unit_code","type":"STRING"},{"name":"quantity_measurement_unit_conversion","type":"DECIMAL","subType":"FLOAT"},{"name":"quantity_measurement_unit_name","type":"STRING"},{"name":"quantity_measurement_unit_precision","type":"INTEGER"},{"name":"refundable_amount","type":"INTEGER"},{"name":"remuneration_amount","type":"INTEGER"},{"name":"sku","type":"STRING"},{"name":"subtotal_aggregation","type":"INTEGER"},{"name":"tax_amount","type":"INTEGER"},{"name":"tax_amount_after_cancellation","type":"INTEGER"},{"name":"tax_amount_full_aggregation","type":"INTEGER"},{"name":"tax_rate","type":"DECIMAL","subType":"FIXED"},{"name":"tax_rate_average_aggregation","type":"DECIMAL","subType":"FIXED"},{"name":"uuid","type":"STRING"},{"name":"created_at","type":"DATETIME"},{"name":"updated_at","type":"DATETIME"}]}},"742fee3c-a76a-40fd-aa4b-3107f7354ba7":{"relationalTable":{"dataSourceArn":"arn:aws:quicksight:AwsRegion:AwsAccountId:datasource/B2BMPSprykerDefaultDataSource","name":"spy_product","inputColumns":[{"name":"id_product","type":"INTEGER"},{"name":"fk_product_abstract","type":"INTEGER"},{"name":"attributes","type":"STRING"},{"name":"discount","type":"INTEGER"},{"name":"is_active","type":"BIT"},{"name":"is_quantity_splittable","type":"BIT"},{"name":"sku","type":"STRING"},{"name":"warehouses","type":"STRING"},{"name":"created_at","type":"DATETIME"},{"name":"updated_at","type":"DATETIME"}]}},"151ed5d5-0542-4086-beca-bc6127dc32f7":{"relationalTable":{"dataSourceArn":"arn:aws:quicksight:AwsRegion:AwsAccountId:datasource/B2BMPSprykerDefaultDataSource","name":"spy_product_abstract","inputColumns":[{"name":"id_product_abstract","type":"INTEGER"},{"name":"fk_tax_set","type":"INTEGER"},{"name":"approval_status","type":"STRING"},{"name":"attributes","type":"STRING"},{"name":"color_code","type":"STRING"},{"name":"new_from","type":"DATETIME"},{"name":"new_to","type":"DATETIME"},{"name":"sku","type":"STRING"},{"name":"created_at","type":"DATETIME"},{"name":"updated_at","type":"DATETIME"}]}},"06f2bc4c-4ff0-4e8d-9119-a6d2d14e58d1":{"relationalTable":{"dataSourceArn":"arn:aws:quicksight:AwsRegion:AwsAccountId:datasource/B2BMPSprykerDefaultDataSource","name":"spy_merchant_sales_order","inputColumns":[{"name":"id_merchant_sales_order","type":"INTEGER"},{"name":"fk_sales_order","type":"INTEGER"},{"name":"merchant_reference","type":"STRING"},{"name":"merchant_sales_order_reference","type":"STRING"},{"name":"created_at","type":"DATETIME"},{"name":"updated_at","type":"DATETIME"}]}},"45c9796e-a76b-4f27-a628-33fd2402b89b":{"relationalTable":{"dataSourceArn":"arn:aws:quicksight:AwsRegion:AwsAccountId:datasource/B2BMPSprykerDefaultDataSource","name":"spy_category_attribute","inputColumns":[{"name":"id_category_attribute","type":"INTEGER"},{"name":"fk_category","type":"INTEGER"},{"name":"fk_locale","type":"INTEGER"},{"name":"category_image_name","type":"STRING"},{"name":"meta_description","type":"STRING"},{"name":"meta_keywords","type":"STRING"},{"name":"meta_title","type":"STRING"},{"name":"name","type":"STRING"},{"name":"created_at","type":"DATETIME"},{"name":"updated_at","type":"DATETIME"}]}},"8fce9616-7d35-450c-84dd-f1b9b164f9cf":{"relationalTable":{"dataSourceArn":"arn:aws:quicksight:AwsRegion:AwsAccountId:datasource/B2BMPSprykerDefaultDataSource","name":"spy_category","inputColumns":[{"name":"id_category","type":"INTEGER"},{"name":"fk_category_template","type":"INTEGER"},{"name":"category_key","type":"STRING"},{"name":"is_active","type":"BIT"},{"name":"is_clickable","type":"BIT"},{"name":"is_in_menu","type":"BIT"},{"name":"is_searchable","type":"BIT"}]}},"91cdee3f-9644-4477-ab06-94a6d928322f":{"relationalTable":{"dataSourceArn":"arn:aws:quicksight:AwsRegion:AwsAccountId:datasource/B2BMPSprykerDefaultDataSource","name":"spy_oms_order_item_state","inputColumns":[{"name":"id_oms_order_item_state","type":"INTEGER"},{"name":"description","type":"STRING"},{"name":"name","type":"STRING"}]}},"1afe0b47-f47d-495d-93ae-35c4d30d0505":{"relationalTable":{"dataSourceArn":"arn:aws:quicksight:AwsRegion:AwsAccountId:datasource/B2BMPSprykerDefaultDataSource","name":"spy_sales_order","inputColumns":[{"name":"id_sales_order","type":"INTEGER"},{"name":"fk_locale","type":"INTEGER"},{"name":"fk_order_source","type":"INTEGER"},{"name":"fk_sales_order_address_billing","type":"INTEGER"},{"name":"fk_sales_order_address_shipping","type":"INTEGER"},{"name":"cart_note","type":"STRING"},{"name":"company_business_unit_uuid","type":"STRING"},{"name":"company_uuid","type":"STRING"},{"name":"currency_iso_code","type":"STRING"},{"name":"customer_reference","type":"STRING"},{"name":"email","type":"STRING"},{"name":"first_name","type":"STRING"},{"name":"is_test","type":"BIT"},{"name":"last_name","type":"STRING"},{"name":"oms_processor_identifier","type":"INTEGER"},{"name":"order_custom_reference","type":"STRING"},{"name":"order_reference","type":"STRING"},{"name":"price_mode","type":"INTEGER"},{"name":"salutation","type":"INTEGER"},{"name":"store","type":"STRING"},{"name":"created_at","type":"DATETIME"},{"name":"updated_at","type":"DATETIME"},{"name":"uuid","type":"STRING"}]}},"19132a41-084e-4c83-8d7b-6e946863a018":{"relationalTable":{"dataSourceArn":"arn:aws:quicksight:AwsRegion:AwsAccountId:datasource/B2BMPSprykerDefaultDataSource","name":"spy_product_category","inputColumns":[{"name":"id_product_category","type":"INTEGER"},{"name":"fk_category","type":"INTEGER"},{"name":"fk_product_abstract","type":"INTEGER"},{"name":"product_order","type":"INTEGER"}]}}},"logicalTableMap":{"19a1efe9-3f77-48c8-9831-50b50e4a5344":{"alias":"spy_merchant_sales_order","dataTransforms":[{"renameColumnOperation":{"columnName":"created_at","newColumnName":"created_at[spy_merchant_sales_order]"}},{"renameColumnOperation":{"columnName":"updated_at","newColumnName":"updated_at[spy_merchant_sales_order]"}}],"source":{"physicalTableId":"06f2bc4c-4ff0-4e8d-9119-a6d2d14e58d1"}},"4c0cbdab-05e8-4c63-8e22-d71263211921":{"alias":"spy_product_category","dataTransforms":[{"renameColumnOperation":{"columnName":"fk_product_abstract","newColumnName":"fk_product_abstract[spy_product_category]"}}],"source":{"physicalTableId":"19132a41-084e-4c83-8d7b-6e946863a018"}},"c6947ff8-ec36-4f8e-a8b7-7be8d8cb2f80":{"alias":"spy_category","dataTransforms":[{"renameColumnOperation":{"columnName":"is_active","newColumnName":"is_active[spy_category]"}}],"source":{"physicalTableId":"8fce9616-7d35-450c-84dd-f1b9b164f9cf"}},"8cbd112e-b031-47c2-9bd0-60c289c9e97b":{"alias":"spy_product_abstract","dataTransforms":[{"renameColumnOperation":{"columnName":"attributes","newColumnName":"attributes[spy_product_abstract]"}},{"renameColumnOperation":{"columnName":"sku","newColumnName":"sku[spy_product_abstract]"}},{"renameColumnOperation":{"columnName":"created_at","newColumnName":"created_at[spy_product_abstract]"}},{"renameColumnOperation":{"columnName":"updated_at","newColumnName":"updated_at[spy_product_abstract]"}}],"source":{"physicalTableId":"151ed5d5-0542-4086-beca-bc6127dc32f7"}},"cb6059c3-3b04-4bdd-a9de-ec0d8bf1d77c":{"alias":"Intermediate Table (9)","source":{"joinInstruction":{"leftOperand":"89d4ec53-60b9-4c7d-b875-01135bc3895c","rightOperand":"c6947ff8-ec36-4f8e-a8b7-7be8d8cb2f80","rightJoinKeyProperties":{"uniqueKey":true},"type":"LEFT","onClause":"{fk_category} = {id_category}"}}},"15da85a5-a1ed-4739-ae9b-5f8bc8e4ea63":{"alias":"spy_category_attribute","dataTransforms":[{"renameColumnOperation":{"columnName":"fk_category","newColumnName":"fk_category[spy_category_attribute]"}},{"renameColumnOperation":{"columnName":"fk_locale","newColumnName":"fk_locale[spy_category_attribute]"}},{"renameColumnOperation":{"columnName":"name","newColumnName":"name[spy_category_attribute]"}},{"renameColumnOperation":{"columnName":"created_at","newColumnName":"created_at[spy_category_attribute]"}},{"renameColumnOperation":{"columnName":"updated_at","newColumnName":"updated_at[spy_category_attribute]"}}],"source":{"physicalTableId":"45c9796e-a76b-4f27-a628-33fd2402b89b"}},"4495cd16-fca7-418c-9eb9-5b5a59115548":{"alias":"Intermediate Table (11)","dataTransforms":[{"createColumnsOperation":{"columns":[{"columnName":"formatted_price_to_pay","columnId":"26650557-c02c-40e5-962b-0aa1b815928b","expression":"{price_to_pay_aggregation}/100"}]}},{"filterOperation":{"conditionExpression":"{locale_name}=\"en_US\"","enabled":false,"inverse":false}},{"projectOperation":{"projectedColumns":["merchant_order_item_reference","created_at","updated_at","merchant_reference","merchant_sales_order_reference","created_at[spy_merchant_sales_order]","updated_at[spy_merchant_sales_order]","amount","amount_base_measurement_unit_name","amount_measurement_unit_code","amount_measurement_unit_conversion","amount_measurement_unit_name","amount_measurement_unit_precision","amount_sku","canceled_amount","cart_note","discount_amount_aggregation","discount_amount_full_aggregation","expense_price_aggregation","gross_price","group_key","is_quantity_splittable","last_state_change","merchant_commission_amount_aggregation","merchant_commission_amount_full_aggregation","merchant_commission_refunded_amount","merchant_reference[spy_sales_order_item]","name","net_price","order_item_reference","price","price_to_pay_aggregation","product_offer_reference","product_option_price_aggregation","quantity","quantity_base_measurement_unit_name","quantity_measurement_unit_code","quantity_measurement_unit_conversion","quantity_measurement_unit_name","quantity_measurement_unit_precision","refundable_amount","remuneration_amount","sku","subtotal_aggregation","tax_amount","tax_amount_after_cancellation","tax_amount_full_aggregation","tax_rate","tax_rate_average_aggregation","uuid","created_at[spy_sales_order_item]","updated_at[spy_sales_order_item]","default_product_abstract_approval_status","email","is_active","is_open_for_relation_request","merchant_reference[spy_merchant]","name[spy_merchant]","registration_number","status","created_at[spy_merchant]","updated_at[spy_merchant]","description","name[spy_oms_order_item_state]","cart_note[spy_sales_order]","company_business_unit_uuid","company_uuid","currency_iso_code","customer_reference","email[spy_sales_order]","first_name","is_test","last_name","oms_processor_identifier","order_custom_reference","order_reference","price_mode","salutation","store","created_at[spy_sales_order]","updated_at[spy_sales_order]","attributes","discount","is_active[spy_product]","is_quantity_splittable[spy_product]","sku[spy_product]","warehouses","created_at[spy_product]","updated_at[spy_product]","id_product_abstract","fk_tax_set","approval_status","attributes[spy_product_abstract]","color_code","new_from","new_to","sku[spy_product_abstract]","created_at[spy_product_abstract]","updated_at[spy_product_abstract]","product_order","category_key","is_active[spy_category]","is_clickable","is_in_menu","is_searchable","category_image_name","meta_description","meta_keywords","meta_title","name[spy_category_attribute]","created_at[spy_category_attribute]","updated_at[spy_category_attribute]","locale_name","formatted_price_to_pay"]}}],"source":{"joinInstruction":{"leftOperand":"21deba0e-2cb6-4db8-9fef-0ad3bfdd8d2e","rightOperand":"38113f10-672c-4c36-a759-f4162dd33228","rightJoinKeyProperties":{"uniqueKey":true},"type":"LEFT","onClause":"{fk_locale[spy_category_attribute]} = {id_locale}"}}},"b693ea84-ba07-4d05-baea-a157d19ae2c1":{"alias":"spy_oms_order_item_state","dataTransforms":[{"renameColumnOperation":{"columnName":"name","newColumnName":"name[spy_oms_order_item_state]"}}],"source":{"physicalTableId":"91cdee3f-9644-4477-ab06-94a6d928322f"}},"37d5cfe2-dfeb-47c0-a7af-3abc738ef9f2":{"alias":"Intermediate Table (3)","source":{"joinInstruction":{"leftOperand":"8a0f76dc-1077-4a3c-95aa-092a233c08dd","rightOperand":"145430ee-8720-436d-a902-9e541ea622ae","type":"LEFT","onClause":"{merchant_reference} = {merchant_reference[spy_merchant]}"}}},"acf555b6-d470-46cb-99fe-e48ad9b4d0a5":{"alias":"Intermediate Table (5)","source":{"joinInstruction":{"leftOperand":"8daf6f4e-c67f-4762-84c7-29e652db5b7f","rightOperand":"af608a7f-2b8a-4299-a815-0409bb5fa978","rightJoinKeyProperties":{"uniqueKey":true},"type":"LEFT","onClause":"{fk_sales_order[spy_sales_order_item]} = {id_sales_order}"}}},"145430ee-8720-436d-a902-9e541ea622ae":{"alias":"spy_merchant","dataTransforms":[{"renameColumnOperation":{"columnName":"merchant_reference","newColumnName":"merchant_reference[spy_merchant]"}},{"renameColumnOperation":{"columnName":"name","newColumnName":"name[spy_merchant]"}},{"renameColumnOperation":{"columnName":"created_at","newColumnName":"created_at[spy_merchant]"}},{"renameColumnOperation":{"columnName":"updated_at","newColumnName":"updated_at[spy_merchant]"}}],"source":{"physicalTableId":"062e8a1b-a6a7-46e6-aad3-48e8da2c9369"}},"89d4ec53-60b9-4c7d-b875-01135bc3895c":{"alias":"Intermediate Table (8)","source":{"joinInstruction":{"leftOperand":"2bd78db6-f6e5-407f-86f7-c0a266efe02c","rightOperand":"4c0cbdab-05e8-4c63-8e22-d71263211921","leftJoinKeyProperties":{"uniqueKey":true},"type":"LEFT","onClause":"{id_product_abstract} = {fk_product_abstract[spy_product_category]}"}}},"2bd78db6-f6e5-407f-86f7-c0a266efe02c":{"alias":"Intermediate Table (7)","source":{"joinInstruction":{"leftOperand":"a9fce090-6162-4c3a-b08a-3a8994b6025a","rightOperand":"8cbd112e-b031-47c2-9bd0-60c289c9e97b","rightJoinKeyProperties":{"uniqueKey":true},"type":"LEFT","onClause":"{fk_product_abstract} = {id_product_abstract}"}}},"f025b804-c7d7-4006-b709-1e117f4617ab":{"alias":"Intermediate Table","source":{"joinInstruction":{"leftOperand":"30b992e7-f0e2-450b-8d6c-6de3cd853d62","rightOperand":"19a1efe9-3f77-48c8-9831-50b50e4a5344","rightJoinKeyProperties":{"uniqueKey":true},"type":"LEFT","onClause":"{fk_merchant_sales_order} = {id_merchant_sales_order}"}}},"21deba0e-2cb6-4db8-9fef-0ad3bfdd8d2e":{"alias":"Intermediate Table (10)","source":{"joinInstruction":{"leftOperand":"cb6059c3-3b04-4bdd-a9de-ec0d8bf1d77c","rightOperand":"15da85a5-a1ed-4739-ae9b-5f8bc8e4ea63","leftJoinKeyProperties":{"uniqueKey":true},"type":"LEFT","onClause":"{id_category} = {fk_category[spy_category_attribute]}"}}},"30b992e7-f0e2-450b-8d6c-6de3cd853d62":{"alias":"spy_merchant_sales_order_item","source":{"physicalTableId":"ef87a48a-5dbb-4902-8898-b3923fa18e1e"}},"8a0f76dc-1077-4a3c-95aa-092a233c08dd":{"alias":"Intermediate Table (2)","source":{"joinInstruction":{"leftOperand":"f025b804-c7d7-4006-b709-1e117f4617ab","rightOperand":"525a0c6c-048e-4e03-9602-f766c5602571","rightJoinKeyProperties":{"uniqueKey":true},"type":"LEFT","onClause":"{fk_sales_order_item} = {id_sales_order_item}"}}},"af608a7f-2b8a-4299-a815-0409bb5fa978":{"alias":"spy_sales_order","dataTransforms":[{"renameColumnOperation":{"columnName":"cart_note","newColumnName":"cart_note[spy_sales_order]"}},{"renameColumnOperation":{"columnName":"email","newColumnName":"email[spy_sales_order]"}},{"renameColumnOperation":{"columnName":"created_at","newColumnName":"created_at[spy_sales_order]"}},{"renameColumnOperation":{"columnName":"updated_at","newColumnName":"updated_at[spy_sales_order]"}},{"renameColumnOperation":{"columnName":"uuid","newColumnName":"uuid[spy_sales_order]"}}],"source":{"physicalTableId":"1afe0b47-f47d-495d-93ae-35c4d30d0505"}},"0cc052eb-2e8d-4161-837e-413e40c34048":{"alias":"spy_product","dataTransforms":[{"renameColumnOperation":{"columnName":"is_active","newColumnName":"is_active[spy_product]"}},{"renameColumnOperation":{"columnName":"is_quantity_splittable","newColumnName":"is_quantity_splittable[spy_product]"}},{"renameColumnOperation":{"columnName":"sku","newColumnName":"sku[spy_product]"}},{"renameColumnOperation":{"columnName":"created_at","newColumnName":"created_at[spy_product]"}},{"renameColumnOperation":{"columnName":"updated_at","newColumnName":"updated_at[spy_product]"}}],"source":{"physicalTableId":"742fee3c-a76a-40fd-aa4b-3107f7354ba7"}},"38113f10-672c-4c36-a759-f4162dd33228":{"alias":"spy_locale","dataTransforms":[{"renameColumnOperation":{"columnName":"is_active","newColumnName":"is_active[spy_locale]"}}],"source":{"physicalTableId":"bcb9fdf7-0275-484a-a9bf-928835f1a18c"}},"525a0c6c-048e-4e03-9602-f766c5602571":{"alias":"spy_sales_order_item","dataTransforms":[{"renameColumnOperation":{"columnName":"fk_sales_order","newColumnName":"fk_sales_order[spy_sales_order_item]"}},{"renameColumnOperation":{"columnName":"merchant_reference","newColumnName":"merchant_reference[spy_sales_order_item]"}},{"renameColumnOperation":{"columnName":"created_at","newColumnName":"created_at[spy_sales_order_item]"}},{"renameColumnOperation":{"columnName":"updated_at","newColumnName":"updated_at[spy_sales_order_item]"}}],"source":{"physicalTableId":"21ed9baa-9d09-4001-878c-6eb0a1422d6b"}},"8daf6f4e-c67f-4762-84c7-29e652db5b7f":{"alias":"Intermediate Table (4)","source":{"joinInstruction":{"leftOperand":"37d5cfe2-dfeb-47c0-a7af-3abc738ef9f2","rightOperand":"b693ea84-ba07-4d05-baea-a157d19ae2c1","rightJoinKeyProperties":{"uniqueKey":true},"type":"LEFT","onClause":"{fk_oms_order_item_state} = {id_oms_order_item_state}"}}},"a9fce090-6162-4c3a-b08a-3a8994b6025a":{"alias":"Intermediate Table (6)","source":{"joinInstruction":{"leftOperand":"acf555b6-d470-46cb-99fe-e48ad9b4d0a5","rightOperand":"0cc052eb-2e8d-4161-837e-413e40c34048","type":"LEFT","onClause":"{sku} = {sku[spy_product]}"}}}},"importMode":"SPICE","fieldFolders":{},"dataSetUsageConfiguration":{"disableUseAsDirectQuerySource":false,"disableUseAsImportedSource":false}}