{"resourceType":"dataset","dataSetId":"B2BMPSprykerDefaultDatasetOrderReturnsProductConcrete","name":"Order Returns + Product Concrete","physicalTableMap":{"417ee147-0298-4487-85da-486561551de0":{"relationalTable":{"dataSourceArn":"arn:aws:quicksight:AwsRegion:AwsAccountId:datasource/B2BMPSprykerDefaultDataSource","name":"spy_sales_order","inputColumns":[{"name":"id_sales_order","type":"INTEGER"},{"name":"fk_locale","type":"INTEGER"},{"name":"fk_order_source","type":"INTEGER"},{"name":"fk_sales_order_address_billing","type":"INTEGER"},{"name":"fk_sales_order_address_shipping","type":"INTEGER"},{"name":"cart_note","type":"STRING"},{"name":"company_business_unit_uuid","type":"STRING"},{"name":"company_uuid","type":"STRING"},{"name":"currency_iso_code","type":"STRING"},{"name":"customer_reference","type":"STRING"},{"name":"email","type":"STRING"},{"name":"first_name","type":"STRING"},{"name":"is_test","type":"BIT"},{"name":"last_name","type":"STRING"},{"name":"oms_processor_identifier","type":"INTEGER"},{"name":"order_custom_reference","type":"STRING"},{"name":"order_reference","type":"STRING"},{"name":"price_mode","type":"INTEGER"},{"name":"salutation","type":"INTEGER"},{"name":"store","type":"STRING"},{"name":"created_at","type":"DATETIME"},{"name":"updated_at","type":"DATETIME"},{"name":"uuid","type":"STRING"}]}},"d405d631-b42c-48cf-b799-85634217636e":{"relationalTable":{"dataSourceArn":"arn:aws:quicksight:AwsRegion:AwsAccountId:datasource/B2BMPSprykerDefaultDataSource","name":"spy_product","inputColumns":[{"name":"id_product","type":"INTEGER"},{"name":"fk_product_abstract","type":"INTEGER"},{"name":"attributes","type":"STRING"},{"name":"discount","type":"INTEGER"},{"name":"is_active","type":"BIT"},{"name":"is_quantity_splittable","type":"BIT"},{"name":"sku","type":"STRING"},{"name":"warehouses","type":"STRING"},{"name":"created_at","type":"DATETIME"},{"name":"updated_at","type":"DATETIME"}]}},"b079bcc7-db9c-4b2a-8f81-ebf17565ef53":{"relationalTable":{"dataSourceArn":"arn:aws:quicksight:AwsRegion:AwsAccountId:datasource/B2BMPSprykerDefaultDataSource","name":"spy_locale","inputColumns":[{"name":"id_locale","type":"INTEGER"},{"name":"is_active","type":"BIT"},{"name":"locale_name","type":"STRING"}]}},"995ad20e-5261-45d0-95df-90ae77a65358":{"relationalTable":{"dataSourceArn":"arn:aws:quicksight:AwsRegion:AwsAccountId:datasource/B2BMPSprykerDefaultDataSource","name":"spy_sales_return_item","inputColumns":[{"name":"id_sales_return_item","type":"INTEGER"},{"name":"fk_sales_order_item","type":"INTEGER"},{"name":"fk_sales_return","type":"INTEGER"},{"name":"reason","type":"STRING"},{"name":"uuid","type":"STRING"},{"name":"created_at","type":"DATETIME"},{"name":"updated_at","type":"DATETIME"}]}},"48cb22f9-bd24-4088-99f4-bf4e90f6b726":{"relationalTable":{"dataSourceArn":"arn:aws:quicksight:AwsRegion:AwsAccountId:datasource/B2BMPSprykerDefaultDataSource","name":"spy_sales_order_item","inputColumns":[{"name":"id_sales_order_item","type":"INTEGER"},{"name":"fk_oms_order_item_state","type":"INTEGER"},{"name":"fk_oms_order_process","type":"INTEGER"},{"name":"fk_sales_order","type":"INTEGER"},{"name":"fk_sales_order_item_bundle","type":"INTEGER"},{"name":"fk_sales_shipment","type":"INTEGER"},{"name":"amount","type":"DECIMAL","subType":"FIXED"},{"name":"amount_base_measurement_unit_name","type":"STRING"},{"name":"amount_measurement_unit_code","type":"STRING"},{"name":"amount_measurement_unit_conversion","type":"DECIMAL","subType":"FLOAT"},{"name":"amount_measurement_unit_name","type":"STRING"},{"name":"amount_measurement_unit_precision","type":"INTEGER"},{"name":"amount_sku","type":"STRING"},{"name":"canceled_amount","type":"INTEGER"},{"name":"cart_note","type":"STRING"},{"name":"discount_amount_aggregation","type":"INTEGER"},{"name":"discount_amount_full_aggregation","type":"INTEGER"},{"name":"expense_price_aggregation","type":"INTEGER"},{"name":"gross_price","type":"INTEGER"},{"name":"group_key","type":"STRING"},{"name":"is_quantity_splittable","type":"BIT"},{"name":"last_state_change","type":"DATETIME"},{"name":"merchant_commission_amount_aggregation","type":"INTEGER"},{"name":"merchant_commission_amount_full_aggregation","type":"INTEGER"},{"name":"merchant_commission_refunded_amount","type":"INTEGER"},{"name":"merchant_reference","type":"STRING"},{"name":"name","type":"STRING"},{"name":"net_price","type":"INTEGER"},{"name":"order_item_reference","type":"STRING"},{"name":"price","type":"INTEGER"},{"name":"price_to_pay_aggregation","type":"INTEGER"},{"name":"product_offer_reference","type":"STRING"},{"name":"product_option_price_aggregation","type":"INTEGER"},{"name":"quantity","type":"INTEGER"},{"name":"quantity_base_measurement_unit_name","type":"STRING"},{"name":"quantity_measurement_unit_code","type":"STRING"},{"name":"quantity_measurement_unit_conversion","type":"DECIMAL","subType":"FLOAT"},{"name":"quantity_measurement_unit_name","type":"STRING"},{"name":"quantity_measurement_unit_precision","type":"INTEGER"},{"name":"refundable_amount","type":"INTEGER"},{"name":"remuneration_amount","type":"INTEGER"},{"name":"sku","type":"STRING"},{"name":"subtotal_aggregation","type":"INTEGER"},{"name":"tax_amount","type":"INTEGER"},{"name":"tax_amount_after_cancellation","type":"INTEGER"},{"name":"tax_amount_full_aggregation","type":"INTEGER"},{"name":"tax_rate","type":"DECIMAL","subType":"FIXED"},{"name":"tax_rate_average_aggregation","type":"DECIMAL","subType":"FIXED"},{"name":"uuid","type":"STRING"},{"name":"created_at","type":"DATETIME"},{"name":"updated_at","type":"DATETIME"}]}},"6a1900ee-ea4f-4b79-999e-52ccf59a816e":{"relationalTable":{"dataSourceArn":"arn:aws:quicksight:AwsRegion:AwsAccountId:datasource/B2BMPSprykerDefaultDataSource","name":"spy_product_localized_attributes","inputColumns":[{"name":"id_product_attributes","type":"INTEGER"},{"name":"fk_locale","type":"INTEGER"},{"name":"fk_product","type":"INTEGER"},{"name":"attributes","type":"STRING"},{"name":"description","type":"STRING"},{"name":"is_complete","type":"BIT"},{"name":"name","type":"STRING"},{"name":"created_at","type":"DATETIME"},{"name":"updated_at","type":"DATETIME"}]}},"f124e843-68d4-4b2b-8b5b-2172a72675e3":{"relationalTable":{"dataSourceArn":"arn:aws:quicksight:AwsRegion:AwsAccountId:datasource/B2BMPSprykerDefaultDataSource","name":"spy_sales_return","inputColumns":[{"name":"id_sales_return","type":"INTEGER"},{"name":"customer_reference","type":"STRING"},{"name":"merchant_reference","type":"STRING"},{"name":"return_reference","type":"STRING"},{"name":"store","type":"STRING"},{"name":"created_at","type":"DATETIME"},{"name":"updated_at","type":"DATETIME"}]}}},"logicalTableMap":{"c73dfd1c-6fbf-4f06-8451-6263a91a04e9":{"alias":"Intermediate Table (5)","source":{"joinInstruction":{"leftOperand":"a903bcec-1351-4b05-942a-82a645027c98","rightOperand":"b12a5eda-b67c-4ea5-8332-23c6a16738c0","leftJoinKeyProperties":{"uniqueKey":true},"type":"LEFT","onClause":"{id_product} = {fk_product}"}}},"0c00eeea-8b41-424a-b314-186585cd3334":{"alias":"spy_sales_return","source":{"physicalTableId":"f124e843-68d4-4b2b-8b5b-2172a72675e3"}},"b19c4e94-6eba-4a99-a325-c0c2257eec71":{"alias":"spy_sales_return_item","dataTransforms":[{"renameColumnOperation":{"columnName":"created_at","newColumnName":"created_at[spy_sales_return_item]"}},{"renameColumnOperation":{"columnName":"updated_at","newColumnName":"updated_at[spy_sales_return_item]"}}],"source":{"physicalTableId":"995ad20e-5261-45d0-95df-90ae77a65358"}},"02d9b3e7-8def-4011-906c-ad066400009e":{"alias":"Intermediate Table (3)","source":{"joinInstruction":{"leftOperand":"e617e533-b25a-4dd9-a842-1c7d23f1a522","rightOperand":"672b6986-f7fb-4d29-83c7-f151da1da2c9","rightJoinKeyProperties":{"uniqueKey":true},"type":"LEFT","onClause":"{fk_sales_order} = {id_sales_order}"}}},"b12a5eda-b67c-4ea5-8332-23c6a16738c0":{"alias":"spy_product_localized_attributes","dataTransforms":[{"renameColumnOperation":{"columnName":"fk_locale","newColumnName":"fk_locale[spy_product_localized_attributes]"}},{"renameColumnOperation":{"columnName":"attributes","newColumnName":"attributes[spy_product_localized_attributes]"}},{"renameColumnOperation":{"columnName":"name","newColumnName":"name[spy_product_localized_attributes]"}},{"renameColumnOperation":{"columnName":"created_at","newColumnName":"created_at[spy_product_localized_attributes]"}},{"renameColumnOperation":{"columnName":"updated_at","newColumnName":"updated_at[spy_product_localized_attributes]"}}],"source":{"physicalTableId":"6a1900ee-ea4f-4b79-999e-52ccf59a816e"}},"a903bcec-1351-4b05-942a-82a645027c98":{"alias":"Intermediate Table (4)","source":{"joinInstruction":{"leftOperand":"02d9b3e7-8def-4011-906c-ad066400009e","rightOperand":"1cdeab4c-4532-4486-a77a-2e1bb2cd5f76","type":"LEFT","onClause":"{sku} = {sku[spy_product]}"}}},"1cdeab4c-4532-4486-a77a-2e1bb2cd5f76":{"alias":"spy_product","dataTransforms":[{"renameColumnOperation":{"columnName":"is_quantity_splittable","newColumnName":"is_quantity_splittable[spy_product]"}},{"renameColumnOperation":{"columnName":"sku","newColumnName":"sku[spy_product]"}},{"renameColumnOperation":{"columnName":"created_at","newColumnName":"created_at[spy_product]"}},{"renameColumnOperation":{"columnName":"updated_at","newColumnName":"updated_at[spy_product]"}}],"source":{"physicalTableId":"d405d631-b42c-48cf-b799-85634217636e"}},"6b860279-085e-4234-bfe6-8ce0ea41b7b8":{"alias":"Intermediate Table (6)","dataTransforms":[{"filterOperation":{"conditionExpression":"{locale_name}=\"en_US\"","enabled":false,"inverse":false}},{"projectOperation":{"projectedColumns":["customer_reference","merchant_reference","return_reference","store","created_at","updated_at","reason","amount","amount_base_measurement_unit_name","amount_measurement_unit_code","amount_measurement_unit_conversion","amount_measurement_unit_name","amount_measurement_unit_precision","amount_sku","canceled_amount","cart_note","discount_amount_aggregation","discount_amount_full_aggregation","expense_price_aggregation","gross_price","group_key","is_quantity_splittable","last_state_change","merchant_commission_amount_aggregation","merchant_commission_amount_full_aggregation","merchant_commission_refunded_amount","merchant_reference[spy_sales_order_item]","name","net_price","order_item_reference","price","price_to_pay_aggregation","product_offer_reference","product_option_price_aggregation","quantity","quantity_base_measurement_unit_name","quantity_measurement_unit_code","quantity_measurement_unit_conversion","quantity_measurement_unit_name","quantity_measurement_unit_precision","refundable_amount","remuneration_amount","sku","subtotal_aggregation","tax_amount","tax_amount_after_cancellation","tax_amount_full_aggregation","tax_rate","tax_rate_average_aggregation","created_at[spy_sales_order_item]","updated_at[spy_sales_order_item]","cart_note[spy_sales_order]","company_business_unit_uuid","company_uuid","currency_iso_code","customer_reference[spy_sales_order]","email","first_name","last_name","oms_processor_identifier","order_custom_reference","order_reference","price_mode","salutation","store[spy_sales_order]","created_at[spy_sales_order]","updated_at[spy_sales_order]","attributes","discount","is_active","is_quantity_splittable[spy_product]","sku[spy_product]","warehouses","attributes[spy_product_localized_attributes]","description","is_complete","name[spy_product_localized_attributes]","locale_name"]}}],"source":{"joinInstruction":{"leftOperand":"c73dfd1c-6fbf-4f06-8451-6263a91a04e9","rightOperand":"08f37aa7-f666-4191-8385-3c16091f2c93","rightJoinKeyProperties":{"uniqueKey":true},"type":"LEFT","onClause":"{fk_locale[spy_product_localized_attributes]} = {id_locale}"}}},"08f37aa7-f666-4191-8385-3c16091f2c93":{"alias":"spy_locale","dataTransforms":[{"renameColumnOperation":{"columnName":"is_active","newColumnName":"is_active[spy_locale]"}}],"source":{"physicalTableId":"b079bcc7-db9c-4b2a-8f81-ebf17565ef53"}},"e36e3936-87d0-4989-a422-b5f656be852e":{"alias":"spy_sales_order_item","dataTransforms":[{"renameColumnOperation":{"columnName":"merchant_reference","newColumnName":"merchant_reference[spy_sales_order_item]"}},{"renameColumnOperation":{"columnName":"uuid","newColumnName":"uuid[spy_sales_order_item]"}},{"renameColumnOperation":{"columnName":"created_at","newColumnName":"created_at[spy_sales_order_item]"}},{"renameColumnOperation":{"columnName":"updated_at","newColumnName":"updated_at[spy_sales_order_item]"}}],"source":{"physicalTableId":"48cb22f9-bd24-4088-99f4-bf4e90f6b726"}},"e617e533-b25a-4dd9-a842-1c7d23f1a522":{"alias":"Intermediate Table (2)","source":{"joinInstruction":{"leftOperand":"f09a0447-8fd1-4de6-8fe7-48e01c1fb1ab","rightOperand":"e36e3936-87d0-4989-a422-b5f656be852e","rightJoinKeyProperties":{"uniqueKey":true},"type":"LEFT","onClause":"{fk_sales_order_item} = {id_sales_order_item}"}}},"672b6986-f7fb-4d29-83c7-f151da1da2c9":{"alias":"spy_sales_order","dataTransforms":[{"renameColumnOperation":{"columnName":"cart_note","newColumnName":"cart_note[spy_sales_order]"}},{"renameColumnOperation":{"columnName":"customer_reference","newColumnName":"customer_reference[spy_sales_order]"}},{"renameColumnOperation":{"columnName":"store","newColumnName":"store[spy_sales_order]"}},{"renameColumnOperation":{"columnName":"created_at","newColumnName":"created_at[spy_sales_order]"}},{"renameColumnOperation":{"columnName":"updated_at","newColumnName":"updated_at[spy_sales_order]"}},{"renameColumnOperation":{"columnName":"uuid","newColumnName":"uuid[spy_sales_order]"}}],"source":{"physicalTableId":"417ee147-0298-4487-85da-486561551de0"}},"f09a0447-8fd1-4de6-8fe7-48e01c1fb1ab":{"alias":"Intermediate Table","source":{"joinInstruction":{"leftOperand":"0c00eeea-8b41-424a-b314-186585cd3334","rightOperand":"b19c4e94-6eba-4a99-a325-c0c2257eec71","leftJoinKeyProperties":{"uniqueKey":true},"type":"LEFT","onClause":"{id_sales_return} = {fk_sales_return}"}}}},"importMode":"SPICE","fieldFolders":{},"dataSetUsageConfiguration":{"disableUseAsDirectQuerySource":false,"disableUseAsImportedSource":false}}