{"resourceType":"dataset","dataSetId":"B2BMPSprykerDefaultDatasetOrderDiscounts","name":"Order Discounts","physicalTableMap":{"5ee4ac4c-3c4c-4590-8d92-d5d40bfed001":{"relationalTable":{"dataSourceArn":"arn:aws:quicksight:AwsRegion:AwsAccountId:datasource/B2BMPSprykerDefaultDataSource","name":"spy_sales_discount","inputColumns":[{"name":"id_sales_discount","type":"INTEGER"},{"name":"fk_sales_expense","type":"INTEGER"},{"name":"fk_sales_order","type":"INTEGER"},{"name":"fk_sales_order_item","type":"INTEGER"},{"name":"fk_sales_order_item_option","type":"INTEGER"},{"name":"amount","type":"INTEGER"},{"name":"description","type":"STRING"},{"name":"display_name","type":"STRING"},{"name":"name","type":"STRING"},{"name":"created_at","type":"DATETIME"},{"name":"updated_at","type":"DATETIME"}]}},"476e770d-c04f-4cf3-8855-cf2994129dd1":{"relationalTable":{"dataSourceArn":"arn:aws:quicksight:AwsRegion:AwsAccountId:datasource/B2BMPSprykerDefaultDataSource","name":"spy_sales_order","inputColumns":[{"name":"id_sales_order","type":"INTEGER"},{"name":"fk_locale","type":"INTEGER"},{"name":"fk_order_source","type":"INTEGER"},{"name":"fk_sales_order_address_billing","type":"INTEGER"},{"name":"fk_sales_order_address_shipping","type":"INTEGER"},{"name":"cart_note","type":"STRING"},{"name":"company_business_unit_uuid","type":"STRING"},{"name":"company_uuid","type":"STRING"},{"name":"currency_iso_code","type":"STRING"},{"name":"customer_reference","type":"STRING"},{"name":"email","type":"STRING"},{"name":"first_name","type":"STRING"},{"name":"is_test","type":"BIT"},{"name":"last_name","type":"STRING"},{"name":"oms_processor_identifier","type":"INTEGER"},{"name":"order_custom_reference","type":"STRING"},{"name":"order_reference","type":"STRING"},{"name":"price_mode","type":"INTEGER"},{"name":"salutation","type":"INTEGER"},{"name":"store","type":"STRING"},{"name":"created_at","type":"DATETIME"},{"name":"updated_at","type":"DATETIME"},{"name":"uuid","type":"STRING"}]}}},"logicalTableMap":{"87b4c53c-d205-4671-9875-1ac0d4930260":{"alias":"Intermediate Table","dataTransforms":[{"projectOperation":{"projectedColumns":["id_sales_discount","fk_sales_expense","fk_sales_order","fk_sales_order_item","fk_sales_order_item_option","amount","description","display_name","name","created_at","updated_at","id_sales_order","fk_locale","fk_order_source","fk_sales_order_address_billing","fk_sales_order_address_shipping","cart_note","company_business_unit_uuid","company_uuid","currency_iso_code","customer_reference","email","first_name","is_test","last_name","oms_processor_identifier","order_custom_reference","order_reference","price_mode","salutation","store","created_at[spy_sales_order]","updated_at[spy_sales_order]","uuid"]}}],"source":{"joinInstruction":{"leftOperand":"45842d75-e5d1-4025-be44-3e263c817612","rightOperand":"ec39b0e9-d153-4e64-86e2-f16b727ec675","type":"LEFT","onClause":"{fk_sales_order} = {id_sales_order}"}}},"ec39b0e9-d153-4e64-86e2-f16b727ec675":{"alias":"spy_sales_order","dataTransforms":[{"renameColumnOperation":{"columnName":"created_at","newColumnName":"created_at[spy_sales_order]"}},{"renameColumnOperation":{"columnName":"updated_at","newColumnName":"updated_at[spy_sales_order]"}}],"source":{"physicalTableId":"476e770d-c04f-4cf3-8855-cf2994129dd1"}},"45842d75-e5d1-4025-be44-3e263c817612":{"alias":"spy_sales_discount","source":{"physicalTableId":"5ee4ac4c-3c4c-4590-8d92-d5d40bfed001"}}},"importMode":"SPICE","fieldFolders":{},"dataSetUsageConfiguration":{"disableUseAsDirectQuerySource":false,"disableUseAsImportedSource":false}}