{"resourceType":"dataset","dataSetId":"B2BMPSprykerDefaultDatasetMerchantCommission","name":"Merchant Commission","physicalTableMap":{"ac4b188b-326d-42cb-b388-c0e93905a81f":{"relationalTable":{"dataSourceArn":"arn:aws:quicksight:AwsRegion:AwsAccountId:datasource/B2BMPSprykerDefaultDataSource","name":"spy_sales_order","inputColumns":[{"name":"id_sales_order","type":"INTEGER"},{"name":"fk_locale","type":"INTEGER"},{"name":"fk_order_source","type":"INTEGER"},{"name":"fk_sales_order_address_billing","type":"INTEGER"},{"name":"fk_sales_order_address_shipping","type":"INTEGER"},{"name":"cart_note","type":"STRING"},{"name":"company_business_unit_uuid","type":"STRING"},{"name":"company_uuid","type":"STRING"},{"name":"currency_iso_code","type":"STRING"},{"name":"customer_reference","type":"STRING"},{"name":"email","type":"STRING"},{"name":"first_name","type":"STRING"},{"name":"is_test","type":"BIT"},{"name":"last_name","type":"STRING"},{"name":"oms_processor_identifier","type":"INTEGER"},{"name":"order_custom_reference","type":"STRING"},{"name":"order_reference","type":"STRING"},{"name":"price_mode","type":"INTEGER"},{"name":"salutation","type":"INTEGER"},{"name":"store","type":"STRING"},{"name":"created_at","type":"DATETIME"},{"name":"updated_at","type":"DATETIME"},{"name":"uuid","type":"STRING"}]}},"538f7534-6383-4081-80e2-9d12a88e389c":{"relationalTable":{"dataSourceArn":"arn:aws:quicksight:AwsRegion:AwsAccountId:datasource/B2BMPSprykerDefaultDataSource","name":"spy_sales_merchant_commission","inputColumns":[{"name":"id_sales_merchant_commission","type":"INTEGER"},{"name":"uuid","type":"STRING"},{"name":"fk_sales_order","type":"INTEGER"},{"name":"fk_sales_order_item","type":"INTEGER"},{"name":"name","type":"STRING"},{"name":"amount","type":"INTEGER"},{"name":"refunded_amount","type":"INTEGER"},{"name":"created_at","type":"DATETIME"},{"name":"updated_at","type":"DATETIME"}]}}},"logicalTableMap":{"35eaba7a-02ee-4436-92ed-afeecbb02bb7":{"alias":"Intermediate Table","dataTransforms":[{"projectOperation":{"projectedColumns":["name","amount","refunded_amount","created_at","updated_at","cart_note","company_business_unit_uuid","company_uuid","currency_iso_code","customer_reference","email","first_name","is_test","last_name","oms_processor_identifier","order_custom_reference","order_reference","price_mode","salutation","store"]}}],"source":{"joinInstruction":{"leftOperand":"390b8e6a-69c2-4813-b544-2f214e105fd5","rightOperand":"932ee4f6-6d9d-41a2-80a8-19421f72e506","rightJoinKeyProperties":{"uniqueKey":true},"type":"LEFT","onClause":"{fk_sales_order} = {id_sales_order}"}}},"390b8e6a-69c2-4813-b544-2f214e105fd5":{"alias":"spy_sales_merchant_commission","source":{"physicalTableId":"538f7534-6383-4081-80e2-9d12a88e389c"}},"932ee4f6-6d9d-41a2-80a8-19421f72e506":{"alias":"spy_sales_order","dataTransforms":[{"renameColumnOperation":{"columnName":"created_at","newColumnName":"created_at[spy_sales_order]"}},{"renameColumnOperation":{"columnName":"updated_at","newColumnName":"updated_at[spy_sales_order]"}},{"renameColumnOperation":{"columnName":"uuid","newColumnName":"uuid[spy_sales_order]"}}],"source":{"physicalTableId":"ac4b188b-326d-42cb-b388-c0e93905a81f"}}},"importMode":"SPICE","fieldFolders":{},"dataSetUsageConfiguration":{"disableUseAsDirectQuerySource":false,"disableUseAsImportedSource":false}}