{"resourceType":"dataset","dataSetId":"B2BMPSprykerDefaultDatasetCustomer","name":"Customer","physicalTableMap":{"a0088aa3-05ef-45bb-96f2-472a3e55ea49":{"relationalTable":{"dataSourceArn":"arn:aws:quicksight:AwsRegion:AwsAccountId:datasource/B2BMPSprykerDefaultDataSource","name":"spy_customer","inputColumns":[{"name":"id_customer","type":"INTEGER"},{"name":"fk_locale","type":"INTEGER"},{"name":"fk_user","type":"INTEGER"},{"name":"anonymized_at","type":"DATETIME"},{"name":"company","type":"STRING"},{"name":"customer_reference","type":"STRING"},{"name":"date_of_birth","type":"DATETIME"},{"name":"default_billing_address","type":"INTEGER"},{"name":"default_shipping_address","type":"INTEGER"},{"name":"email","type":"STRING"},{"name":"first_name","type":"STRING"},{"name":"gender","type":"INTEGER"},{"name":"last_name","type":"STRING"},{"name":"password","type":"STRING"},{"name":"phone","type":"STRING"},{"name":"registered","type":"DATETIME"},{"name":"registration_key","type":"STRING"},{"name":"restore_password_date","type":"DATETIME"},{"name":"restore_password_key","type":"STRING"},{"name":"salutation","type":"INTEGER"},{"name":"created_at","type":"DATETIME"},{"name":"updated_at","type":"DATETIME"}]}}},"logicalTableMap":{"2ac3a5f4-b4fb-415c-a7b4-b9ba313930a5":{"alias":"spy_customer","dataTransforms":[{"projectOperation":{"projectedColumns":["id_customer","anonymized_at","customer_reference","date_of_birth","email","first_name","gender","last_name","phone","registered","salutation","created_at","updated_at"]}}],"source":{"physicalTableId":"a0088aa3-05ef-45bb-96f2-472a3e55ea49"}}},"importMode":"SPICE","fieldFolders":{},"dataSetUsageConfiguration":{"disableUseAsDirectQuerySource":false,"disableUseAsImportedSource":false}}