{"resourceType":"dataset","dataSetId":"B2BMPSprykerDefaultDatasetMerchantOrderItems","name":"Merchant Order Items","physicalTableMap":{"499ba848-f832-4dff-a770-8c48d4bfdec7":{"relationalTable":{"dataSourceArn":"arn:aws:quicksight:AwsRegion:AwsAccountId:datasource/B2BMPSprykerDefaultDataSource","name":"spy_state_machine_item_state","inputColumns":[{"name":"id_state_machine_item_state","type":"INTEGER"},{"name":"fk_state_machine_process","type":"INTEGER"},{"name":"description","type":"STRING"},{"name":"name","type":"STRING"}]}},"8382da4d-a264-457a-b530-36bd2acae21f":{"relationalTable":{"dataSourceArn":"arn:aws:quicksight:AwsRegion:AwsAccountId:datasource/B2BMPSprykerDefaultDataSource","name":"spy_merchant_sales_order_item","inputColumns":[{"name":"id_merchant_sales_order_item","type":"INTEGER"},{"name":"fk_merchant_sales_order","type":"INTEGER"},{"name":"fk_sales_order_item","type":"INTEGER"},{"name":"fk_state_machine_item_state","type":"INTEGER"},{"name":"merchant_order_item_reference","type":"STRING"},{"name":"created_at","type":"DATETIME"},{"name":"updated_at","type":"DATETIME"}]}},"c77c33b2-62e2-4f88-b04b-fb488f7b4326":{"relationalTable":{"dataSourceArn":"arn:aws:quicksight:AwsRegion:AwsAccountId:datasource/B2BMPSprykerDefaultDataSource","name":"spy_sales_order","inputColumns":[{"name":"id_sales_order","type":"INTEGER"},{"name":"fk_locale","type":"INTEGER"},{"name":"fk_order_source","type":"INTEGER"},{"name":"fk_sales_order_address_billing","type":"INTEGER"},{"name":"fk_sales_order_address_shipping","type":"INTEGER"},{"name":"cart_note","type":"STRING"},{"name":"company_business_unit_uuid","type":"STRING"},{"name":"company_uuid","type":"STRING"},{"name":"currency_iso_code","type":"STRING"},{"name":"customer_reference","type":"STRING"},{"name":"email","type":"STRING"},{"name":"first_name","type":"STRING"},{"name":"is_test","type":"BIT"},{"name":"last_name","type":"STRING"},{"name":"oms_processor_identifier","type":"INTEGER"},{"name":"order_custom_reference","type":"STRING"},{"name":"order_reference","type":"STRING"},{"name":"price_mode","type":"INTEGER"},{"name":"salutation","type":"INTEGER"},{"name":"store","type":"STRING"},{"name":"created_at","type":"DATETIME"},{"name":"updated_at","type":"DATETIME"},{"name":"uuid","type":"STRING"}]}},"66c6c12d-b575-41ed-a772-854a5fd9fb0b":{"relationalTable":{"dataSourceArn":"arn:aws:quicksight:AwsRegion:AwsAccountId:datasource/B2BMPSprykerDefaultDataSource","name":"spy_merchant_sales_order","inputColumns":[{"name":"id_merchant_sales_order","type":"INTEGER"},{"name":"fk_sales_order","type":"INTEGER"},{"name":"merchant_reference","type":"STRING"},{"name":"merchant_sales_order_reference","type":"STRING"},{"name":"created_at","type":"DATETIME"},{"name":"updated_at","type":"DATETIME"}]}},"b5a84753-3859-40f0-b554-dd9459f777b1":{"relationalTable":{"dataSourceArn":"arn:aws:quicksight:AwsRegion:AwsAccountId:datasource/B2BMPSprykerDefaultDataSource","name":"spy_merchant","inputColumns":[{"name":"id_merchant","type":"INTEGER"},{"name":"fk_state_machine_process","type":"INTEGER"},{"name":"default_product_abstract_approval_status","type":"STRING"},{"name":"email","type":"STRING"},{"name":"is_active","type":"BIT"},{"name":"is_open_for_relation_request","type":"BIT"},{"name":"merchant_reference","type":"STRING"},{"name":"name","type":"STRING"},{"name":"registration_number","type":"STRING"},{"name":"status","type":"STRING"},{"name":"created_at","type":"DATETIME"},{"name":"updated_at","type":"DATETIME"}]}}},"logicalTableMap":{"52230d60-ee43-422f-a165-b56bfab4752d":{"alias":"Intermediate Table (2)","source":{"joinInstruction":{"leftOperand":"2a228fa9-db0c-4cdb-9a69-7e9d565de90a","rightOperand":"3277c328-32de-43ce-b0c0-be628ad1f69f","rightJoinKeyProperties":{"uniqueKey":true},"type":"LEFT","onClause":"{fk_state_machine_item_state} = {id_state_machine_item_state}"}}},"e3dc95de-b276-4412-8c74-74755afe71a0":{"alias":"spy_merchant","dataTransforms":[{"renameColumnOperation":{"columnName":"fk_state_machine_process","newColumnName":"fk_state_machine_process[spy_merchant]"}},{"renameColumnOperation":{"columnName":"merchant_reference","newColumnName":"merchant_reference[spy_merchant]"}},{"renameColumnOperation":{"columnName":"created_at","newColumnName":"created_at[spy_merchant]"}},{"renameColumnOperation":{"columnName":"updated_at","newColumnName":"updated_at[spy_merchant]"}}],"source":{"physicalTableId":"b5a84753-3859-40f0-b554-dd9459f777b1"}},"3277c328-32de-43ce-b0c0-be628ad1f69f":{"alias":"spy_state_machine_item_state","dataTransforms":[{"renameColumnOperation":{"columnName":"name","newColumnName":"item_state_name"}}],"source":{"physicalTableId":"499ba848-f832-4dff-a770-8c48d4bfdec7"}},"2f3aeb66-6d21-42ba-bbe8-bb17d59bb0a8":{"alias":"Intermediate Table (4)","dataTransforms":[{"projectOperation":{"projectedColumns":["merchant_order_item_reference","merchant_reference","merchant_sales_order_reference","created_at","updated_at","description","item_state_name","default_product_abstract_approval_status","email","is_active","is_open_for_relation_request","name","registration_number","status","cart_note","company_business_unit_uuid","company_uuid","currency_iso_code","customer_reference","email[spy_sales_order]","first_name","is_test","last_name","oms_processor_identifier","order_custom_reference","order_reference","price_mode","salutation","store"]}}],"source":{"joinInstruction":{"leftOperand":"ed77502c-2b21-4d46-a947-048a1db1d30f","rightOperand":"34855a3b-f7fa-4b6b-bb0d-3e8d60c577f6","rightJoinKeyProperties":{"uniqueKey":true},"type":"LEFT","onClause":"{fk_sales_order} = {id_sales_order}"}}},"ed77502c-2b21-4d46-a947-048a1db1d30f":{"alias":"Intermediate Table (3)","source":{"joinInstruction":{"leftOperand":"52230d60-ee43-422f-a165-b56bfab4752d","rightOperand":"e3dc95de-b276-4412-8c74-74755afe71a0","type":"LEFT","onClause":"{merchant_reference} = {merchant_reference[spy_merchant]}"}}},"28de5f07-6ad7-4d64-bd1b-62b5b93d7941":{"alias":"spy_merchant_sales_order","source":{"physicalTableId":"66c6c12d-b575-41ed-a772-854a5fd9fb0b"}},"7fb75866-195f-4308-8d4e-80bff7f03380":{"alias":"spy_merchant_sales_order_item","dataTransforms":[{"renameColumnOperation":{"columnName":"created_at","newColumnName":"created_at[spy_merchant_sales_order_item]"}},{"renameColumnOperation":{"columnName":"updated_at","newColumnName":"updated_at[spy_merchant_sales_order_item]"}}],"source":{"physicalTableId":"8382da4d-a264-457a-b530-36bd2acae21f"}},"2a228fa9-db0c-4cdb-9a69-7e9d565de90a":{"alias":"Intermediate Table","source":{"joinInstruction":{"leftOperand":"7fb75866-195f-4308-8d4e-80bff7f03380","rightOperand":"28de5f07-6ad7-4d64-bd1b-62b5b93d7941","rightJoinKeyProperties":{"uniqueKey":true},"type":"LEFT","onClause":"{fk_merchant_sales_order} = {id_merchant_sales_order}"}}},"34855a3b-f7fa-4b6b-bb0d-3e8d60c577f6":{"alias":"spy_sales_order","dataTransforms":[{"renameColumnOperation":{"columnName":"email","newColumnName":"email[spy_sales_order]"}},{"renameColumnOperation":{"columnName":"created_at","newColumnName":"created_at[spy_sales_order]"}},{"renameColumnOperation":{"columnName":"updated_at","newColumnName":"updated_at[spy_sales_order]"}}],"source":{"physicalTableId":"c77c33b2-62e2-4f88-b04b-fb488f7b4326"}}},"importMode":"SPICE","fieldFolders":{},"dataSetUsageConfiguration":{"disableUseAsDirectQuerySource":false,"disableUseAsImportedSource":false}}