{"resourceType":"dataset","dataSetId":"B2BMPSprykerDefaultDatasetProductConcreteAvailability","name":"Product Concrete Availability","physicalTableMap":{"b073e582-1320-47a9-b610-210ca727489c":{"relationalTable":{"dataSourceArn":"arn:aws:quicksight:AwsRegion:AwsAccountId:datasource/B2BMPSprykerDefaultDataSource","name":"spy_availability","inputColumns":[{"name":"id_availability","type":"INTEGER"},{"name":"fk_availability_abstract","type":"INTEGER"},{"name":"fk_store","type":"INTEGER"},{"name":"is_never_out_of_stock","type":"BIT"},{"name":"quantity","type":"DECIMAL","subType":"FIXED"},{"name":"sku","type":"STRING"}]}},"4be476b5-daae-401c-b74c-9dbf043dbb13":{"relationalTable":{"dataSourceArn":"arn:aws:quicksight:AwsRegion:AwsAccountId:datasource/B2BMPSprykerDefaultDataSource","name":"spy_store","inputColumns":[{"name":"id_store","type":"INTEGER"},{"name":"fk_currency","type":"INTEGER"},{"name":"fk_locale","type":"INTEGER"},{"name":"name","type":"STRING"}]}},"0f6d01be-2857-4b11-8e4e-3170df6a2dc2":{"relationalTable":{"dataSourceArn":"arn:aws:quicksight:AwsRegion:AwsAccountId:datasource/B2BMPSprykerDefaultDataSource","name":"spy_product_localized_attributes","inputColumns":[{"name":"id_product_attributes","type":"INTEGER"},{"name":"fk_locale","type":"INTEGER"},{"name":"fk_product","type":"INTEGER"},{"name":"attributes","type":"STRING"},{"name":"description","type":"STRING"},{"name":"is_complete","type":"BIT"},{"name":"name","type":"STRING"},{"name":"created_at","type":"DATETIME"},{"name":"updated_at","type":"DATETIME"}]}},"a09ef99d-865d-4b9f-8bd2-f939fdb1bd78":{"relationalTable":{"dataSourceArn":"arn:aws:quicksight:AwsRegion:AwsAccountId:datasource/B2BMPSprykerDefaultDataSource","name":"spy_product","inputColumns":[{"name":"id_product","type":"INTEGER"},{"name":"fk_product_abstract","type":"INTEGER"},{"name":"attributes","type":"STRING"},{"name":"discount","type":"INTEGER"},{"name":"is_active","type":"BIT"},{"name":"is_quantity_splittable","type":"BIT"},{"name":"sku","type":"STRING"},{"name":"warehouses","type":"STRING"},{"name":"created_at","type":"DATETIME"},{"name":"updated_at","type":"DATETIME"}]}},"a92da1f8-62d6-4a68-a35a-7468471a3229":{"relationalTable":{"dataSourceArn":"arn:aws:quicksight:AwsRegion:AwsAccountId:datasource/B2BMPSprykerDefaultDataSource","name":"spy_locale","inputColumns":[{"name":"id_locale","type":"INTEGER"},{"name":"is_active","type":"BIT"},{"name":"locale_name","type":"STRING"}]}}},"logicalTableMap":{"22fa77d5-9ad8-4f64-a32e-c758bf4e2deb":{"alias":"spy_product","dataTransforms":[{"renameColumnOperation":{"columnName":"sku","newColumnName":"sku[spy_product]"}}],"source":{"physicalTableId":"a09ef99d-865d-4b9f-8bd2-f939fdb1bd78"}},"3f82f975-4117-44b5-be76-964316d50b45":{"alias":"spy_locale","dataTransforms":[{"renameColumnOperation":{"columnName":"is_active","newColumnName":"is_active[spy_locale]"}}],"source":{"physicalTableId":"a92da1f8-62d6-4a68-a35a-7468471a3229"}},"0f43a8dd-d7bd-44d3-b98d-edadb066231b":{"alias":"spy_store","dataTransforms":[{"renameColumnOperation":{"columnName":"name","newColumnName":"store"}}],"source":{"physicalTableId":"4be476b5-daae-401c-b74c-9dbf043dbb13"}},"8051d84d-1473-4cba-a104-4b89bc2b3fa7":{"alias":"Intermediate Table (4)","dataTransforms":[{"createColumnsOperation":{"columns":[{"columnName":"Availability","columnId":"9141efa3-3322-45ae-a86a-48170740f942","expression":"ifelse(({quantity} = 0 AND {is_never_out_of_stock} = 0), \"Not available\", \"Available\")"}]}},{"createColumnsOperation":{"columns":[{"columnName":"URL Storefront","columnId":"e9873a5b-7c87-469b-bf01-89f21175ce12","expression":"concat('https://www.',{store},'.scos.demo-spryker.com/en/search?q=',{sku})"}]}},{"filterOperation":{"conditionExpression":"{locale_name}=\"en_US\"","enabled":false,"inverse":false}},{"projectOperation":{"projectedColumns":["is_never_out_of_stock","quantity","sku","store","attributes","discount","is_active","is_quantity_splittable","sku[spy_product]","warehouses","created_at","updated_at","attributes[spy_product_localized_attributes]","description","is_complete","name","created_at[spy_product_localized_attributes]","updated_at[spy_product_localized_attributes]","locale_name","Availability","URL Storefront"]}}],"source":{"joinInstruction":{"leftOperand":"374f93fd-9733-4a59-879e-3793570b7519","rightOperand":"3f82f975-4117-44b5-be76-964316d50b45","rightJoinKeyProperties":{"uniqueKey":true},"type":"LEFT","onClause":"{fk_locale[spy_product_localized_attributes]} = {id_locale}"}}},"374f93fd-9733-4a59-879e-3793570b7519":{"alias":"Intermediate Table (3)","source":{"joinInstruction":{"leftOperand":"89308dc2-d600-4a2c-ad91-a92823ced46a","rightOperand":"627f33fd-a6b9-4994-a0fd-da2294f9ace6","leftJoinKeyProperties":{"uniqueKey":true},"type":"LEFT","onClause":"{id_product} = {fk_product}"}}},"89308dc2-d600-4a2c-ad91-a92823ced46a":{"alias":"Intermediate Table (2)","source":{"joinInstruction":{"leftOperand":"9ff6c18b-5f6a-4500-9afb-3c739a50ceff","rightOperand":"22fa77d5-9ad8-4f64-a32e-c758bf4e2deb","type":"LEFT","onClause":"{sku} = {sku[spy_product]}"}}},"9ff6c18b-5f6a-4500-9afb-3c739a50ceff":{"alias":"Intermediate Table","source":{"joinInstruction":{"leftOperand":"12c294ab-2ba4-4a05-ac58-10fc6fbbaf94","rightOperand":"0f43a8dd-d7bd-44d3-b98d-edadb066231b","rightJoinKeyProperties":{"uniqueKey":true},"type":"LEFT","onClause":"{fk_store} = {id_store}"}}},"12c294ab-2ba4-4a05-ac58-10fc6fbbaf94":{"alias":"spy_availability","source":{"physicalTableId":"b073e582-1320-47a9-b610-210ca727489c"}},"627f33fd-a6b9-4994-a0fd-da2294f9ace6":{"alias":"spy_product_localized_attributes","dataTransforms":[{"renameColumnOperation":{"columnName":"fk_locale","newColumnName":"fk_locale[spy_product_localized_attributes]"}},{"renameColumnOperation":{"columnName":"attributes","newColumnName":"attributes[spy_product_localized_attributes]"}},{"renameColumnOperation":{"columnName":"created_at","newColumnName":"created_at[spy_product_localized_attributes]"}},{"renameColumnOperation":{"columnName":"updated_at","newColumnName":"updated_at[spy_product_localized_attributes]"}}],"source":{"physicalTableId":"0f6d01be-2857-4b11-8e4e-3170df6a2dc2"}}},"importMode":"SPICE","fieldFolders":{},"dataSetUsageConfiguration":{"disableUseAsDirectQuerySource":false,"disableUseAsImportedSource":false}}