{"resourceType":"dataset","dataSetId":"B2BMPSprykerDefaultDatasetOrderTotalsCustomerCompany","name":"Order Totals + Customer + Company","physicalTableMap":{"e931c678-689c-4986-9305-ba3d4b85ef3d":{"customSql":{"dataSourceArn":"arn:aws:quicksight:AwsRegion:AwsAccountId:datasource/B2BMPSprykerDefaultDataSource","name":"Company Name","sqlQuery":"SELECT customer_reference, name AS company_name FROM spy_customer\n    LEFT JOIN spy_company_user ON spy_customer.id_customer = spy_company_user.fk_customer\n    LEFT JOIN spy_company ON spy_company_user.fk_company = spy_company.id_company\n    GROUP BY customer_reference, company_name","columns":[{"name":"customer_reference","type":"STRING"},{"name":"company_name","type":"STRING"}]}},"1ea5f218-01f1-4851-b3e4-1942ba8fb6f5":{"relationalTable":{"dataSourceArn":"arn:aws:quicksight:AwsRegion:AwsAccountId:datasource/B2BMPSprykerDefaultDataSource","name":"spy_customer","inputColumns":[{"name":"id_customer","type":"INTEGER"},{"name":"fk_locale","type":"INTEGER"},{"name":"fk_user","type":"INTEGER"},{"name":"anonymized_at","type":"DATETIME"},{"name":"company","type":"STRING"},{"name":"customer_reference","type":"STRING"},{"name":"date_of_birth","type":"DATETIME"},{"name":"default_billing_address","type":"INTEGER"},{"name":"default_shipping_address","type":"INTEGER"},{"name":"email","type":"STRING"},{"name":"first_name","type":"STRING"},{"name":"gender","type":"INTEGER"},{"name":"last_name","type":"STRING"},{"name":"password","type":"STRING"},{"name":"phone","type":"STRING"},{"name":"registered","type":"DATETIME"},{"name":"registration_key","type":"STRING"},{"name":"restore_password_date","type":"DATETIME"},{"name":"restore_password_key","type":"STRING"},{"name":"salutation","type":"INTEGER"},{"name":"created_at","type":"DATETIME"},{"name":"updated_at","type":"DATETIME"}]}},"26fc99b1-8623-4189-bfb4-754b6105465b":{"customSql":{"dataSourceArn":"arn:aws:quicksight:AwsRegion:AwsAccountId:datasource/B2BMPSprykerDefaultDataSource","name":"Order Totals","sqlQuery":"SELECT id_sales_order, cart_note, currency_iso_code, customer_reference, email, first_name, last_name, order_reference, price_mode, salutation, store, spy_sales_order.created_at, spy_sales_order.updated_at, canceled_total, discount_total, grand_total, merchant_commission_refunded_total, merchant_commission_total, order_expense_total, refund_total, subtotal, tax_total\n       FROM spy_sales_order\n         LEFT JOIN spy_sales_order_totals ON spy_sales_order.id_sales_order = spy_sales_order_totals.fk_sales_order\nWHERE spy_sales_order_totals.id_sales_order_totals =\n      (SELECT spy_sales_order_totals.id_sales_order_totals\n       FROM spy_sales_order_totals\n       WHERE fk_sales_order = spy_sales_order.id_sales_order\n       ORDER BY spy_sales_order.created_at DESC, id_sales_order_totals DESC\n       LIMIT 1)","columns":[{"name":"id_sales_order","type":"INTEGER"},{"name":"cart_note","type":"STRING"},{"name":"currency_iso_code","type":"STRING"},{"name":"customer_reference","type":"STRING"},{"name":"email","type":"STRING"},{"name":"first_name","type":"STRING"},{"name":"last_name","type":"STRING"},{"name":"order_reference","type":"STRING"},{"name":"price_mode","type":"INTEGER"},{"name":"salutation","type":"INTEGER"},{"name":"store","type":"STRING"},{"name":"created_at","type":"DATETIME"},{"name":"updated_at","type":"DATETIME"},{"name":"canceled_total","type":"INTEGER"},{"name":"discount_total","type":"INTEGER"},{"name":"grand_total","type":"INTEGER"},{"name":"merchant_commission_refunded_total","type":"INTEGER"},{"name":"merchant_commission_total","type":"INTEGER"},{"name":"order_expense_total","type":"INTEGER"},{"name":"refund_total","type":"INTEGER"},{"name":"subtotal","type":"INTEGER"},{"name":"tax_total","type":"INTEGER"}]}}},"logicalTableMap":{"ce64ecaa-53f0-4c9a-a726-bfab8dcf7d1b":{"alias":"Intermediate Table (2)","dataTransforms":[{"projectOperation":{"projectedColumns":["id_sales_order","cart_note","currency_iso_code","customer_reference","email","first_name","last_name","order_reference","price_mode","salutation","store","created_at","updated_at","canceled_total","discount_total","grand_total","merchant_commission_refunded_total","merchant_commission_total","order_expense_total","refund_total","subtotal","tax_total","anonymized_at","customer_reference[spy_customer]","date_of_birth","email[spy_customer]","first_name[spy_customer]","gender","last_name[spy_customer]","phone","registered","salutation[spy_customer]","created_at[spy_customer]","updated_at[spy_customer]","company_name"]}}],"source":{"joinInstruction":{"leftOperand":"a02b2312-da57-4433-89e0-a7c4f0c01e0a","rightOperand":"2444905c-0026-464c-9a0d-ea6926df4f30","type":"LEFT","onClause":"{customer_reference[spy_customer]} = {customer_reference[Company Name]}"}}},"2444905c-0026-464c-9a0d-ea6926df4f30":{"alias":"Company Name","dataTransforms":[{"renameColumnOperation":{"columnName":"customer_reference","newColumnName":"customer_reference[Company Name]"}}],"source":{"physicalTableId":"e931c678-689c-4986-9305-ba3d4b85ef3d"}},"a02b2312-da57-4433-89e0-a7c4f0c01e0a":{"alias":"Intermediate Table","source":{"joinInstruction":{"leftOperand":"50be73c2-ebed-4421-8620-e11344f791f4","rightOperand":"4dd747c1-97c5-4a6b-897d-40654e6f8155","type":"LEFT","onClause":"{customer_reference} = {customer_reference[spy_customer]}"}}},"4dd747c1-97c5-4a6b-897d-40654e6f8155":{"alias":"spy_customer","dataTransforms":[{"renameColumnOperation":{"columnName":"customer_reference","newColumnName":"customer_reference[spy_customer]"}},{"renameColumnOperation":{"columnName":"email","newColumnName":"email[spy_customer]"}},{"renameColumnOperation":{"columnName":"first_name","newColumnName":"first_name[spy_customer]"}},{"renameColumnOperation":{"columnName":"last_name","newColumnName":"last_name[spy_customer]"}},{"renameColumnOperation":{"columnName":"salutation","newColumnName":"salutation[spy_customer]"}},{"renameColumnOperation":{"columnName":"created_at","newColumnName":"created_at[spy_customer]"}},{"renameColumnOperation":{"columnName":"updated_at","newColumnName":"updated_at[spy_customer]"}}],"source":{"physicalTableId":"1ea5f218-01f1-4851-b3e4-1942ba8fb6f5"}},"50be73c2-ebed-4421-8620-e11344f791f4":{"alias":"Order Totals","source":{"physicalTableId":"26fc99b1-8623-4189-bfb4-754b6105465b"}}},"importMode":"SPICE","fieldFolders":{},"dataSetUsageConfiguration":{"disableUseAsDirectQuerySource":false,"disableUseAsImportedSource":false}}