{"resourceType":"dataset","dataSetId":"B2BMPSprykerDefaultDatasetOrderTotalsCustomSQL","name":"Order Totals (Custom SQL)","physicalTableMap":{"b88fa2ee-de40-4803-b4ab-c89a8bf02c82":{"customSql":{"dataSourceArn":"arn:aws:quicksight:AwsRegion:AwsAccountId:datasource/B2BMPSprykerDefaultDataSource","name":"Order Totals (Custom SQL)","sqlQuery":"SELECT id_sales_order, cart_note, currency_iso_code, customer_reference, email, first_name, last_name, order_reference, price_mode, salutation, store, spy_sales_order.created_at, spy_sales_order.updated_at, canceled_total, discount_total, grand_total, merchant_commission_refunded_total, merchant_commission_total, order_expense_total, refund_total, subtotal, tax_total\n       FROM spy_sales_order\n         LEFT JOIN spy_sales_order_totals ON spy_sales_order.id_sales_order = spy_sales_order_totals.fk_sales_order\nWHERE spy_sales_order_totals.id_sales_order_totals =\n      (SELECT spy_sales_order_totals.id_sales_order_totals\n       FROM spy_sales_order_totals\n       WHERE fk_sales_order = spy_sales_order.id_sales_order\n       ORDER BY spy_sales_order.created_at DESC, id_sales_order_totals DESC\n       LIMIT 1)","columns":[{"name":"id_sales_order","type":"INTEGER"},{"name":"cart_note","type":"STRING"},{"name":"currency_iso_code","type":"STRING"},{"name":"customer_reference","type":"STRING"},{"name":"email","type":"STRING"},{"name":"first_name","type":"STRING"},{"name":"last_name","type":"STRING"},{"name":"order_reference","type":"STRING"},{"name":"price_mode","type":"INTEGER"},{"name":"salutation","type":"INTEGER"},{"name":"store","type":"STRING"},{"name":"created_at","type":"DATETIME"},{"name":"updated_at","type":"DATETIME"},{"name":"canceled_total","type":"INTEGER"},{"name":"discount_total","type":"INTEGER"},{"name":"grand_total","type":"INTEGER"},{"name":"merchant_commission_refunded_total","type":"INTEGER"},{"name":"merchant_commission_total","type":"INTEGER"},{"name":"order_expense_total","type":"INTEGER"},{"name":"refund_total","type":"INTEGER"},{"name":"subtotal","type":"INTEGER"},{"name":"tax_total","type":"INTEGER"}]}}},"logicalTableMap":{"3bd22d74-7163-4698-9cf5-d1b1ede0bd15":{"alias":"Order Totals (Custom SQL)","dataTransforms":[{"projectOperation":{"projectedColumns":["id_sales_order","cart_note","currency_iso_code","customer_reference","email","first_name","last_name","order_reference","price_mode","salutation","store","created_at","updated_at","canceled_total","discount_total","grand_total","merchant_commission_refunded_total","merchant_commission_total","order_expense_total","refund_total","subtotal","tax_total"]}}],"source":{"physicalTableId":"b88fa2ee-de40-4803-b4ab-c89a8bf02c82"}}},"importMode":"SPICE","fieldFolders":{},"dataSetUsageConfiguration":{"disableUseAsDirectQuerySource":false,"disableUseAsImportedSource":false}}