cost_center_key,name,amount,currency_iso_code,starts_at,ends_at,enforcement_rule,is_active
cc-production,Production Annual Budget 2026 - Warning,250000,EUR,2026-01-01,2026-12-31,warn,1
cc-production,Production Annual Budget 2026 - Block,150000,EUR,2026-01-01,2026-12-31,block,1
cc-maintenance,Maintenance Annual Budget 2026 - Warning,120000,EUR,2026-01-01,2026-12-31,warn,1
cc-maintenance,Maintenance Annual Budget 2026 - Block,80000,EUR,2026-01-01,2026-12-31,block,1
cc-rnd,R&D Annual Budget 2026 - Warning,180000,EUR,2026-01-01,2026-12-31,warn,1
cc-rnd,R&D Annual Budget 2026 - Block,100000,EUR,2026-01-01,2026-12-31,block,1
cc-capex,Capital Expenditure Budget 2026 - Warning,200000,EUR,2026-01-01,2026-12-31,warn,1
cc-capex,Capital Expenditure Budget 2026 - Block,140000,EUR,2026-01-01,2026-12-31,block,1
cc-capex,Capital Expenditure Budget 2026 - Approval,90000,EUR,2026-01-01,2026-12-31,require_approval,1
