block_key,block_name,template_name,template_path,active,placeholder.title.en_US,placeholder.title.pl_PL,placeholder.title.uk_UA,placeholder.content.en_US,placeholder.content.pl_PL,placeholder.content.uk_UA,placeholder.imageUrl.en_US,placeholder.imageUrl.pl_PL,placeholder.imageUrl.uk_UA,placeholder.link.en_US,placeholder.link.pl_PL,placeholder.link.uk_UA
plm-home-hero,"Pellumbra home carousel","Jumbotron Block",@CmsBlock/template/jumbotron_block.twig,1,,,,"{{ content_banner('plm-br-1', 'home-page') }}{{ content_banner('plm-br-2', 'home-page') }}","{{ content_banner('plm-br-1', 'home-page') }}{{ content_banner('plm-br-2', 'home-page') }}","{{ content_banner('plm-br-1', 'home-page') }}{{ content_banner('plm-br-2', 'home-page') }}",,,,,,
blck-nav-desktop,"CMS block for the main navigation desktop","Navigation block",@CmsBlock/template/navigation_block.twig,1,,,,"{{ content_navigation('navigation-main-desktop', 'navigation-header') }}","{{ content_navigation('navigation-main-desktop', 'navigation-header') }}","{{ content_navigation('navigation-main-desktop', 'navigation-header') }}",,,,,,
blck-nav-mobile,"CMS block for the main navigation mobile","Navigation block",@CmsBlock/template/navigation_block.twig,1,,,,"{{ content_navigation('navigation-main-mobile', 'navigation-header') }}","{{ content_navigation('navigation-main-mobile', 'navigation-header') }}","{{ content_navigation('navigation-main-mobile', 'navigation-header') }}",,,,,,
blck-nav-footer-1,"CMS block for the footer partners","Navigation block",@CmsBlock/template/navigation_block.twig,1,,,,"{{ content_navigation('navigation-partners', 'footer-partners') }}","{{ content_navigation('navigation-partners', 'footer-partners') }}","{{ content_navigation('navigation-partners', 'footer-partners') }}",,,,,,
blck-nav-footer-2,"CMS block for the footer navigation","Navigation block",@CmsBlock/template/navigation_block.twig,1,,,,"{{ content_navigation('navigation-footer-categories', 'navigation-footer') }}{{ content_navigation('navigation-footer-brands', 'navigation-footer') }}{{ content_navigation('navigation-footer', 'navigation-footer') }}","{{ content_navigation('navigation-footer-categories', 'navigation-footer') }}{{ content_navigation('navigation-footer-brands', 'navigation-footer') }}{{ content_navigation('navigation-footer', 'navigation-footer') }}","{{ content_navigation('navigation-footer-categories', 'navigation-footer') }}{{ content_navigation('navigation-footer-brands', 'navigation-footer') }}{{ content_navigation('navigation-footer', 'navigation-footer') }}",,,,,,
blck-nav-footer-3,"CMS block for the footer social links","Navigation block",@CmsBlock/template/navigation_block.twig,1,,,,"{{ content_navigation('navigation-social-links', 'footer-social-links') }}","{{ content_navigation('navigation-social-links', 'footer-social-links') }}","{{ content_navigation('navigation-social-links', 'footer-social-links') }}",,,,,,
blck-nav-footer-4,"CMS block for the footer navigation on checkout","Navigation block",@CmsBlock/template/navigation_block.twig,1,,,,"{{ content_navigation('navigation-footer', 'navigation-footer-checkout') }}","{{ content_navigation('navigation-footer', 'navigation-footer-checkout') }}","{{ content_navigation('navigation-footer', 'navigation-footer-checkout') }}",,,,,,
plm-featured,"Pellumbra featured products","Section block",@CmsBlock/template/section_block.twig,1,"<h2 class='section__title section__title--secondary'>Featured products</h2>","<h2 class='section__title section__title--secondary'>Polecane produkty</h2>","<h2 class='section__title section__title--secondary'>Рекомендовані товари</h2>","<p class='section__sub-title'>A cross-section of the range - bearings, fasteners, seals, lubricants, tools and consumables.</p> {{ content_product_abstract_list('plm-apl-1', 'slider') }}","<p class='section__sub-title'>Przegląd asortymentu - łożyska, elementy złączne, uszczelnienia, smary, narzędzia i materiały eksploatacyjne.</p> {{ content_product_abstract_list('plm-apl-1', 'slider') }}","<p class='section__sub-title'>Огляд асортименту - підшипники, кріплення, ущільнення, мастила, інструменти та розхідні матеріали.</p> {{ content_product_abstract_list('plm-apl-1', 'slider') }}",,,,,,
plm-bestsellers,"Pellumbra best sellers","Section block",@CmsBlock/template/section_block.twig,1,"<h2 class='section__title section__title--secondary'>Best sellers</h2>","<h2 class='section__title section__title--secondary'>Najczęściej kupowane</h2>","<h2 class='section__title section__title--secondary'>Найпопулярніші товари</h2>","<p class='section__sub-title'>The parts maintenance teams reorder most often.</p> {{ content_product_abstract_list('plm-apl-2', 'slider') }}","<p class='section__sub-title'>Części, które działy utrzymania ruchu zamawiają najczęściej.</p> {{ content_product_abstract_list('plm-apl-2', 'slider') }}","<p class='section__sub-title'>Деталі, які служби обслуговування замовляють найчастіше.</p> {{ content_product_abstract_list('plm-apl-2', 'slider') }}",,,,,,
plm-banner-1,"Pellumbra category banner","Banner block",@CmsBlock/template/banner_block.twig,1,"<h2 class='section__title section__title--secondary'>Featured categories</h2><p class='section__sub-title'>Start from the two ranges that cover most maintenance and production sourcing.</p>","<h2 class='section__title section__title--secondary'>Polecane kategorie</h2><p class='section__sub-title'>Zacznij od dwóch grup, które pokrywają większość potrzeb utrzymania ruchu i produkcji.</p>","<h2 class='section__title section__title--secondary'>Рекомендовані категорії</h2><p class='section__sub-title'>Почніть із двох груп, що покривають більшість потреб обслуговування та виробництва.</p>","<p class='banner__label'>Featured</p><div class='banner__title-group'><h3 class='banner__title'>Bearings and transmission</h3><p class='banner__text'>Deep groove and tapered roller bearings, worm gear reducers and the seals that go with them - stocked in the common metric sizes for drivetrain repair and planned maintenance.</p></div><ul class='banner__badges'><li class='banner__badge'>Bearings</li><li class='banner__badge'>Gearboxes</li><li class='banner__badge'>Seals</li></ul>","<p class='banner__label'>Polecane</p><div class='banner__title-group'><h3 class='banner__title'>Łożyska i napędy</h3><p class='banner__text'>Łożyska kulkowe i stożkowe, przekładnie ślimakowe oraz pasujące do nich uszczelnienia - dostępne w typowych rozmiarach metrycznych do napraw napędów i planowanych przeglądów.</p></div><ul class='banner__badges'><li class='banner__badge'>Łożyska</li><li class='banner__badge'>Przekładnie</li><li class='banner__badge'>Uszczelnienia</li></ul>","<p class='banner__label'>Рекомендовані</p><div class='banner__title-group'><h3 class='banner__title'>Підшипники та приводи</h3><p class='banner__text'>Радіальні та конічні підшипники, червячні редуктори й відповідні ущільнення - на складі в поширених метричних розмірах для ремонту приводів і планового обслуговування.</p></div><ul class='banner__badges'><li class='banner__badge'>Підшипники</li><li class='banner__badge'>Редуктори</li><li class='banner__badge'>Ущільнення</li></ul>",/assets/static/images/catalog/bearings-transmission.png,/assets/static/images/catalog/bearings-transmission.png,/assets/static/images/catalog/bearings-transmission.png,/en/mechanical-components/bearings-&-transmission,/pl/komponenty-mechaniczne/łożyska-i-napędy,/uk/механічні-компоненти/підшипники-та-приводи
plm-grid-1,"Pellumbra grid banner plm-grid-1","Banner grid column block",@CmsBlock/template/banner_grid_column_block.twig,1,"<div class=""banner__title"">Fasteners</div>","<div class=""banner__title"">Elementy złączne</div>","<div class=""banner__title"">Кріпильні елементи</div>","<div class=""banner__text"">Bolts, nuts and anchors in zinc-plated, A2 and A4 stainless - in workshop packs.</div>","<div class=""banner__text"">Śruby, nakrętki i kotwy galwanizowane oraz ze stali A2 i A4 - w opakowaniach warsztatowych.</div>","<div class=""banner__text"">Болти, гайки та анкери оцинковані й із нержавіючої сталі A2 та A4 - в упаковках для майстерні.</div>",/assets/static/images/catalog/fasteners.png,/assets/static/images/catalog/fasteners.png,/assets/static/images/catalog/fasteners.png,/en/mechanical-components/fasteners,/pl/komponenty-mechaniczne/elementy-złączne,/uk/механічні-компоненти/кріпильні-елементи
plm-grid-2,"Pellumbra grid banner plm-grid-2","Banner grid column block",@CmsBlock/template/banner_grid_column_block.twig,1,"<div class=""banner__title"">Lubricants and chemicals</div>","<div class=""banner__title"">Smary i chemia</div>","<div class=""banner__title"">Мастила та хімія</div>","<div class=""banner__text"">Greases, hydraulic oils and cleaners for scheduled maintenance.</div>","<div class=""banner__text"">Smary, oleje hydrauliczne i zmywacze do planowanych przeglądów.</div>","<div class=""banner__text"">Мастила, гідравлічні оливи та очищувачі для планового обслуговування.</div>",/assets/static/images/catalog/lubricants-chemicals.png,/assets/static/images/catalog/lubricants-chemicals.png,/assets/static/images/catalog/lubricants-chemicals.png,/en/consumables-&-tools/lubricants-&-chemicals,/pl/materiały-eksploatacyjne-i-narzędzia/smary-i-chemia,/uk/розхідні-матеріали-та-інструменти/мастила-та-хімія
plm-grid-3,"Pellumbra grid banner plm-grid-3","Banner grid column block",@CmsBlock/template/banner_grid_column_block.twig,1,"<div class=""banner__title"">Tools and abrasives</div>","<div class=""banner__title"">Narzędzia i materiały ścierne</div>","<div class=""banner__title"">Інструменти та абразиви</div>","<div class=""banner__text"">Torque wrenches, socket sets, impact tools and flap discs.</div>","<div class=""banner__text"">Klucze dynamometryczne, zestawy nasadek, klucze udarowe i dyski lamelkowe.</div>","<div class=""banner__text"">Динамометричні ключі, набори головок, гайковерти та пелюсткові круги.</div>",/assets/static/images/catalog/tools-abrasives.png,/assets/static/images/catalog/tools-abrasives.png,/assets/static/images/catalog/tools-abrasives.png,/en/consumables-&-tools/tools-&-abrasives,/pl/materiały-eksploatacyjne-i-narzędzia/narzędzia-i-materiały-ścierne,/uk/розхідні-матеріали-та-інструменти/інструменти-та-абразиви
plm-home-bottom,"Pellumbra value proposition","Section block",@CmsBlock/template/section_block.twig,1,"<h2 class='section__title section__title--secondary'>Built for maintenance and procurement teams</h2>","<h2 class='section__title section__title--secondary'>Stworzone dla działów utrzymania ruchu i zakupów</h2>","<h2 class='section__title section__title--secondary'>Створено для служб обслуговування та закупівель</h2>","<p class='section__text'>In industrial environments every hour of uptime counts. Source parts, consumables and tools from one storefront, priced for your store and your contract.</p><div class='grid grid--gap'><div class='col col--sm-12 col--lg-4'><p class='section__sub-heading'>One storefront</p><p class='section__text'>Bearings, fasteners, seals, lubricants, tools and workshop consumables in a single catalogue.</p></div><div class='col col--sm-12 col--lg-4'><p class='section__sub-heading'>Technical detail up front</p><p class='section__text'>Sizes, materials, thread and unit of measure on every product, so the right part is ordered first time.</p></div><div class='col col--sm-12 col--lg-4'><p class='section__sub-heading'>Made for reordering</p><p class='section__text'>Shopping lists, quick order and company accounts for teams that order the same parts every month.</p></div></div>","<p class='section__text'>W środowisku przemysłowym liczy się każda godzina pracy. Zamawiaj części, materiały eksploatacyjne i narzędzia w jednym sklepie, w cenach ustalonych dla Twojego sklepu i Twojej umowy.</p><div class='grid grid--gap'><div class='col col--sm-12 col--lg-4'><p class='section__sub-heading'>Jeden sklep</p><p class='section__text'>Łożyska, elementy złączne, uszczelnienia, smary, narzędzia i materiały warsztatowe w jednym katalogu.</p></div><div class='col col--sm-12 col--lg-4'><p class='section__sub-heading'>Dane techniczne od razu</p><p class='section__text'>Rozmiary, materiał, gwint i jednostka miary przy każdym produkcie, aby od razu zamówić właściwą część.</p></div><div class='col col--sm-12 col--lg-4'><p class='section__sub-heading'>Zaprojektowane do ponownych zamówień</p><p class='section__text'>Listy zakupowe, szybkie zamówienia i konta firmowe dla zespołów zamawiających te same części co miesiąc.</p></div></div>","<p class='section__text'>У промисловому середовищі важлива кожна година роботи. Замовляйте деталі, розхідні матеріали та інструменти в одному магазині, за цінами для вашого магазину та вашого договору.</p><div class='grid grid--gap'><div class='col col--sm-12 col--lg-4'><p class='section__sub-heading'>Один магазин</p><p class='section__text'>Підшипники, кріплення, ущільнення, мастила, інструменти та матеріали для майстерні в одному каталозі.</p></div><div class='col col--sm-12 col--lg-4'><p class='section__sub-heading'>Технічні дані відразу</p><p class='section__text'>Розміри, матеріал, різьба та одиниця виміру для кожного товару, щоб одразу замовити потрібну деталь.</p></div><div class='col col--sm-12 col--lg-4'><p class='section__sub-heading'>Зручно для повторних замовлень</p><p class='section__text'>Списки покупок, швидке замовлення та корпоративні акаунти для команд, що замовляють ті самі деталі щомісяця.</p></div></div>",,,,,,
plm-cat-middle,"Pellumbra plm-cat-middle","Title and Content",@CmsBlock/template/title_and_content_block.twig,1,"<h2>Need help choosing?</h2>","<h2>Potrzebujesz pomocy w wyborze?</h2>","<h2>Потрібна допомога у виборі?</h2>","<p>Filter by material, size, thread or unit of measure to narrow the list, or search by part number if you already know what you need.</p>","<p>Filtruj według materiału, rozmiaru, gwintu lub jednostki miary, aby zawęzić listę, albo szukaj po numerze części, jeśli już wiesz, czego potrzebujesz.</p>","<p>Фільтруйте за матеріалом, розміром, різьбою або одиницею виміру, щоб звузити список, або шукайте за номером деталі, якщо вже знаєте, що потрібно.</p>",,,,,,
plm-cat-bottom,"Pellumbra plm-cat-bottom","Title and Content",@CmsBlock/template/title_and_content_block.twig,1,"<h2>Ordering for a team?</h2>","<h2>Zamawiasz dla zespołu?</h2>","<h2>Замовляєте для команди?</h2>","<p>Company accounts let you share shopping lists, set purchase limits and route larger orders for approval.</p>","<p>Konta firmowe pozwalają udostępniać listy zakupowe, ustawiać limity zakupowe i kierować większe zamówienia do zatwierdzenia.</p>","<p>Корпоративні акаунти дають змогу спільно користуватися списками покупок, установлювати ліміти закупівель і надсилати більші замовлення на затвердження.</p>",,,,,,
plm-pdp,"Pellumbra plm-pdp","Product Block",@CmsBlock/template/product-cms-block.twig,1,"<h2>Technical questions?</h2>","<h2>Pytania techniczne?</h2>","<h2>Технічні питання?</h2>","<p>Contact us with the part number and application and we will confirm the right specification before you order.</p>","<p>Skontaktuj się z nami, podając numer części i zastosowanie, a potwierdzimy właściwą specyfikację przed zamówieniem.</p>","<p>Зв'яжіться з нами, вказавши номер деталі та застосування, і ми підтвердимо правильну специфікацію перед замовленням.</p>",,,,,,
