{"resourceType":"dataset","dataSetId":"SprykerB2BMPDefaultDatasetOrderItemProductCategory","name":"Order Item + Product + Category","physicalTableMap":{"90a636dd-d759-464e-801d-9131f870bd6e":{"relationalTable":{"dataSourceArn":"arn:aws:quicksight:AwsRegion:AwsAccountId:datasource/SprykerB2BMPDefaultDataSource","name":"spy_product","inputColumns":[{"name":"id_product","type":"INTEGER"},{"name":"fk_product_abstract","type":"INTEGER"},{"name":"attributes","type":"STRING"},{"name":"is_active","type":"BIT"},{"name":"is_quantity_splittable","type":"BIT"},{"name":"sku","type":"STRING"},{"name":"created_at","type":"DATETIME"},{"name":"updated_at","type":"DATETIME"}]}},"52baf730-038f-457c-b32c-919a21fad96e":{"relationalTable":{"dataSourceArn":"arn:aws:quicksight:AwsRegion:AwsAccountId:datasource/SprykerB2BMPDefaultDataSource","name":"spy_sales_order_item","inputColumns":[{"name":"id_sales_order_item","type":"INTEGER"},{"name":"fk_oms_order_item_state","type":"INTEGER"},{"name":"fk_oms_order_process","type":"INTEGER"},{"name":"fk_sales_order","type":"INTEGER"},{"name":"fk_sales_order_item_bundle","type":"INTEGER"},{"name":"fk_sales_shipment","type":"INTEGER"},{"name":"amount","type":"DECIMAL","subType":"FIXED"},{"name":"amount_base_measurement_unit_name","type":"STRING"},{"name":"amount_measurement_unit_code","type":"STRING"},{"name":"amount_measurement_unit_conversion","type":"DECIMAL","subType":"FLOAT"},{"name":"amount_measurement_unit_name","type":"STRING"},{"name":"amount_measurement_unit_precision","type":"INTEGER"},{"name":"amount_sku","type":"STRING"},{"name":"canceled_amount","type":"INTEGER"},{"name":"cart_note","type":"STRING"},{"name":"discount_amount_aggregation","type":"INTEGER"},{"name":"discount_amount_full_aggregation","type":"INTEGER"},{"name":"expense_price_aggregation","type":"INTEGER"},{"name":"gross_price","type":"INTEGER"},{"name":"group_key","type":"STRING"},{"name":"is_quantity_splittable","type":"BIT"},{"name":"last_state_change","type":"DATETIME"},{"name":"merchant_commission_amount_aggregation","type":"INTEGER"},{"name":"merchant_commission_amount_full_aggregation","type":"INTEGER"},{"name":"merchant_commission_refunded_amount","type":"INTEGER"},{"name":"merchant_reference","type":"STRING"},{"name":"name","type":"STRING"},{"name":"net_price","type":"INTEGER"},{"name":"order_item_reference","type":"STRING"},{"name":"price","type":"INTEGER"},{"name":"price_to_pay_aggregation","type":"INTEGER"},{"name":"product_offer_reference","type":"STRING"},{"name":"product_option_price_aggregation","type":"INTEGER"},{"name":"quantity","type":"INTEGER"},{"name":"quantity_base_measurement_unit_name","type":"STRING"},{"name":"quantity_measurement_unit_code","type":"STRING"},{"name":"quantity_measurement_unit_conversion","type":"DECIMAL","subType":"FLOAT"},{"name":"quantity_measurement_unit_name","type":"STRING"},{"name":"quantity_measurement_unit_precision","type":"INTEGER"},{"name":"refundable_amount","type":"INTEGER"},{"name":"remuneration_amount","type":"INTEGER"},{"name":"sku","type":"STRING"},{"name":"subtotal_aggregation","type":"INTEGER"},{"name":"tax_amount","type":"INTEGER"},{"name":"tax_amount_after_cancellation","type":"INTEGER"},{"name":"tax_amount_full_aggregation","type":"INTEGER"},{"name":"tax_rate","type":"DECIMAL","subType":"FIXED"},{"name":"tax_rate_average_aggregation","type":"DECIMAL","subType":"FIXED"},{"name":"uuid","type":"STRING"},{"name":"created_at","type":"DATETIME"},{"name":"updated_at","type":"DATETIME"}]}},"6dd5a30c-56fd-4068-a4a8-22c2c29a4fc4":{"relationalTable":{"dataSourceArn":"arn:aws:quicksight:AwsRegion:AwsAccountId:datasource/SprykerB2BMPDefaultDataSource","name":"spy_oms_order_item_state","inputColumns":[{"name":"id_oms_order_item_state","type":"INTEGER"},{"name":"description","type":"STRING"},{"name":"name","type":"STRING"}]}},"6985dbe4-627a-4b21-8c51-bef968640e1b":{"relationalTable":{"dataSourceArn":"arn:aws:quicksight:AwsRegion:AwsAccountId:datasource/SprykerB2BMPDefaultDataSource","name":"spy_sales_order","inputColumns":[{"name":"id_sales_order","type":"INTEGER"},{"name":"fk_locale","type":"INTEGER"},{"name":"fk_sales_order_address_billing","type":"INTEGER"},{"name":"fk_sales_order_address_shipping","type":"INTEGER"},{"name":"cart_note","type":"STRING"},{"name":"company_business_unit_uuid","type":"STRING"},{"name":"company_uuid","type":"STRING"},{"name":"currency_iso_code","type":"STRING"},{"name":"customer_reference","type":"STRING"},{"name":"email","type":"STRING"},{"name":"first_name","type":"STRING"},{"name":"is_test","type":"BIT"},{"name":"last_name","type":"STRING"},{"name":"oms_processor_identifier","type":"INTEGER"},{"name":"order_custom_reference","type":"STRING"},{"name":"order_reference","type":"STRING"},{"name":"price_mode","type":"INTEGER"},{"name":"salutation","type":"INTEGER"},{"name":"store","type":"STRING"},{"name":"created_at","type":"DATETIME"},{"name":"updated_at","type":"DATETIME"}]}},"48495d54-e634-428d-9daa-34319ec0e3d2":{"customSql":{"dataSourceArn":"arn:aws:quicksight:AwsRegion:AwsAccountId:datasource/SprykerB2BMPDefaultDataSource","name":"Category","sqlQuery":"SELECT spy_product_category.fk_product_abstract, spy_category.category_key, spy_category.is_active, spy_category.is_clickable, spy_category.is_in_menu, spy_category.is_searchable, spy_category_attribute.category_image_name, spy_category_attribute.meta_description, spy_category_attribute.meta_keywords, spy_category_attribute.meta_title, spy_category_attribute.name, spy_locale.locale_name FROM spy_product_category\nLEFT JOIN spy_category ON spy_product_category.fk_category = spy_category.id_category\nLEFT JOIN spy_category_attribute ON spy_category.id_category = spy_category_attribute.fk_category\nLEFT JOIN spy_locale ON spy_category_attribute.fk_locale = spy_locale.id_locale\nWHERE spy_locale.locale_name = 'en_US'\nGROUP BY fk_product_abstract","columns":[{"name":"fk_product_abstract","type":"INTEGER"},{"name":"category_key","type":"STRING"},{"name":"is_active","type":"BIT"},{"name":"is_clickable","type":"BIT"},{"name":"is_in_menu","type":"BIT"},{"name":"is_searchable","type":"BIT"},{"name":"category_image_name","type":"STRING"},{"name":"meta_description","type":"STRING"},{"name":"meta_keywords","type":"STRING"},{"name":"meta_title","type":"STRING"},{"name":"name","type":"STRING"},{"name":"locale_name","type":"STRING"}]}},"a7cbd767-ff69-4cf7-8e64-0b7236ceb508":{"relationalTable":{"dataSourceArn":"arn:aws:quicksight:AwsRegion:AwsAccountId:datasource/SprykerB2BMPDefaultDataSource","name":"spy_product_abstract","inputColumns":[{"name":"id_product_abstract","type":"INTEGER"},{"name":"fk_tax_set","type":"INTEGER"},{"name":"approval_status","type":"STRING"},{"name":"attributes","type":"STRING"},{"name":"color_code","type":"STRING"},{"name":"new_from","type":"DATETIME"},{"name":"new_to","type":"DATETIME"},{"name":"sku","type":"STRING"},{"name":"created_at","type":"DATETIME"},{"name":"updated_at","type":"DATETIME"}]}}},"logicalTableMap":{"0b5c0cfc-2d2e-4033-b845-61556c642c40":{"alias":"spy_sales_order_item","dataTransforms":[{"renameColumnOperation":{"columnName":"name","newColumnName":"name[spy_sales_order_item]"}}],"source":{"physicalTableId":"52baf730-038f-457c-b32c-919a21fad96e"}},"e0c20fcf-a358-4c8b-857d-fd43613d4bca":{"alias":"spy_oms_order_item_state","source":{"physicalTableId":"6dd5a30c-56fd-4068-a4a8-22c2c29a4fc4"}},"4ccf9a0d-db86-49f8-8ced-eb3f19bf8b41":{"alias":"Intermediate Table (3)","source":{"joinInstruction":{"leftOperand":"afef42ce-8ecd-4e8b-a621-c540a9453fcc","rightOperand":"42ac494e-81d6-4292-8003-b44a148ffc43","type":"LEFT","onClause":"{sku} = {sku[spy_product]}"}}},"8f82cb83-74bc-4ffb-9a43-2ecae853959f":{"alias":"Intermediate Table","source":{"joinInstruction":{"leftOperand":"e0c20fcf-a358-4c8b-857d-fd43613d4bca","rightOperand":"0b5c0cfc-2d2e-4033-b845-61556c642c40","leftJoinKeyProperties":{"uniqueKey":true},"type":"RIGHT","onClause":"{id_oms_order_item_state} = {fk_oms_order_item_state}"}}},"639976b1-0935-4c4a-9fc7-712d7bb51520":{"alias":"spy_product_abstract","dataTransforms":[{"renameColumnOperation":{"columnName":"attributes","newColumnName":"attributes[spy_product_abstract]"}},{"renameColumnOperation":{"columnName":"sku","newColumnName":"sku[spy_product_abstract]"}},{"renameColumnOperation":{"columnName":"created_at","newColumnName":"created_at[spy_product_abstract]"}},{"renameColumnOperation":{"columnName":"updated_at","newColumnName":"updated_at[spy_product_abstract]"}}],"source":{"physicalTableId":"a7cbd767-ff69-4cf7-8e64-0b7236ceb508"}},"42ac494e-81d6-4292-8003-b44a148ffc43":{"alias":"spy_product","dataTransforms":[{"renameColumnOperation":{"columnName":"is_quantity_splittable","newColumnName":"is_quantity_splittable[spy_product]"}},{"renameColumnOperation":{"columnName":"sku","newColumnName":"sku[spy_product]"}},{"renameColumnOperation":{"columnName":"created_at","newColumnName":"created_at[spy_product]"}},{"renameColumnOperation":{"columnName":"updated_at","newColumnName":"updated_at[spy_product]"}}],"source":{"physicalTableId":"90a636dd-d759-464e-801d-9131f870bd6e"}},"87a1c344-7922-4c3f-ad65-31108f85478d":{"alias":"spy_sales_order","dataTransforms":[{"renameColumnOperation":{"columnName":"cart_note","newColumnName":"cart_note[spy_sales_order]"}},{"renameColumnOperation":{"columnName":"created_at","newColumnName":"created_at[spy_sales_order]"}},{"renameColumnOperation":{"columnName":"updated_at","newColumnName":"updated_at[spy_sales_order]"}}],"source":{"physicalTableId":"6985dbe4-627a-4b21-8c51-bef968640e1b"}},"13f13b3e-9a7b-4ba7-a823-38921f0ad0cb":{"alias":"Intermediate Table (5)","dataTransforms":[{"createColumnsOperation":{"columns":[{"columnName":"formatted_price_to_pay","columnId":"4e2830e7-befd-4e20-bf1d-30ba0b55735f","expression":"{price_to_pay_aggregation}/100"}]}},{"filterOperation":{"conditionExpression":"{locale_name}=\"en_US\"","enabled":false,"inverse":false}},{"projectOperation":{"projectedColumns":["description","name","id_sales_order_item","amount","amount_base_measurement_unit_name","amount_measurement_unit_code","amount_measurement_unit_conversion","amount_measurement_unit_name","amount_measurement_unit_precision","amount_sku","canceled_amount","cart_note","discount_amount_aggregation","discount_amount_full_aggregation","expense_price_aggregation","gross_price","group_key","is_quantity_splittable","last_state_change","merchant_commission_amount_aggregation","merchant_commission_amount_full_aggregation","merchant_commission_refunded_amount","merchant_reference","name[spy_sales_order_item]","net_price","order_item_reference","price","price_to_pay_aggregation","product_offer_reference","product_option_price_aggregation","quantity","quantity_base_measurement_unit_name","quantity_measurement_unit_code","quantity_measurement_unit_conversion","quantity_measurement_unit_name","quantity_measurement_unit_precision","refundable_amount","remuneration_amount","sku","subtotal_aggregation","tax_amount","tax_amount_after_cancellation","tax_amount_full_aggregation","tax_rate","tax_rate_average_aggregation","created_at","updated_at","cart_note[spy_sales_order]","company_business_unit_uuid","company_uuid","currency_iso_code","customer_reference","email","first_name","is_test","last_name","oms_processor_identifier","order_custom_reference","order_reference","price_mode","salutation","store","created_at[spy_sales_order]","updated_at[spy_sales_order]","attributes","is_active","is_quantity_splittable[spy_product]","sku[spy_product]","created_at[spy_product]","updated_at[spy_product]","fk_tax_set","approval_status","attributes[spy_product_abstract]","color_code","new_from","new_to","sku[spy_product_abstract]","created_at[spy_product_abstract]","updated_at[spy_product_abstract]","fk_product_abstract[Category]","category_key","is_active[Category]","is_clickable","is_in_menu","is_searchable","category_image_name","meta_description","meta_keywords","meta_title","name[Category]","locale_name","formatted_price_to_pay"]}}],"source":{"joinInstruction":{"leftOperand":"743e3dd7-f42d-4405-abd0-5ec5e149db6a","rightOperand":"635cc08c-a9dd-4b3d-b5fc-6d9d5a069eca","type":"LEFT","onClause":"{id_product_abstract} = {fk_product_abstract[Category]}"}}},"635cc08c-a9dd-4b3d-b5fc-6d9d5a069eca":{"alias":"Category","dataTransforms":[{"renameColumnOperation":{"columnName":"fk_product_abstract","newColumnName":"fk_product_abstract[Category]"}},{"renameColumnOperation":{"columnName":"is_active","newColumnName":"is_active[Category]"}},{"renameColumnOperation":{"columnName":"name","newColumnName":"name[Category]"}}],"source":{"physicalTableId":"48495d54-e634-428d-9daa-34319ec0e3d2"}},"afef42ce-8ecd-4e8b-a621-c540a9453fcc":{"alias":"Intermediate Table (2)","source":{"joinInstruction":{"leftOperand":"8f82cb83-74bc-4ffb-9a43-2ecae853959f","rightOperand":"87a1c344-7922-4c3f-ad65-31108f85478d","rightJoinKeyProperties":{"uniqueKey":true},"type":"LEFT","onClause":"{fk_sales_order} = {id_sales_order}"}}},"743e3dd7-f42d-4405-abd0-5ec5e149db6a":{"alias":"Intermediate Table (4)","source":{"joinInstruction":{"leftOperand":"4ccf9a0d-db86-49f8-8ced-eb3f19bf8b41","rightOperand":"639976b1-0935-4c4a-9fc7-712d7bb51520","rightJoinKeyProperties":{"uniqueKey":true},"type":"LEFT","onClause":"{fk_product_abstract} = {id_product_abstract}"}}}},"importMode":"SPICE","fieldFolders":{},"dataSetUsageConfiguration":{"disableUseAsDirectQuerySource":false,"disableUseAsImportedSource":false}}