{"resourceType":"dataset","dataSetId":"SprykerB2BMPDefaultDatasetCategoryLocalizedProductAbstract","name":"Category + Localized Product Abstract","physicalTableMap":{"3d6e7002-26d4-4799-94ce-b10e67bf8136":{"relationalTable":{"dataSourceArn":"arn:aws:quicksight:AwsRegion:AwsAccountId:datasource/SprykerB2BMPDefaultDataSource","name":"spy_category_attribute","inputColumns":[{"name":"id_category_attribute","type":"INTEGER"},{"name":"fk_category","type":"INTEGER"},{"name":"fk_locale","type":"INTEGER"},{"name":"category_image_name","type":"STRING"},{"name":"meta_description","type":"STRING"},{"name":"meta_keywords","type":"STRING"},{"name":"meta_title","type":"STRING"},{"name":"name","type":"STRING"},{"name":"created_at","type":"DATETIME"},{"name":"updated_at","type":"DATETIME"}]}},"ab9b0da7-c7e2-4969-b238-32743fdf5cad":{"customSql":{"dataSourceArn":"arn:aws:quicksight:AwsRegion:AwsAccountId:datasource/SprykerB2BMPDefaultDataSource","name":"Is Active Product Absrtact","sqlQuery":"SELECT spy_product_abstract.id_product_abstract, (SUM(spy_product.is_active) >= 1) as is_active\nFROM spy_product_abstract\n    LEFT JOIN spy_product\nON spy_product_abstract.id_product_abstract = spy_product.fk_product_abstract\nGROUP BY spy_product_abstract.id_product_abstract","columns":[{"name":"id_product_abstract","type":"INTEGER"},{"name":"is_active","type":"INTEGER"}]}},"df8a69b0-3d09-4350-86c8-e8f72063e8ec":{"relationalTable":{"dataSourceArn":"arn:aws:quicksight:AwsRegion:AwsAccountId:datasource/SprykerB2BMPDefaultDataSource","name":"spy_product_abstract_localized_attributes","inputColumns":[{"name":"id_abstract_attributes","type":"INTEGER"},{"name":"fk_locale","type":"INTEGER"},{"name":"fk_product_abstract","type":"INTEGER"},{"name":"attributes","type":"STRING"},{"name":"description","type":"STRING"},{"name":"meta_description","type":"STRING"},{"name":"meta_keywords","type":"STRING"},{"name":"meta_title","type":"STRING"},{"name":"name","type":"STRING"},{"name":"created_at","type":"DATETIME"},{"name":"updated_at","type":"DATETIME"}]}},"0a44b940-ed39-4b50-b671-8eb499eb96de":{"relationalTable":{"dataSourceArn":"arn:aws:quicksight:AwsRegion:AwsAccountId:datasource/SprykerB2BMPDefaultDataSource","name":"spy_locale","inputColumns":[{"name":"id_locale","type":"INTEGER"},{"name":"is_active","type":"BIT"},{"name":"locale_name","type":"STRING"}]}},"6c56b20c-18fa-4fce-a4d7-fc09f82d49cd":{"relationalTable":{"dataSourceArn":"arn:aws:quicksight:AwsRegion:AwsAccountId:datasource/SprykerB2BMPDefaultDataSource","name":"spy_category","inputColumns":[{"name":"id_category","type":"INTEGER"},{"name":"fk_category_template","type":"INTEGER"},{"name":"category_key","type":"STRING"},{"name":"is_active","type":"BIT"},{"name":"is_clickable","type":"BIT"},{"name":"is_in_menu","type":"BIT"},{"name":"is_searchable","type":"BIT"}]}},"6269ed95-0bf7-4c77-bed8-aa17e68d318a":{"relationalTable":{"dataSourceArn":"arn:aws:quicksight:AwsRegion:AwsAccountId:datasource/SprykerB2BMPDefaultDataSource","name":"spy_product_category","inputColumns":[{"name":"id_product_category","type":"INTEGER"},{"name":"fk_category","type":"INTEGER"},{"name":"fk_product_abstract","type":"INTEGER"},{"name":"product_order","type":"INTEGER"}]}},"bf00f983-d2d8-4b6b-8098-3466df96b7bd":{"relationalTable":{"dataSourceArn":"arn:aws:quicksight:AwsRegion:AwsAccountId:datasource/SprykerB2BMPDefaultDataSource","name":"spy_store","inputColumns":[{"name":"id_store","type":"INTEGER"},{"name":"fk_currency","type":"INTEGER"},{"name":"fk_locale","type":"INTEGER"},{"name":"name","type":"STRING"}]}},"bbb92117-6f0f-44f7-a9b9-503e6c3bb4c2":{"relationalTable":{"dataSourceArn":"arn:aws:quicksight:AwsRegion:AwsAccountId:datasource/SprykerB2BMPDefaultDataSource","name":"spy_locale","inputColumns":[{"name":"id_locale","type":"INTEGER"},{"name":"is_active","type":"BIT"},{"name":"locale_name","type":"STRING"}]}},"1e74a404-0b4c-4449-951c-f8f02246f1d9":{"relationalTable":{"dataSourceArn":"arn:aws:quicksight:AwsRegion:AwsAccountId:datasource/SprykerB2BMPDefaultDataSource","name":"spy_product_abstract","inputColumns":[{"name":"id_product_abstract","type":"INTEGER"},{"name":"fk_tax_set","type":"INTEGER"},{"name":"approval_status","type":"STRING"},{"name":"attributes","type":"STRING"},{"name":"color_code","type":"STRING"},{"name":"new_from","type":"DATETIME"},{"name":"new_to","type":"DATETIME"},{"name":"sku","type":"STRING"},{"name":"created_at","type":"DATETIME"},{"name":"updated_at","type":"DATETIME"}]}},"2d978a29-fac8-4d28-a347-c4bfdd12495c":{"relationalTable":{"dataSourceArn":"arn:aws:quicksight:AwsRegion:AwsAccountId:datasource/SprykerB2BMPDefaultDataSource","name":"spy_category_store","inputColumns":[{"name":"id_category_store","type":"INTEGER"},{"name":"fk_category","type":"INTEGER"},{"name":"fk_store","type":"INTEGER"}]}}},"logicalTableMap":{"5fd2815d-fbed-4e03-adb0-5db1b30eeb5b":{"alias":"Intermediate Table (8)","source":{"joinInstruction":{"leftOperand":"08a75ea0-c718-48e3-a3b2-59e9fdca63b7","rightOperand":"71987f7b-a290-4600-bf7b-cee579a7a3d5","rightJoinKeyProperties":{"uniqueKey":true},"type":"LEFT","onClause":"{fk_locale} = {id_locale}"}}},"6a0d6553-530d-4813-94b0-bb5268469043":{"alias":"Intermediate Table (3)","source":{"joinInstruction":{"leftOperand":"9bf3e73a-54f3-4eef-a0f5-f686260ed2fc","rightOperand":"7d105fe7-6402-4959-b6ef-68992ca21839","rightJoinKeyProperties":{"uniqueKey":true},"type":"LEFT","onClause":"{fk_category} = {id_category}"}}},"08a75ea0-c718-48e3-a3b2-59e9fdca63b7":{"alias":"Intermediate Table (7)","source":{"joinInstruction":{"leftOperand":"de3e4cac-c191-40f8-945d-2667c3a3d473","rightOperand":"76402bb7-250b-4595-9088-d158f74a1a4d","type":"LEFT","onClause":"{fk_locale[spy_category_attribute]} = {id_locale[spy_locale (2)]}"}}},"0f37d10a-56e2-4e6e-b697-d8b32f3fb4e7":{"alias":"spy_category_store","dataTransforms":[{"renameColumnOperation":{"columnName":"fk_category","newColumnName":"fk_category[spy_category_store]"}}],"source":{"physicalTableId":"2d978a29-fac8-4d28-a347-c4bfdd12495c"}},"305176db-89a0-4352-89d6-2d5237cf32b6":{"alias":"Intermediate Table (9)","dataTransforms":[{"filterOperation":{"conditionExpression":"{locale_name}=\"en_US\"","enabled":false,"inverse":false}},{"filterOperation":{"conditionExpression":"{locale_name_category}=\"en_US\"","enabled":false,"inverse":false}},{"projectOperation":{"projectedColumns":["id_product_abstract","approval_status","attributes","color_code","new_from","new_to","sku","created_at","updated_at","product_order","attributes[spy_product_abstract_localized_attributes]","description","meta_description","meta_keywords","meta_title","name","category_key","is_active","is_clickable","is_in_menu","is_searchable","category_image_name","meta_description[spy_category_attribute]","meta_keywords[spy_category_attribute]","meta_title[spy_category_attribute]","name[spy_category_attribute]","store","locale_name_category","locale_name","is_active_product_abstract"]}}],"source":{"joinInstruction":{"leftOperand":"5fd2815d-fbed-4e03-adb0-5db1b30eeb5b","rightOperand":"a1406ba0-a3d0-4a67-b625-c310b0ed5ed4","type":"LEFT","onClause":"{id_product_abstract} = {id_product_abstract[Is Active Product Absrtact]}"}}},"2d646f7c-8bde-42f0-a358-e03d48c9c59e":{"alias":"Intermediate Table (4)","source":{"joinInstruction":{"leftOperand":"6a0d6553-530d-4813-94b0-bb5268469043","rightOperand":"0f37d10a-56e2-4e6e-b697-d8b32f3fb4e7","leftJoinKeyProperties":{"uniqueKey":true},"type":"LEFT","onClause":"{id_category} = {fk_category[spy_category_store]}"}}},"729cdf2b-56e6-4021-9970-cf18e12c89d3":{"alias":"Intermediate Table","source":{"joinInstruction":{"leftOperand":"d651f1b6-1268-4d07-993b-2a192c85e549","rightOperand":"8feea6b8-43ff-40ab-8418-30fbbd5352d2","leftJoinKeyProperties":{"uniqueKey":true},"type":"LEFT","onClause":"{id_product_abstract} = {fk_product_abstract}"}}},"8feea6b8-43ff-40ab-8418-30fbbd5352d2":{"alias":"spy_product_category","source":{"physicalTableId":"6269ed95-0bf7-4c77-bed8-aa17e68d318a"}},"98e65945-0cfa-44a4-ad5c-b77a13b73065":{"alias":"spy_product_abstract_localized_attributes","dataTransforms":[{"renameColumnOperation":{"columnName":"fk_product_abstract","newColumnName":"fk_product_abstract[spy_product_abstract_localized_attributes]"}},{"renameColumnOperation":{"columnName":"attributes","newColumnName":"attributes[spy_product_abstract_localized_attributes]"}},{"renameColumnOperation":{"columnName":"created_at","newColumnName":"created_at[spy_product_abstract_localized_attributes]"}},{"renameColumnOperation":{"columnName":"updated_at","newColumnName":"updated_at[spy_product_abstract_localized_attributes]"}}],"source":{"physicalTableId":"df8a69b0-3d09-4350-86c8-e8f72063e8ec"}},"d651f1b6-1268-4d07-993b-2a192c85e549":{"alias":"spy_product_abstract","source":{"physicalTableId":"1e74a404-0b4c-4449-951c-f8f02246f1d9"}},"de3e4cac-c191-40f8-945d-2667c3a3d473":{"alias":"Intermediate Table (6)","source":{"joinInstruction":{"leftOperand":"4826a101-63be-4abb-bde4-b1d4073a89e3","rightOperand":"408f6e32-eb5f-4391-ada5-060464605e40","rightJoinKeyProperties":{"uniqueKey":true},"type":"LEFT","onClause":"{fk_store} = {id_store}"}}},"4826a101-63be-4abb-bde4-b1d4073a89e3":{"alias":"Intermediate Table (5)","source":{"joinInstruction":{"leftOperand":"2d646f7c-8bde-42f0-a358-e03d48c9c59e","rightOperand":"0023564d-d278-47d1-9026-ad7ffa5ab33c","type":"LEFT","onClause":"{id_category} = {fk_category[spy_category_attribute]}"}}},"71987f7b-a290-4600-bf7b-cee579a7a3d5":{"alias":"spy_locale","dataTransforms":[{"renameColumnOperation":{"columnName":"is_active","newColumnName":"is_active[spy_locale]"}}],"source":{"physicalTableId":"bbb92117-6f0f-44f7-a9b9-503e6c3bb4c2"}},"9bf3e73a-54f3-4eef-a0f5-f686260ed2fc":{"alias":"Intermediate Table (2)","source":{"joinInstruction":{"leftOperand":"729cdf2b-56e6-4021-9970-cf18e12c89d3","rightOperand":"98e65945-0cfa-44a4-ad5c-b77a13b73065","leftJoinKeyProperties":{"uniqueKey":true},"type":"LEFT","onClause":"{id_product_abstract} = {fk_product_abstract[spy_product_abstract_localized_attributes]}"}}},"0023564d-d278-47d1-9026-ad7ffa5ab33c":{"alias":"spy_category_attribute","dataTransforms":[{"renameColumnOperation":{"columnName":"fk_category","newColumnName":"fk_category[spy_category_attribute]"}},{"renameColumnOperation":{"columnName":"fk_locale","newColumnName":"fk_locale[spy_category_attribute]"}},{"renameColumnOperation":{"columnName":"meta_description","newColumnName":"meta_description[spy_category_attribute]"}},{"renameColumnOperation":{"columnName":"meta_keywords","newColumnName":"meta_keywords[spy_category_attribute]"}},{"renameColumnOperation":{"columnName":"meta_title","newColumnName":"meta_title[spy_category_attribute]"}},{"renameColumnOperation":{"columnName":"name","newColumnName":"name[spy_category_attribute]"}},{"renameColumnOperation":{"columnName":"created_at","newColumnName":"created_at[spy_category_attribute]"}},{"renameColumnOperation":{"columnName":"updated_at","newColumnName":"updated_at[spy_category_attribute]"}}],"source":{"physicalTableId":"3d6e7002-26d4-4799-94ce-b10e67bf8136"}},"76402bb7-250b-4595-9088-d158f74a1a4d":{"alias":"spy_locale (2)","dataTransforms":[{"renameColumnOperation":{"columnName":"id_locale","newColumnName":"id_locale[spy_locale (2)]"}},{"renameColumnOperation":{"columnName":"is_active","newColumnName":"is_active[spy_locale (2)]"}},{"renameColumnOperation":{"columnName":"locale_name","newColumnName":"locale_name_category"}}],"source":{"physicalTableId":"0a44b940-ed39-4b50-b671-8eb499eb96de"}},"a1406ba0-a3d0-4a67-b625-c310b0ed5ed4":{"alias":"Is Active Product Absrtact","dataTransforms":[{"renameColumnOperation":{"columnName":"id_product_abstract","newColumnName":"id_product_abstract[Is Active Product Absrtact]"}},{"renameColumnOperation":{"columnName":"is_active","newColumnName":"is_active_product_abstract"}}],"source":{"physicalTableId":"ab9b0da7-c7e2-4969-b238-32743fdf5cad"}},"408f6e32-eb5f-4391-ada5-060464605e40":{"alias":"spy_store","dataTransforms":[{"renameColumnOperation":{"columnName":"fk_locale","newColumnName":"fk_locale[spy_store]"}},{"renameColumnOperation":{"columnName":"name","newColumnName":"store"}}],"source":{"physicalTableId":"bf00f983-d2d8-4b6b-8098-3466df96b7bd"}},"7d105fe7-6402-4959-b6ef-68992ca21839":{"alias":"spy_category","source":{"physicalTableId":"6c56b20c-18fa-4fce-a4d7-fc09f82d49cd"}}},"importMode":"SPICE","fieldFolders":{},"dataSetUsageConfiguration":{"disableUseAsDirectQuerySource":false,"disableUseAsImportedSource":false}}