{"resourceType":"dataset","dataSetId":"SprykerB2BMPDefaultDatasetOrderShipmentMethods","name":"Order Shipment Methods","physicalTableMap":{"0c76cafc-798d-4463-9e5a-212b3be7ada0":{"relationalTable":{"dataSourceArn":"arn:aws:quicksight:AwsRegion:AwsAccountId:datasource/SprykerB2BMPDefaultDataSource","name":"spy_sales_order","inputColumns":[{"name":"id_sales_order","type":"INTEGER"},{"name":"fk_locale","type":"INTEGER"},{"name":"fk_sales_order_address_billing","type":"INTEGER"},{"name":"fk_sales_order_address_shipping","type":"INTEGER"},{"name":"cart_note","type":"STRING"},{"name":"company_business_unit_uuid","type":"STRING"},{"name":"company_uuid","type":"STRING"},{"name":"currency_iso_code","type":"STRING"},{"name":"customer_reference","type":"STRING"},{"name":"email","type":"STRING"},{"name":"first_name","type":"STRING"},{"name":"is_test","type":"BIT"},{"name":"last_name","type":"STRING"},{"name":"oms_processor_identifier","type":"INTEGER"},{"name":"order_custom_reference","type":"STRING"},{"name":"order_reference","type":"STRING"},{"name":"price_mode","type":"INTEGER"},{"name":"salutation","type":"INTEGER"},{"name":"store","type":"STRING"},{"name":"created_at","type":"DATETIME"},{"name":"updated_at","type":"DATETIME"}]}},"7e63fca0-0b3e-4afb-92dd-bd496044109d":{"relationalTable":{"dataSourceArn":"arn:aws:quicksight:AwsRegion:AwsAccountId:datasource/SprykerB2BMPDefaultDataSource","name":"spy_sales_shipment","inputColumns":[{"name":"id_sales_shipment","type":"INTEGER"},{"name":"fk_sales_expense","type":"INTEGER"},{"name":"fk_sales_order","type":"INTEGER"},{"name":"fk_sales_order_address","type":"INTEGER"},{"name":"fk_sales_shipment_type","type":"INTEGER"},{"name":"carrier_name","type":"STRING"},{"name":"delivery_time","type":"STRING"},{"name":"merchant_reference","type":"STRING"},{"name":"name","type":"STRING"},{"name":"requested_delivery_date","type":"STRING"},{"name":"created_at","type":"DATETIME"},{"name":"updated_at","type":"DATETIME"}]}}},"logicalTableMap":{"249d6478-1328-45ac-8b86-e94beaab8b43":{"alias":"spy_sales_shipment","dataTransforms":[{"renameColumnOperation":{"columnName":"created_at","newColumnName":"created_at[spy_sales_shipment]"}},{"renameColumnOperation":{"columnName":"updated_at","newColumnName":"updated_at[spy_sales_shipment]"}}],"source":{"physicalTableId":"7e63fca0-0b3e-4afb-92dd-bd496044109d"}},"52b26dd8-8865-4b90-b80d-8ec4441431b1":{"alias":"Intermediate Table","dataTransforms":[{"projectOperation":{"projectedColumns":["carrier_name","delivery_time","merchant_reference","name","requested_delivery_date","cart_note","company_business_unit_uuid","company_uuid","currency_iso_code","customer_reference","email","first_name","last_name","oms_processor_identifier","order_custom_reference","order_reference","price_mode","salutation","store","created_at","updated_at"]}}],"source":{"joinInstruction":{"leftOperand":"249d6478-1328-45ac-8b86-e94beaab8b43","rightOperand":"ee93fa71-5818-4ee5-83d3-5537d98a8829","rightJoinKeyProperties":{"uniqueKey":true},"type":"LEFT","onClause":"{fk_sales_order} = {id_sales_order}"}}},"ee93fa71-5818-4ee5-83d3-5537d98a8829":{"alias":"spy_sales_order","source":{"physicalTableId":"0c76cafc-798d-4463-9e5a-212b3be7ada0"}}},"importMode":"SPICE","fieldFolders":{},"dataSetUsageConfiguration":{"disableUseAsDirectQuerySource":false,"disableUseAsImportedSource":false}}