{"resourceType":"dataset","dataSetId":"SprykerB2BMPDefaultDatasetOrderItemStateHistory","name":"Order Item State + History","physicalTableMap":{"8c9e4caf-2987-43a9-8edf-a423a7167e19":{"customSql":{"dataSourceArn":"arn:aws:quicksight:AwsRegion:AwsAccountId:datasource/SprykerB2BMPDefaultDataSource","name":"Order Item History","sqlQuery":"SELECT spy_sales_order_item.id_sales_order_item, st1.created_at as paid_date, st2.created_at as shipped_date\nFROM spy_sales_order_item\n         LEFT JOIN spy_oms_order_item_state_history AS st1\n                   ON spy_sales_order_item.id_sales_order_item = st1.fk_sales_order_item\n         LEFT JOIN spy_oms_order_item_state as is1\n                   ON (st1.fk_oms_order_item_state = is1.id_oms_order_item_state)\n         LEFT JOIN spy_oms_order_item_state_history AS st2\n                   ON spy_sales_order_item.id_sales_order_item = st2.fk_sales_order_item\n         LEFT JOIN spy_oms_order_item_state as is2\n                   ON (st2.fk_oms_order_item_state = is2.id_oms_order_item_state)\nWHERE st2.created_at IS NOT NULL AND is1.name = 'paid' AND is2.name LIKE 'shipped%'","columns":[{"name":"id_sales_order_item","type":"INTEGER"},{"name":"paid_date","type":"DATETIME"},{"name":"shipped_date","type":"DATETIME"}]}},"fccdba68-bb66-4656-ae60-e7197ff13f5f":{"relationalTable":{"dataSourceArn":"arn:aws:quicksight:AwsRegion:AwsAccountId:datasource/SprykerB2BMPDefaultDataSource","name":"spy_sales_order","inputColumns":[{"name":"id_sales_order","type":"INTEGER"},{"name":"fk_locale","type":"INTEGER"},{"name":"fk_sales_order_address_billing","type":"INTEGER"},{"name":"fk_sales_order_address_shipping","type":"INTEGER"},{"name":"cart_note","type":"STRING"},{"name":"company_business_unit_uuid","type":"STRING"},{"name":"company_uuid","type":"STRING"},{"name":"currency_iso_code","type":"STRING"},{"name":"customer_reference","type":"STRING"},{"name":"email","type":"STRING"},{"name":"first_name","type":"STRING"},{"name":"is_test","type":"BIT"},{"name":"last_name","type":"STRING"},{"name":"oms_processor_identifier","type":"INTEGER"},{"name":"order_custom_reference","type":"STRING"},{"name":"order_reference","type":"STRING"},{"name":"price_mode","type":"INTEGER"},{"name":"salutation","type":"INTEGER"},{"name":"store","type":"STRING"},{"name":"created_at","type":"DATETIME"},{"name":"updated_at","type":"DATETIME"}]}},"633e1328-c668-409e-ac57-e0b995fc3e4b":{"relationalTable":{"dataSourceArn":"arn:aws:quicksight:AwsRegion:AwsAccountId:datasource/SprykerB2BMPDefaultDataSource","name":"spy_oms_order_item_state","inputColumns":[{"name":"id_oms_order_item_state","type":"INTEGER"},{"name":"description","type":"STRING"},{"name":"name","type":"STRING"}]}},"8823c2f3-fc29-4920-aa57-8dd855d305b5":{"relationalTable":{"dataSourceArn":"arn:aws:quicksight:AwsRegion:AwsAccountId:datasource/SprykerB2BMPDefaultDataSource","name":"spy_sales_order_item","inputColumns":[{"name":"id_sales_order_item","type":"INTEGER"},{"name":"fk_oms_order_item_state","type":"INTEGER"},{"name":"fk_oms_order_process","type":"INTEGER"},{"name":"fk_sales_order","type":"INTEGER"},{"name":"fk_sales_order_item_bundle","type":"INTEGER"},{"name":"fk_sales_shipment","type":"INTEGER"},{"name":"amount","type":"DECIMAL","subType":"FIXED"},{"name":"amount_base_measurement_unit_name","type":"STRING"},{"name":"amount_measurement_unit_code","type":"STRING"},{"name":"amount_measurement_unit_conversion","type":"DECIMAL","subType":"FLOAT"},{"name":"amount_measurement_unit_name","type":"STRING"},{"name":"amount_measurement_unit_precision","type":"INTEGER"},{"name":"amount_sku","type":"STRING"},{"name":"canceled_amount","type":"INTEGER"},{"name":"cart_note","type":"STRING"},{"name":"discount_amount_aggregation","type":"INTEGER"},{"name":"discount_amount_full_aggregation","type":"INTEGER"},{"name":"expense_price_aggregation","type":"INTEGER"},{"name":"gross_price","type":"INTEGER"},{"name":"group_key","type":"STRING"},{"name":"is_quantity_splittable","type":"BIT"},{"name":"last_state_change","type":"DATETIME"},{"name":"merchant_commission_amount_aggregation","type":"INTEGER"},{"name":"merchant_commission_amount_full_aggregation","type":"INTEGER"},{"name":"merchant_commission_refunded_amount","type":"INTEGER"},{"name":"merchant_reference","type":"STRING"},{"name":"name","type":"STRING"},{"name":"net_price","type":"INTEGER"},{"name":"order_item_reference","type":"STRING"},{"name":"price","type":"INTEGER"},{"name":"price_to_pay_aggregation","type":"INTEGER"},{"name":"product_offer_reference","type":"STRING"},{"name":"product_option_price_aggregation","type":"INTEGER"},{"name":"quantity","type":"INTEGER"},{"name":"quantity_base_measurement_unit_name","type":"STRING"},{"name":"quantity_measurement_unit_code","type":"STRING"},{"name":"quantity_measurement_unit_conversion","type":"DECIMAL","subType":"FLOAT"},{"name":"quantity_measurement_unit_name","type":"STRING"},{"name":"quantity_measurement_unit_precision","type":"INTEGER"},{"name":"refundable_amount","type":"INTEGER"},{"name":"remuneration_amount","type":"INTEGER"},{"name":"sku","type":"STRING"},{"name":"subtotal_aggregation","type":"INTEGER"},{"name":"tax_amount","type":"INTEGER"},{"name":"tax_amount_after_cancellation","type":"INTEGER"},{"name":"tax_amount_full_aggregation","type":"INTEGER"},{"name":"tax_rate","type":"DECIMAL","subType":"FIXED"},{"name":"tax_rate_average_aggregation","type":"DECIMAL","subType":"FIXED"},{"name":"uuid","type":"STRING"},{"name":"created_at","type":"DATETIME"},{"name":"updated_at","type":"DATETIME"}]}}},"logicalTableMap":{"50ab5cc2-a3ff-4d00-bba2-d2d2965be97f":{"alias":"Intermediate Table (3)","dataTransforms":[{"projectOperation":{"projectedColumns":["description","name","amount","amount_base_measurement_unit_name","amount_measurement_unit_code","amount_measurement_unit_conversion","amount_measurement_unit_name","amount_measurement_unit_precision","amount_sku","canceled_amount","cart_note","discount_amount_aggregation","discount_amount_full_aggregation","expense_price_aggregation","gross_price","group_key","is_quantity_splittable","last_state_change","merchant_commission_amount_aggregation","merchant_commission_amount_full_aggregation","merchant_commission_refunded_amount","merchant_reference","name[spy_sales_order_item]","net_price","order_item_reference","price","price_to_pay_aggregation","product_offer_reference","product_option_price_aggregation","quantity","quantity_base_measurement_unit_name","quantity_measurement_unit_code","quantity_measurement_unit_conversion","quantity_measurement_unit_name","quantity_measurement_unit_precision","refundable_amount","remuneration_amount","sku","subtotal_aggregation","tax_amount","tax_amount_after_cancellation","tax_amount_full_aggregation","tax_rate","tax_rate_average_aggregation","created_at","updated_at","cart_note[spy_sales_order]","company_business_unit_uuid","currency_iso_code","customer_reference","email","first_name","last_name","oms_processor_identifier","order_custom_reference","order_reference","price_mode","salutation","store","created_at[spy_sales_order]","updated_at[spy_sales_order]","paid_date","shipped_date"]}}],"source":{"joinInstruction":{"leftOperand":"a70af1c2-3d96-4e5a-937d-7baf37bf5805","rightOperand":"b433ef1a-7c80-43b4-8acb-8a8dde03c8ec","type":"LEFT","onClause":"{id_sales_order_item} = {id_sales_order_item[Order Item History]}"}}},"ffad5d66-7f08-45a4-b15f-aef4f35494e5":{"alias":"spy_oms_order_item_state","source":{"physicalTableId":"633e1328-c668-409e-ac57-e0b995fc3e4b"}},"f4d7765b-7d29-434f-a515-a6753299e726":{"alias":"Intermediate Table","source":{"joinInstruction":{"leftOperand":"ffad5d66-7f08-45a4-b15f-aef4f35494e5","rightOperand":"e04b9d69-59b8-4372-834a-c3a4234d03cd","leftJoinKeyProperties":{"uniqueKey":true},"type":"RIGHT","onClause":"{id_oms_order_item_state} = {fk_oms_order_item_state}"}}},"7b3a3ac9-8bbb-4d4c-baae-3c056611ee60":{"alias":"spy_sales_order","dataTransforms":[{"renameColumnOperation":{"columnName":"cart_note","newColumnName":"cart_note[spy_sales_order]"}},{"renameColumnOperation":{"columnName":"created_at","newColumnName":"created_at[spy_sales_order]"}},{"renameColumnOperation":{"columnName":"updated_at","newColumnName":"updated_at[spy_sales_order]"}}],"source":{"physicalTableId":"fccdba68-bb66-4656-ae60-e7197ff13f5f"}},"e04b9d69-59b8-4372-834a-c3a4234d03cd":{"alias":"spy_sales_order_item","dataTransforms":[{"renameColumnOperation":{"columnName":"name","newColumnName":"name[spy_sales_order_item]"}}],"source":{"physicalTableId":"8823c2f3-fc29-4920-aa57-8dd855d305b5"}},"a70af1c2-3d96-4e5a-937d-7baf37bf5805":{"alias":"Intermediate Table (2)","source":{"joinInstruction":{"leftOperand":"f4d7765b-7d29-434f-a515-a6753299e726","rightOperand":"7b3a3ac9-8bbb-4d4c-baae-3c056611ee60","type":"LEFT","onClause":"{fk_sales_order} = {id_sales_order}"}}},"b433ef1a-7c80-43b4-8acb-8a8dde03c8ec":{"alias":"Order Item History","dataTransforms":[{"renameColumnOperation":{"columnName":"id_sales_order_item","newColumnName":"id_sales_order_item[Order Item History]"}}],"source":{"physicalTableId":"8c9e4caf-2987-43a9-8edf-a423a7167e19"}}},"importMode":"SPICE","fieldFolders":{},"dataSetUsageConfiguration":{"disableUseAsDirectQuerySource":false,"disableUseAsImportedSource":false}}