{"resourceType":"dataset","dataSetId":"SprykerB2BMPDefaultDatasetCustomerAddress","name":"Customer Address","physicalTableMap":{"43e686f6-fee7-4cef-ba15-95912158c8be":{"relationalTable":{"dataSourceArn":"arn:aws:quicksight:AwsRegion:AwsAccountId:datasource/SprykerB2BMPDefaultDataSource","name":"spy_customer_address","inputColumns":[{"name":"id_customer_address","type":"INTEGER"},{"name":"fk_country","type":"INTEGER"},{"name":"fk_customer","type":"INTEGER"},{"name":"fk_region","type":"INTEGER"},{"name":"city","type":"STRING"},{"name":"company","type":"STRING"},{"name":"zip_code","type":"STRING"}]}},"567057b7-0600-4927-a97a-6cdfed9e10b4":{"relationalTable":{"dataSourceArn":"arn:aws:quicksight:AwsRegion:AwsAccountId:datasource/SprykerB2BMPDefaultDataSource","name":"spy_country","inputColumns":[{"name":"id_country","type":"INTEGER"},{"name":"iso2_code","type":"STRING"},{"name":"iso3_code","type":"STRING"},{"name":"name","type":"STRING"},{"name":"postal_code_mandatory","type":"BIT"},{"name":"postal_code_regex","type":"STRING"}]}}},"logicalTableMap":{"dfa7d882-78af-43c2-9dcd-7622d8e29afe":{"alias":"Intermediate Table","dataTransforms":[{"tagColumnOperation":{"columnName":"city","tags":[{"columnGeographicRole":"CITY"}]}},{"tagColumnOperation":{"columnName":"zip_code","tags":[{"columnGeographicRole":"POSTCODE"}]}},{"tagColumnOperation":{"columnName":"name","tags":[{"columnGeographicRole":"COUNTRY"}]}},{"projectOperation":{"projectedColumns":["city","company","zip_code","iso2_code","iso3_code","name","postal_code_mandatory","postal_code_regex"]}}],"source":{"joinInstruction":{"leftOperand":"3d99f5f4-6a5b-4f1d-828a-e5b0f2eb5f48","rightOperand":"1c52c8e1-f306-4285-bc2d-da6e567fc3a4","rightJoinKeyProperties":{"uniqueKey":true},"type":"LEFT","onClause":"{fk_country} = {id_country}"}}},"1c52c8e1-f306-4285-bc2d-da6e567fc3a4":{"alias":"spy_country","dataTransforms":[{"castColumnTypeOperation":{"columnName":"postal_code_mandatory","newColumnType":"STRING"}}],"source":{"physicalTableId":"567057b7-0600-4927-a97a-6cdfed9e10b4"}},"3d99f5f4-6a5b-4f1d-828a-e5b0f2eb5f48":{"alias":"spy_customer_address","source":{"physicalTableId":"43e686f6-fee7-4cef-ba15-95912158c8be"}}},"importMode":"SPICE","columnGroups":[{"geoSpatialColumnGroup":{"name":"zip_code","countryCode":"DE","columns":["zip_code"]}}],"fieldFolders":{},"dataSetUsageConfiguration":{"disableUseAsDirectQuerySource":false,"disableUseAsImportedSource":false}}