{"resourceType":"dataset","dataSetId":"SprykerB2BMPDefaultDatasetQuoteProducts","name":"Quote Products","physicalTableMap":{"5da8fb1e-c4dc-415f-9a66-bb333f47d8eb":{"relationalTable":{"dataSourceArn":"arn:aws:quicksight:AwsRegion:AwsAccountId:datasource/SprykerB2BMPDefaultDataSource","name":"spy_product_localized_attributes","inputColumns":[{"name":"id_product_attributes","type":"INTEGER"},{"name":"fk_locale","type":"INTEGER"},{"name":"fk_product","type":"INTEGER"},{"name":"attributes","type":"STRING"},{"name":"description","type":"STRING"},{"name":"is_complete","type":"BIT"},{"name":"name","type":"STRING"},{"name":"created_at","type":"DATETIME"},{"name":"updated_at","type":"DATETIME"}]}},"795376af-5bf4-4464-adac-d6698377bc55":{"customSql":{"dataSourceArn":"arn:aws:quicksight:AwsRegion:AwsAccountId:datasource/SprykerB2BMPDefaultDataSource","name":"Quote product count","sqlQuery":"SELECT COUNT(*) AS product_count, sq.fk_store, sp.id_product, sp.fk_product_abstract, sp.attributes, sp.is_active, sp.is_quantity_splittable, sp.sku, sp.created_at, sp.updated_at\nFROM spy_quote sq\n         JOIN spy_product sp\n              ON JSON_UNQUOTE(JSON_EXTRACT(sq.quote_data, '$.items[*].sku')) LIKE CONCAT('%', sp.sku, '%')\nWHERE JSON_EXTRACT(quote_data, '$.items[*].sku') IS NOT NULL\nGROUP BY sp.sku\nORDER BY product_count DESC","columns":[{"name":"product_count","type":"INTEGER"},{"name":"fk_store","type":"INTEGER"},{"name":"id_product","type":"INTEGER"},{"name":"fk_product_abstract","type":"INTEGER"},{"name":"attributes","type":"STRING"},{"name":"is_active","type":"BIT"},{"name":"is_quantity_splittable","type":"BIT"},{"name":"sku","type":"STRING"},{"name":"created_at","type":"DATETIME"},{"name":"updated_at","type":"DATETIME"}]}},"62749a01-a375-4fa8-9960-047efdc697a3":{"relationalTable":{"dataSourceArn":"arn:aws:quicksight:AwsRegion:AwsAccountId:datasource/SprykerB2BMPDefaultDataSource","name":"spy_store","inputColumns":[{"name":"id_store","type":"INTEGER"},{"name":"fk_currency","type":"INTEGER"},{"name":"fk_locale","type":"INTEGER"},{"name":"name","type":"STRING"}]}},"defd4a42-44a2-4e3a-abf1-67ea2022cd87":{"relationalTable":{"dataSourceArn":"arn:aws:quicksight:AwsRegion:AwsAccountId:datasource/SprykerB2BMPDefaultDataSource","name":"spy_locale","inputColumns":[{"name":"id_locale","type":"INTEGER"},{"name":"is_active","type":"BIT"},{"name":"locale_name","type":"STRING"}]}}},"logicalTableMap":{"0ae6ca90-c41b-4082-b746-fb4d0cbd795b":{"alias":"Intermediate Table","source":{"joinInstruction":{"leftOperand":"6fabe590-a416-4aa3-8c2e-3907fa4a9483","rightOperand":"8200ce43-ce4e-4451-a16d-ed39e128c8f6","type":"LEFT","onClause":"{id_product} = {fk_product}"}}},"eddb56d4-1d60-45fb-ba6e-42325a508f90":{"alias":"Intermediate Table (3)","dataTransforms":[{"projectOperation":{"projectedColumns":["product_count","attributes","is_active","is_quantity_splittable","sku","created_at","updated_at","attributes[spy_product_localized_attributes]","description","is_complete","name","locale_name","store"]}}],"source":{"joinInstruction":{"leftOperand":"d6c7d390-2c87-4a86-9e90-a2dd4531143d","rightOperand":"4da2fc23-96ae-419f-aea0-89cab545577c","type":"LEFT","onClause":"{fk_store} = {id_store}"}}},"d6c7d390-2c87-4a86-9e90-a2dd4531143d":{"alias":"Intermediate Table (2)","source":{"joinInstruction":{"leftOperand":"0ae6ca90-c41b-4082-b746-fb4d0cbd795b","rightOperand":"ba9bf929-997e-4f26-bcf8-f2d3a89cf16a","rightJoinKeyProperties":{"uniqueKey":true},"type":"LEFT","onClause":"{fk_locale} = {id_locale}"}}},"6fabe590-a416-4aa3-8c2e-3907fa4a9483":{"alias":"Quote product count","source":{"physicalTableId":"795376af-5bf4-4464-adac-d6698377bc55"}},"8200ce43-ce4e-4451-a16d-ed39e128c8f6":{"alias":"spy_product_localized_attributes","dataTransforms":[{"renameColumnOperation":{"columnName":"attributes","newColumnName":"attributes[spy_product_localized_attributes]"}},{"renameColumnOperation":{"columnName":"created_at","newColumnName":"created_at[spy_product_localized_attributes]"}},{"renameColumnOperation":{"columnName":"updated_at","newColumnName":"updated_at[spy_product_localized_attributes]"}}],"source":{"physicalTableId":"5da8fb1e-c4dc-415f-9a66-bb333f47d8eb"}},"4da2fc23-96ae-419f-aea0-89cab545577c":{"alias":"spy_store","dataTransforms":[{"renameColumnOperation":{"columnName":"fk_locale","newColumnName":"fk_locale[spy_store]"}},{"renameColumnOperation":{"columnName":"name","newColumnName":"store"}}],"source":{"physicalTableId":"62749a01-a375-4fa8-9960-047efdc697a3"}},"ba9bf929-997e-4f26-bcf8-f2d3a89cf16a":{"alias":"spy_locale","dataTransforms":[{"renameColumnOperation":{"columnName":"is_active","newColumnName":"is_active[spy_locale]"}}],"source":{"physicalTableId":"defd4a42-44a2-4e3a-abf1-67ea2022cd87"}}},"importMode":"SPICE","fieldFolders":{},"dataSetUsageConfiguration":{"disableUseAsDirectQuerySource":false,"disableUseAsImportedSource":false}}