{"resourceType":"dataset","dataSetId":"SprykerB2BMPDefaultDatasetCustomer","name":"Customer","physicalTableMap":{"a0088aa3-05ef-45bb-96f2-472a3e55ea49":{"relationalTable":{"dataSourceArn":"arn:aws:quicksight:AwsRegion:AwsAccountId:datasource/SprykerB2BMPDefaultDataSource","name":"spy_customer","inputColumns":[{"name":"id_customer","type":"INTEGER"},{"name":"fk_locale","type":"INTEGER"},{"name":"fk_user","type":"INTEGER"},{"name":"company","type":"STRING"},{"name":"customer_reference","type":"STRING"},{"name":"default_billing_address","type":"INTEGER"},{"name":"default_shipping_address","type":"INTEGER"},{"name":"email","type":"STRING"},{"name":"gender","type":"INTEGER"},{"name":"registered","type":"DATETIME"},{"name":"salutation","type":"INTEGER"},{"name":"created_at","type":"DATETIME"},{"name":"updated_at","type":"DATETIME"}]}}},"logicalTableMap":{"2ac3a5f4-b4fb-415c-a7b4-b9ba313930a5":{"alias":"spy_customer","dataTransforms":[{"projectOperation":{"projectedColumns":["id_customer","customer_reference","email","gender","registered","salutation","created_at","updated_at"]}}],"source":{"physicalTableId":"a0088aa3-05ef-45bb-96f2-472a3e55ea49"}}},"importMode":"SPICE","fieldFolders":{},"dataSetUsageConfiguration":{"disableUseAsDirectQuerySource":false,"disableUseAsImportedSource":false}}