{"resourceType":"dataset","dataSetId":"SprykerB2BMPDefaultDatasetShoppingListProducts","name":"Shopping List + Products","physicalTableMap":{"b4e12353-bd07-4688-987f-649dd734d1f4":{"relationalTable":{"dataSourceArn":"arn:aws:quicksight:AwsRegion:AwsAccountId:datasource/SprykerB2BMPDefaultDataSource","name":"spy_product_offer","inputColumns":[{"name":"id_product_offer","type":"INTEGER"},{"name":"approval_status","type":"STRING"},{"name":"concrete_sku","type":"STRING"},{"name":"is_active","type":"BIT"},{"name":"merchant_reference","type":"STRING"},{"name":"merchant_sku","type":"STRING"},{"name":"product_offer_reference","type":"STRING"},{"name":"created_at","type":"DATETIME"},{"name":"updated_at","type":"DATETIME"}]}},"ce37631e-85b5-4d99-8b07-8c686ef72eef":{"relationalTable":{"dataSourceArn":"arn:aws:quicksight:AwsRegion:AwsAccountId:datasource/SprykerB2BMPDefaultDataSource","name":"spy_locale","inputColumns":[{"name":"id_locale","type":"INTEGER"},{"name":"is_active","type":"BIT"},{"name":"locale_name","type":"STRING"}]}},"bb3d7dc9-5cd7-4188-9c8c-59bb9aec08a9":{"relationalTable":{"dataSourceArn":"arn:aws:quicksight:AwsRegion:AwsAccountId:datasource/SprykerB2BMPDefaultDataSource","name":"spy_shopping_list_item","inputColumns":[{"name":"id_shopping_list_item","type":"INTEGER"},{"name":"fk_shopping_list","type":"INTEGER"},{"name":"key","type":"STRING"},{"name":"product_configuration_instance_data","type":"STRING"},{"name":"product_offer_reference","type":"STRING"},{"name":"quantity","type":"INTEGER"},{"name":"sku","type":"STRING"},{"name":"uuid","type":"STRING"},{"name":"created_at","type":"DATETIME"},{"name":"updated_at","type":"DATETIME"}]}},"52779928-2f22-4de8-9971-8f1ef23535fc":{"relationalTable":{"dataSourceArn":"arn:aws:quicksight:AwsRegion:AwsAccountId:datasource/SprykerB2BMPDefaultDataSource","name":"spy_product_localized_attributes","inputColumns":[{"name":"id_product_attributes","type":"INTEGER"},{"name":"fk_locale","type":"INTEGER"},{"name":"fk_product","type":"INTEGER"},{"name":"attributes","type":"STRING"},{"name":"description","type":"STRING"},{"name":"is_complete","type":"BIT"},{"name":"name","type":"STRING"},{"name":"created_at","type":"DATETIME"},{"name":"updated_at","type":"DATETIME"}]}},"c29290d4-b0d7-4387-9769-b09b0eab3a57":{"relationalTable":{"dataSourceArn":"arn:aws:quicksight:AwsRegion:AwsAccountId:datasource/SprykerB2BMPDefaultDataSource","name":"spy_shopping_list","inputColumns":[{"name":"id_shopping_list","type":"INTEGER"},{"name":"customer_reference","type":"STRING"},{"name":"description","type":"STRING"},{"name":"key","type":"STRING"},{"name":"name","type":"STRING"},{"name":"uuid","type":"STRING"},{"name":"created_at","type":"DATETIME"},{"name":"updated_at","type":"DATETIME"}]}},"f7f2ecb8-7338-4764-a186-02992077cc89":{"relationalTable":{"dataSourceArn":"arn:aws:quicksight:AwsRegion:AwsAccountId:datasource/SprykerB2BMPDefaultDataSource","name":"spy_product","inputColumns":[{"name":"id_product","type":"INTEGER"},{"name":"fk_product_abstract","type":"INTEGER"},{"name":"attributes","type":"STRING"},{"name":"is_active","type":"BIT"},{"name":"is_quantity_splittable","type":"BIT"},{"name":"sku","type":"STRING"},{"name":"created_at","type":"DATETIME"},{"name":"updated_at","type":"DATETIME"}]}}},"logicalTableMap":{"3eba4042-172e-4bcf-aace-02e6a7436089":{"alias":"Intermediate Table (3)","source":{"joinInstruction":{"leftOperand":"1a422a7a-3745-4a82-8950-40a4cf71421e","rightOperand":"d04b7234-a81c-48fd-a379-1bf0df2c859e","type":"LEFT","onClause":"{sku} = {sku[spy_product]}"}}},"a2e1c851-6008-4463-87ff-145582cde100":{"alias":"Intermediate Table (5)","dataTransforms":[{"filterOperation":{"conditionExpression":"{locale_name}=\"en_US\"","enabled":false,"inverse":false}},{"projectOperation":{"projectedColumns":["customer_reference","description","name","created_at","updated_at","product_configuration_instance_data","product_offer_reference","quantity","sku","approval_status[spy_product_offer]","is_active[spy_product_offer]","merchant_reference","merchant_sku","created_at[spy_product_offer]","updated_at[spy_product_offer]","attributes","is_active","is_quantity_splittable","sku[spy_product]","created_at[spy_product]","updated_at[spy_product]","attributes[spy_product_localized_attributes]","description[spy_product_localized_attributes]","is_complete","name[Localized Product Concrete]","locale_name"]}}],"source":{"joinInstruction":{"leftOperand":"ec26c7d1-7874-49c2-b44a-5cfcf7c57104","rightOperand":"2a87c2a1-c47d-4796-a83d-0d4663479215","type":"LEFT","onClause":"{fk_locale} = {id_locale}"}}},"d04b7234-a81c-48fd-a379-1bf0df2c859e":{"alias":"spy_product","dataTransforms":[{"renameColumnOperation":{"columnName":"sku","newColumnName":"sku[spy_product]"}},{"renameColumnOperation":{"columnName":"created_at","newColumnName":"created_at[spy_product]"}},{"renameColumnOperation":{"columnName":"updated_at","newColumnName":"updated_at[spy_product]"}}],"source":{"physicalTableId":"f7f2ecb8-7338-4764-a186-02992077cc89"}},"c54f31fa-a411-4f2c-aeef-5d4fbf2e9215":{"alias":"spy_product_localized_attributes","dataTransforms":[{"renameColumnOperation":{"columnName":"attributes","newColumnName":"attributes[spy_product_localized_attributes]"}},{"renameColumnOperation":{"columnName":"description","newColumnName":"description[spy_product_localized_attributes]"}},{"renameColumnOperation":{"columnName":"name","newColumnName":"name[Localized Product Concrete]"}},{"renameColumnOperation":{"columnName":"created_at","newColumnName":"created_at[spy_product_localized_attributes]"}},{"renameColumnOperation":{"columnName":"updated_at","newColumnName":"updated_at[spy_product_localized_attributes]"}}],"source":{"physicalTableId":"52779928-2f22-4de8-9971-8f1ef23535fc"}},"85220a31-9514-4271-bdcc-89b942e5e9ec":{"alias":"spy_shopping_list_item","dataTransforms":[{"renameColumnOperation":{"columnName":"key","newColumnName":"key[spy_shopping_list_item]"}},{"renameColumnOperation":{"columnName":"uuid","newColumnName":"uuid[spy_shopping_list_item]"}},{"renameColumnOperation":{"columnName":"created_at","newColumnName":"created_at[spy_shopping_list_item]"}},{"renameColumnOperation":{"columnName":"updated_at","newColumnName":"updated_at[spy_shopping_list_item]"}}],"source":{"physicalTableId":"bb3d7dc9-5cd7-4188-9c8c-59bb9aec08a9"}},"5a6fe06c-0847-4574-8482-89d810e50b7a":{"alias":"spy_product_offer","dataTransforms":[{"renameColumnOperation":{"columnName":"approval_status","newColumnName":"approval_status[spy_product_offer]"}},{"renameColumnOperation":{"columnName":"is_active","newColumnName":"is_active[spy_product_offer]"}},{"renameColumnOperation":{"columnName":"product_offer_reference","newColumnName":"product_offer_reference[spy_product_offer]"}},{"renameColumnOperation":{"columnName":"created_at","newColumnName":"created_at[spy_product_offer]"}},{"renameColumnOperation":{"columnName":"updated_at","newColumnName":"updated_at[spy_product_offer]"}}],"source":{"physicalTableId":"b4e12353-bd07-4688-987f-649dd734d1f4"}},"a3d245e0-3175-479f-9efd-3492c1a980b2":{"alias":"Intermediate Table","source":{"joinInstruction":{"leftOperand":"18c5ed1e-65a9-4507-a782-0e187bc2e838","rightOperand":"85220a31-9514-4271-bdcc-89b942e5e9ec","leftJoinKeyProperties":{"uniqueKey":true},"type":"RIGHT","onClause":"{id_shopping_list} = {fk_shopping_list}"}}},"18c5ed1e-65a9-4507-a782-0e187bc2e838":{"alias":"spy_shopping_list","source":{"physicalTableId":"c29290d4-b0d7-4387-9769-b09b0eab3a57"}},"ec26c7d1-7874-49c2-b44a-5cfcf7c57104":{"alias":"Intermediate Table (4)","source":{"joinInstruction":{"leftOperand":"3eba4042-172e-4bcf-aace-02e6a7436089","rightOperand":"c54f31fa-a411-4f2c-aeef-5d4fbf2e9215","type":"LEFT","onClause":"{id_product} = {fk_product}"}}},"1a422a7a-3745-4a82-8950-40a4cf71421e":{"alias":"Intermediate Table (2)","source":{"joinInstruction":{"leftOperand":"a3d245e0-3175-479f-9efd-3492c1a980b2","rightOperand":"5a6fe06c-0847-4574-8482-89d810e50b7a","type":"LEFT","onClause":"{product_offer_reference} = {product_offer_reference[spy_product_offer]}"}}},"2a87c2a1-c47d-4796-a83d-0d4663479215":{"alias":"spy_locale","dataTransforms":[{"renameColumnOperation":{"columnName":"is_active","newColumnName":"is_active[spy_locale]"}}],"source":{"physicalTableId":"ce37631e-85b5-4d99-8b07-8c686ef72eef"}}},"importMode":"SPICE","fieldFolders":{},"dataSetUsageConfiguration":{"disableUseAsDirectQuerySource":false,"disableUseAsImportedSource":false}}