{"resourceType":"dataset","dataSetId":"SprykerB2BMPDefaultDatasetCompany","name":"Company","physicalTableMap":{"564f0321-ee4b-44a6-9f26-371761b7a09c":{"relationalTable":{"dataSourceArn":"arn:aws:quicksight:AwsRegion:AwsAccountId:datasource/SprykerB2BMPDefaultDataSource","name":"spy_company","inputColumns":[{"name":"id_company","type":"INTEGER"},{"name":"is_active","type":"BIT"},{"name":"key","type":"STRING"},{"name":"name","type":"STRING"},{"name":"status","type":"INTEGER"},{"name":"uuid","type":"STRING"}]}}},"logicalTableMap":{"5fcf2627-217e-4c6b-b034-1c633b7748ff":{"alias":"spy_company","dataTransforms":[{"projectOperation":{"projectedColumns":["id_company","is_active","name","status"]}}],"source":{"physicalTableId":"564f0321-ee4b-44a6-9f26-371761b7a09c"}}},"importMode":"SPICE","fieldFolders":{},"dataSetUsageConfiguration":{"disableUseAsDirectQuerySource":false,"disableUseAsImportedSource":false}}