{"resourceType":"dataset","dataSetId":"SprykerB2BMPDefaultDatasetOrderReturns","name":"Order Returns","physicalTableMap":{"f144bc44-424d-4c13-bdd1-a4e45441733c":{"relationalTable":{"dataSourceArn":"arn:aws:quicksight:AwsRegion:AwsAccountId:datasource/SprykerB2BMPDefaultDataSource","name":"spy_sales_return_item","inputColumns":[{"name":"id_sales_return_item","type":"INTEGER"},{"name":"fk_sales_order_item","type":"INTEGER"},{"name":"fk_sales_return","type":"INTEGER"},{"name":"reason","type":"STRING"},{"name":"uuid","type":"STRING"},{"name":"created_at","type":"DATETIME"},{"name":"updated_at","type":"DATETIME"}]}},"d051c3a2-24ee-40a8-bfa7-f6013dd79939":{"relationalTable":{"dataSourceArn":"arn:aws:quicksight:AwsRegion:AwsAccountId:datasource/SprykerB2BMPDefaultDataSource","name":"spy_sales_order","inputColumns":[{"name":"id_sales_order","type":"INTEGER"},{"name":"fk_locale","type":"INTEGER"},{"name":"fk_sales_order_address_billing","type":"INTEGER"},{"name":"fk_sales_order_address_shipping","type":"INTEGER"},{"name":"cart_note","type":"STRING"},{"name":"company_business_unit_uuid","type":"STRING"},{"name":"company_uuid","type":"STRING"},{"name":"currency_iso_code","type":"STRING"},{"name":"customer_reference","type":"STRING"},{"name":"email","type":"STRING"},{"name":"first_name","type":"STRING"},{"name":"is_test","type":"BIT"},{"name":"last_name","type":"STRING"},{"name":"oms_processor_identifier","type":"INTEGER"},{"name":"order_custom_reference","type":"STRING"},{"name":"order_reference","type":"STRING"},{"name":"price_mode","type":"INTEGER"},{"name":"salutation","type":"INTEGER"},{"name":"store","type":"STRING"},{"name":"created_at","type":"DATETIME"},{"name":"updated_at","type":"DATETIME"}]}},"cdbc0f84-e458-4e31-a723-dc364830defd":{"relationalTable":{"dataSourceArn":"arn:aws:quicksight:AwsRegion:AwsAccountId:datasource/SprykerB2BMPDefaultDataSource","name":"spy_sales_return","inputColumns":[{"name":"id_sales_return","type":"INTEGER"},{"name":"customer_reference","type":"STRING"},{"name":"merchant_reference","type":"STRING"},{"name":"return_reference","type":"STRING"},{"name":"store","type":"STRING"},{"name":"created_at","type":"DATETIME"},{"name":"updated_at","type":"DATETIME"}]}},"8a79a1c0-683c-4c18-975b-c22c7aa4d2f9":{"relationalTable":{"dataSourceArn":"arn:aws:quicksight:AwsRegion:AwsAccountId:datasource/SprykerB2BMPDefaultDataSource","name":"spy_sales_order_item","inputColumns":[{"name":"id_sales_order_item","type":"INTEGER"},{"name":"fk_oms_order_item_state","type":"INTEGER"},{"name":"fk_oms_order_process","type":"INTEGER"},{"name":"fk_sales_order","type":"INTEGER"},{"name":"fk_sales_order_item_bundle","type":"INTEGER"},{"name":"fk_sales_shipment","type":"INTEGER"},{"name":"amount","type":"DECIMAL","subType":"FIXED"},{"name":"amount_base_measurement_unit_name","type":"STRING"},{"name":"amount_measurement_unit_code","type":"STRING"},{"name":"amount_measurement_unit_conversion","type":"DECIMAL","subType":"FLOAT"},{"name":"amount_measurement_unit_name","type":"STRING"},{"name":"amount_measurement_unit_precision","type":"INTEGER"},{"name":"amount_sku","type":"STRING"},{"name":"canceled_amount","type":"INTEGER"},{"name":"cart_note","type":"STRING"},{"name":"discount_amount_aggregation","type":"INTEGER"},{"name":"discount_amount_full_aggregation","type":"INTEGER"},{"name":"expense_price_aggregation","type":"INTEGER"},{"name":"gross_price","type":"INTEGER"},{"name":"group_key","type":"STRING"},{"name":"is_quantity_splittable","type":"BIT"},{"name":"last_state_change","type":"DATETIME"},{"name":"merchant_commission_amount_aggregation","type":"INTEGER"},{"name":"merchant_commission_amount_full_aggregation","type":"INTEGER"},{"name":"merchant_commission_refunded_amount","type":"INTEGER"},{"name":"merchant_reference","type":"STRING"},{"name":"name","type":"STRING"},{"name":"net_price","type":"INTEGER"},{"name":"order_item_reference","type":"STRING"},{"name":"price","type":"INTEGER"},{"name":"price_to_pay_aggregation","type":"INTEGER"},{"name":"product_offer_reference","type":"STRING"},{"name":"product_option_price_aggregation","type":"INTEGER"},{"name":"quantity","type":"INTEGER"},{"name":"quantity_base_measurement_unit_name","type":"STRING"},{"name":"quantity_measurement_unit_code","type":"STRING"},{"name":"quantity_measurement_unit_conversion","type":"DECIMAL","subType":"FLOAT"},{"name":"quantity_measurement_unit_name","type":"STRING"},{"name":"quantity_measurement_unit_precision","type":"INTEGER"},{"name":"refundable_amount","type":"INTEGER"},{"name":"remuneration_amount","type":"INTEGER"},{"name":"sku","type":"STRING"},{"name":"subtotal_aggregation","type":"INTEGER"},{"name":"tax_amount","type":"INTEGER"},{"name":"tax_amount_after_cancellation","type":"INTEGER"},{"name":"tax_amount_full_aggregation","type":"INTEGER"},{"name":"tax_rate","type":"DECIMAL","subType":"FIXED"},{"name":"tax_rate_average_aggregation","type":"DECIMAL","subType":"FIXED"},{"name":"uuid","type":"STRING"},{"name":"created_at","type":"DATETIME"},{"name":"updated_at","type":"DATETIME"}]}}},"logicalTableMap":{"972c7655-adf2-48b4-9274-4012f4541add":{"alias":"spy_sales_return_item","dataTransforms":[{"renameColumnOperation":{"columnName":"created_at","newColumnName":"created_at[spy_sales_return_item]"}},{"renameColumnOperation":{"columnName":"updated_at","newColumnName":"updated_at[spy_sales_return_item]"}}],"source":{"physicalTableId":"f144bc44-424d-4c13-bdd1-a4e45441733c"}},"bdebd88b-1bd8-42e0-acf7-db77fc2727e5":{"alias":"spy_sales_order","dataTransforms":[{"renameColumnOperation":{"columnName":"cart_note","newColumnName":"cart_note[spy_sales_order]"}},{"renameColumnOperation":{"columnName":"customer_reference","newColumnName":"customer_reference[spy_sales_order]"}},{"renameColumnOperation":{"columnName":"store","newColumnName":"store[spy_sales_order]"}},{"renameColumnOperation":{"columnName":"created_at","newColumnName":"created_at[spy_sales_order]"}},{"renameColumnOperation":{"columnName":"updated_at","newColumnName":"updated_at[spy_sales_order]"}}],"source":{"physicalTableId":"d051c3a2-24ee-40a8-bfa7-f6013dd79939"}},"e0df850a-85bd-4872-b8d0-30acc08fc5a6":{"alias":"spy_sales_order_item","dataTransforms":[{"renameColumnOperation":{"columnName":"merchant_reference","newColumnName":"merchant_reference[spy_sales_order_item]"}},{"renameColumnOperation":{"columnName":"uuid","newColumnName":"uuid[spy_sales_order_item]"}},{"renameColumnOperation":{"columnName":"created_at","newColumnName":"created_at[spy_sales_order_item]"}},{"renameColumnOperation":{"columnName":"updated_at","newColumnName":"updated_at[spy_sales_order_item]"}}],"source":{"physicalTableId":"8a79a1c0-683c-4c18-975b-c22c7aa4d2f9"}},"0f741368-6cc1-4b33-8ec0-0fc8b6bb918a":{"alias":"Intermediate Table","source":{"joinInstruction":{"leftOperand":"68474c60-356d-476c-82be-f38d1c6d0971","rightOperand":"972c7655-adf2-48b4-9274-4012f4541add","type":"RIGHT","onClause":"{id_sales_return} = {fk_sales_return}"}}},"b57e9828-5a2e-4a1c-b0a3-164c5bae27d9":{"alias":"Intermediate Table (2)","source":{"joinInstruction":{"leftOperand":"0f741368-6cc1-4b33-8ec0-0fc8b6bb918a","rightOperand":"e0df850a-85bd-4872-b8d0-30acc08fc5a6","type":"LEFT","onClause":"{fk_sales_order_item} = {id_sales_order_item}"}}},"68474c60-356d-476c-82be-f38d1c6d0971":{"alias":"spy_sales_return","source":{"physicalTableId":"cdbc0f84-e458-4e31-a723-dc364830defd"}},"bba28dae-7551-4630-b866-667885948ad8":{"alias":"Intermediate Table (3)","dataTransforms":[{"projectOperation":{"projectedColumns":["id_sales_return","customer_reference","merchant_reference","return_reference","store","created_at","updated_at","id_sales_return_item","fk_sales_order_item","fk_sales_return","reason","uuid","created_at[spy_sales_return_item]","updated_at[spy_sales_return_item]","id_sales_order_item","fk_oms_order_item_state","fk_oms_order_process","fk_sales_order","fk_sales_order_item_bundle","fk_sales_shipment","amount","amount_base_measurement_unit_name","amount_measurement_unit_code","amount_measurement_unit_conversion","amount_measurement_unit_name","amount_measurement_unit_precision","amount_sku","canceled_amount","cart_note","discount_amount_aggregation","discount_amount_full_aggregation","expense_price_aggregation","gross_price","group_key","is_quantity_splittable","last_state_change","merchant_commission_amount_aggregation","merchant_commission_amount_full_aggregation","merchant_commission_refunded_amount","merchant_reference[spy_sales_order_item]","name","net_price","order_item_reference","price","price_to_pay_aggregation","product_offer_reference","product_option_price_aggregation","quantity","quantity_base_measurement_unit_name","quantity_measurement_unit_code","quantity_measurement_unit_conversion","quantity_measurement_unit_name","quantity_measurement_unit_precision","refundable_amount","remuneration_amount","sku","subtotal_aggregation","tax_amount","tax_amount_after_cancellation","tax_amount_full_aggregation","tax_rate","tax_rate_average_aggregation","uuid[spy_sales_order_item]","created_at[spy_sales_order_item]","updated_at[spy_sales_order_item]","id_sales_order","fk_locale","fk_sales_order_address_billing","fk_sales_order_address_shipping","cart_note[spy_sales_order]","company_business_unit_uuid","company_uuid","currency_iso_code","customer_reference[spy_sales_order]","email","first_name","is_test","last_name","oms_processor_identifier","order_custom_reference","order_reference","price_mode","salutation","store[spy_sales_order]","created_at[spy_sales_order]","updated_at[spy_sales_order]"]}}],"source":{"joinInstruction":{"leftOperand":"b57e9828-5a2e-4a1c-b0a3-164c5bae27d9","rightOperand":"bdebd88b-1bd8-42e0-acf7-db77fc2727e5","type":"LEFT","onClause":"{fk_sales_order} = {id_sales_order}"}}}},"importMode":"SPICE","fieldFolders":{},"dataSetUsageConfiguration":{"disableUseAsDirectQuerySource":false,"disableUseAsImportedSource":false}}