{"resourceType":"dataset","dataSetId":"SprykerB2BMPDefaultDatasetOrderItemState","name":"Order Item State","physicalTableMap":{"8fcbc617-98e5-4ab3-a436-3248b11d4d25":{"relationalTable":{"dataSourceArn":"arn:aws:quicksight:AwsRegion:AwsAccountId:datasource/SprykerB2BMPDefaultDataSource","name":"spy_sales_order","inputColumns":[{"name":"id_sales_order","type":"INTEGER"},{"name":"fk_locale","type":"INTEGER"},{"name":"fk_sales_order_address_billing","type":"INTEGER"},{"name":"fk_sales_order_address_shipping","type":"INTEGER"},{"name":"cart_note","type":"STRING"},{"name":"company_business_unit_uuid","type":"STRING"},{"name":"company_uuid","type":"STRING"},{"name":"currency_iso_code","type":"STRING"},{"name":"customer_reference","type":"STRING"},{"name":"email","type":"STRING"},{"name":"first_name","type":"STRING"},{"name":"is_test","type":"BIT"},{"name":"last_name","type":"STRING"},{"name":"oms_processor_identifier","type":"INTEGER"},{"name":"order_custom_reference","type":"STRING"},{"name":"order_reference","type":"STRING"},{"name":"price_mode","type":"INTEGER"},{"name":"salutation","type":"INTEGER"},{"name":"store","type":"STRING"},{"name":"created_at","type":"DATETIME"},{"name":"updated_at","type":"DATETIME"}]}},"05fbad2b-9f58-4c30-ac1c-5fbebf6fad17":{"relationalTable":{"dataSourceArn":"arn:aws:quicksight:AwsRegion:AwsAccountId:datasource/SprykerB2BMPDefaultDataSource","name":"spy_oms_order_item_state","inputColumns":[{"name":"id_oms_order_item_state","type":"INTEGER"},{"name":"description","type":"STRING"},{"name":"name","type":"STRING"}]}},"47b26a05-97a0-4a26-9f91-073714a542e1":{"relationalTable":{"dataSourceArn":"arn:aws:quicksight:AwsRegion:AwsAccountId:datasource/SprykerB2BMPDefaultDataSource","name":"spy_sales_order_item","inputColumns":[{"name":"id_sales_order_item","type":"INTEGER"},{"name":"fk_oms_order_item_state","type":"INTEGER"},{"name":"fk_oms_order_process","type":"INTEGER"},{"name":"fk_sales_order","type":"INTEGER"},{"name":"fk_sales_order_item_bundle","type":"INTEGER"},{"name":"fk_sales_shipment","type":"INTEGER"},{"name":"amount","type":"DECIMAL","subType":"FIXED"},{"name":"amount_base_measurement_unit_name","type":"STRING"},{"name":"amount_measurement_unit_code","type":"STRING"},{"name":"amount_measurement_unit_conversion","type":"DECIMAL","subType":"FLOAT"},{"name":"amount_measurement_unit_name","type":"STRING"},{"name":"amount_measurement_unit_precision","type":"INTEGER"},{"name":"amount_sku","type":"STRING"},{"name":"canceled_amount","type":"INTEGER"},{"name":"cart_note","type":"STRING"},{"name":"discount_amount_aggregation","type":"INTEGER"},{"name":"discount_amount_full_aggregation","type":"INTEGER"},{"name":"expense_price_aggregation","type":"INTEGER"},{"name":"gross_price","type":"INTEGER"},{"name":"group_key","type":"STRING"},{"name":"is_quantity_splittable","type":"BIT"},{"name":"last_state_change","type":"DATETIME"},{"name":"merchant_commission_amount_aggregation","type":"INTEGER"},{"name":"merchant_commission_amount_full_aggregation","type":"INTEGER"},{"name":"merchant_commission_refunded_amount","type":"INTEGER"},{"name":"merchant_reference","type":"STRING"},{"name":"name","type":"STRING"},{"name":"net_price","type":"INTEGER"},{"name":"order_item_reference","type":"STRING"},{"name":"price","type":"INTEGER"},{"name":"price_to_pay_aggregation","type":"INTEGER"},{"name":"product_offer_reference","type":"STRING"},{"name":"product_option_price_aggregation","type":"INTEGER"},{"name":"quantity","type":"INTEGER"},{"name":"quantity_base_measurement_unit_name","type":"STRING"},{"name":"quantity_measurement_unit_code","type":"STRING"},{"name":"quantity_measurement_unit_conversion","type":"DECIMAL","subType":"FLOAT"},{"name":"quantity_measurement_unit_name","type":"STRING"},{"name":"quantity_measurement_unit_precision","type":"INTEGER"},{"name":"refundable_amount","type":"INTEGER"},{"name":"remuneration_amount","type":"INTEGER"},{"name":"sku","type":"STRING"},{"name":"subtotal_aggregation","type":"INTEGER"},{"name":"tax_amount","type":"INTEGER"},{"name":"tax_amount_after_cancellation","type":"INTEGER"},{"name":"tax_amount_full_aggregation","type":"INTEGER"},{"name":"tax_rate","type":"DECIMAL","subType":"FIXED"},{"name":"tax_rate_average_aggregation","type":"DECIMAL","subType":"FIXED"},{"name":"uuid","type":"STRING"},{"name":"created_at","type":"DATETIME"},{"name":"updated_at","type":"DATETIME"}]}}},"logicalTableMap":{"cd7d8406-8560-47cd-9778-1af53b1bcf5f":{"alias":"Intermediate Table (2)","dataTransforms":[{"projectOperation":{"projectedColumns":["description","name","id_sales_order_item","amount","amount_base_measurement_unit_name","amount_measurement_unit_code","amount_measurement_unit_conversion","amount_measurement_unit_name","amount_measurement_unit_precision","amount_sku","canceled_amount","cart_note","discount_amount_aggregation","discount_amount_full_aggregation","expense_price_aggregation","gross_price","group_key","is_quantity_splittable","last_state_change","merchant_commission_amount_aggregation","merchant_commission_amount_full_aggregation","merchant_commission_refunded_amount","merchant_reference","name[spy_sales_order_item]","net_price","order_item_reference","price","price_to_pay_aggregation","product_offer_reference","product_option_price_aggregation","quantity","quantity_base_measurement_unit_name","quantity_measurement_unit_code","quantity_measurement_unit_conversion","quantity_measurement_unit_name","quantity_measurement_unit_precision","refundable_amount","remuneration_amount","sku","subtotal_aggregation","tax_amount","tax_amount_after_cancellation","tax_amount_full_aggregation","tax_rate","tax_rate_average_aggregation","uuid","created_at","updated_at","id_sales_order","cart_note[spy_sales_order]","company_business_unit_uuid","company_uuid","currency_iso_code","customer_reference","email","first_name","is_test","last_name","oms_processor_identifier","order_custom_reference","order_reference","price_mode","salutation","store","created_at[spy_sales_order]","updated_at[spy_sales_order]"]}}],"source":{"joinInstruction":{"leftOperand":"eb760903-f394-44b4-9452-b4a37c89c37e","rightOperand":"eef5dc44-719f-45aa-aa14-fc2fdeca1ba7","rightJoinKeyProperties":{"uniqueKey":true},"type":"LEFT","onClause":"{fk_sales_order} = {id_sales_order}"}}},"eef5dc44-719f-45aa-aa14-fc2fdeca1ba7":{"alias":"spy_sales_order","dataTransforms":[{"renameColumnOperation":{"columnName":"cart_note","newColumnName":"cart_note[spy_sales_order]"}},{"renameColumnOperation":{"columnName":"created_at","newColumnName":"created_at[spy_sales_order]"}},{"renameColumnOperation":{"columnName":"updated_at","newColumnName":"updated_at[spy_sales_order]"}}],"source":{"physicalTableId":"8fcbc617-98e5-4ab3-a436-3248b11d4d25"}},"d44c656d-d146-46a3-bb1e-909a0cb582a4":{"alias":"spy_oms_order_item_state","source":{"physicalTableId":"05fbad2b-9f58-4c30-ac1c-5fbebf6fad17"}},"eb760903-f394-44b4-9452-b4a37c89c37e":{"alias":"Intermediate Table","source":{"joinInstruction":{"leftOperand":"d44c656d-d146-46a3-bb1e-909a0cb582a4","rightOperand":"0c87e865-c373-4eba-9507-9ae6775dc8d4","leftJoinKeyProperties":{"uniqueKey":true},"type":"RIGHT","onClause":"{id_oms_order_item_state} = {fk_oms_order_item_state}"}}},"0c87e865-c373-4eba-9507-9ae6775dc8d4":{"alias":"spy_sales_order_item","dataTransforms":[{"renameColumnOperation":{"columnName":"name","newColumnName":"name[spy_sales_order_item]"}}],"source":{"physicalTableId":"47b26a05-97a0-4a26-9f91-073714a542e1"}}},"importMode":"SPICE","fieldFolders":{},"dataSetUsageConfiguration":{"disableUseAsDirectQuerySource":false,"disableUseAsImportedSource":false}}