{"resourceType":"dataset","dataSetId":"SprykerB2BMPDefaultDatasetProductConcreteStore","name":"Product Concrete + Store","physicalTableMap":{"d1ae9584-c430-4c06-bd93-6acbabc841cc":{"relationalTable":{"dataSourceArn":"arn:aws:quicksight:AwsRegion:AwsAccountId:datasource/SprykerB2BMPDefaultDataSource","name":"spy_store","inputColumns":[{"name":"id_store","type":"INTEGER"},{"name":"fk_currency","type":"INTEGER"},{"name":"fk_locale","type":"INTEGER"},{"name":"name","type":"STRING"}]}},"8509e212-a110-4f91-9e2c-349f3584db87":{"relationalTable":{"dataSourceArn":"arn:aws:quicksight:AwsRegion:AwsAccountId:datasource/SprykerB2BMPDefaultDataSource","name":"spy_locale","inputColumns":[{"name":"id_locale","type":"INTEGER"},{"name":"is_active","type":"BIT"},{"name":"locale_name","type":"STRING"}]}},"2f2951ab-84f8-40c2-951e-a8668588930b":{"relationalTable":{"dataSourceArn":"arn:aws:quicksight:AwsRegion:AwsAccountId:datasource/SprykerB2BMPDefaultDataSource","name":"spy_product","inputColumns":[{"name":"id_product","type":"INTEGER"},{"name":"fk_product_abstract","type":"INTEGER"},{"name":"attributes","type":"STRING"},{"name":"is_active","type":"BIT"},{"name":"is_quantity_splittable","type":"BIT"},{"name":"sku","type":"STRING"},{"name":"created_at","type":"DATETIME"},{"name":"updated_at","type":"DATETIME"}]}},"cbcbddc2-e52a-4622-848c-b13b3a427a83":{"relationalTable":{"dataSourceArn":"arn:aws:quicksight:AwsRegion:AwsAccountId:datasource/SprykerB2BMPDefaultDataSource","name":"spy_product_abstract","inputColumns":[{"name":"id_product_abstract","type":"INTEGER"},{"name":"fk_tax_set","type":"INTEGER"},{"name":"approval_status","type":"STRING"},{"name":"attributes","type":"STRING"},{"name":"color_code","type":"STRING"},{"name":"new_from","type":"DATETIME"},{"name":"new_to","type":"DATETIME"},{"name":"sku","type":"STRING"},{"name":"created_at","type":"DATETIME"},{"name":"updated_at","type":"DATETIME"}]}},"0dea76bc-399c-4f63-94c6-ad3ad40c3799":{"relationalTable":{"dataSourceArn":"arn:aws:quicksight:AwsRegion:AwsAccountId:datasource/SprykerB2BMPDefaultDataSource","name":"spy_product_localized_attributes","inputColumns":[{"name":"id_product_attributes","type":"INTEGER"},{"name":"fk_locale","type":"INTEGER"},{"name":"fk_product","type":"INTEGER"},{"name":"attributes","type":"STRING"},{"name":"description","type":"STRING"},{"name":"is_complete","type":"BIT"},{"name":"name","type":"STRING"},{"name":"created_at","type":"DATETIME"},{"name":"updated_at","type":"DATETIME"}]}},"77027aa9-60f6-49f2-87ef-8a7840061ee4":{"relationalTable":{"dataSourceArn":"arn:aws:quicksight:AwsRegion:AwsAccountId:datasource/SprykerB2BMPDefaultDataSource","name":"spy_product_abstract_store","inputColumns":[{"name":"id_product_abstract_store","type":"INTEGER"},{"name":"fk_product_abstract","type":"INTEGER"},{"name":"fk_store","type":"INTEGER"}]}}},"logicalTableMap":{"693afa56-e2ca-4ebd-ba3a-40b468e53216":{"alias":"spy_store","dataTransforms":[{"renameColumnOperation":{"columnName":"fk_locale","newColumnName":"fk_locale[spy_store]"}},{"renameColumnOperation":{"columnName":"name","newColumnName":"store"}}],"source":{"physicalTableId":"d1ae9584-c430-4c06-bd93-6acbabc841cc"}},"8d99ec2d-5be1-40be-aa97-39ae872bbf8a":{"alias":"spy_locale","dataTransforms":[{"renameColumnOperation":{"columnName":"is_active","newColumnName":"is_active[spy_locale]"}}],"source":{"physicalTableId":"8509e212-a110-4f91-9e2c-349f3584db87"}},"296b8600-5137-4c18-b66c-5149fe5fd260":{"alias":"spy_product_abstract_store","dataTransforms":[{"renameColumnOperation":{"columnName":"fk_product_abstract","newColumnName":"fk_product_abstract[spy_product_abstract_store]"}}],"source":{"physicalTableId":"77027aa9-60f6-49f2-87ef-8a7840061ee4"}},"5146b5fc-f4f5-4712-8204-6412d0915d30":{"alias":"Intermediate Table","source":{"joinInstruction":{"leftOperand":"466f0fb4-fd86-4c68-918d-c7b56611436c","rightOperand":"33eeb566-b970-4dd3-ab50-5c4ea8109d0a","leftJoinKeyProperties":{"uniqueKey":true},"type":"LEFT","onClause":"{id_product} = {fk_product}"}}},"dbe7add0-e4af-4c5d-94fb-216fe34801b8":{"alias":"spy_product_abstract","dataTransforms":[{"renameColumnOperation":{"columnName":"attributes","newColumnName":"attributes[spy_product_abstract]"}},{"renameColumnOperation":{"columnName":"sku","newColumnName":"sku[spy_product_abstract]"}},{"renameColumnOperation":{"columnName":"created_at","newColumnName":"created_at[spy_product_abstract]"}},{"renameColumnOperation":{"columnName":"updated_at","newColumnName":"updated_at[spy_product_abstract]"}}],"source":{"physicalTableId":"cbcbddc2-e52a-4622-848c-b13b3a427a83"}},"68cbecef-d9d4-4abe-a80b-251be1d40946":{"alias":"Intermediate Table (4)","source":{"joinInstruction":{"leftOperand":"09d76bb6-588b-44a1-b23c-d827f92e6ee3","rightOperand":"296b8600-5137-4c18-b66c-5149fe5fd260","type":"LEFT","onClause":"{id_product_abstract} = {fk_product_abstract[spy_product_abstract_store]}"}}},"33eeb566-b970-4dd3-ab50-5c4ea8109d0a":{"alias":"spy_product_localized_attributes","dataTransforms":[{"renameColumnOperation":{"columnName":"attributes","newColumnName":"attributes[spy_product_localized_attributes]"}},{"renameColumnOperation":{"columnName":"created_at","newColumnName":"created_at[spy_product_localized_attributes]"}},{"renameColumnOperation":{"columnName":"updated_at","newColumnName":"updated_at[spy_product_localized_attributes]"}}],"source":{"physicalTableId":"0dea76bc-399c-4f63-94c6-ad3ad40c3799"}},"09d76bb6-588b-44a1-b23c-d827f92e6ee3":{"alias":"Intermediate Table (3)","source":{"joinInstruction":{"leftOperand":"8566e872-412a-4fbb-9239-bf97e7ebef1f","rightOperand":"8d99ec2d-5be1-40be-aa97-39ae872bbf8a","rightJoinKeyProperties":{"uniqueKey":true},"type":"LEFT","onClause":"{fk_locale} = {id_locale}"}}},"466f0fb4-fd86-4c68-918d-c7b56611436c":{"alias":"spy_product","source":{"physicalTableId":"2f2951ab-84f8-40c2-951e-a8668588930b"}},"8566e872-412a-4fbb-9239-bf97e7ebef1f":{"alias":"Intermediate Table (2)","source":{"joinInstruction":{"leftOperand":"5146b5fc-f4f5-4712-8204-6412d0915d30","rightOperand":"dbe7add0-e4af-4c5d-94fb-216fe34801b8","type":"LEFT","onClause":"{fk_product_abstract} = {id_product_abstract}"}}},"edda5dbf-1f86-4eea-a9ec-c3080ca371f2":{"alias":"Intermediate Table (5)","dataTransforms":[{"filterOperation":{"conditionExpression":"{locale_name}=\"en_US\"","enabled":false,"inverse":false}},{"projectOperation":{"projectedColumns":["attributes","is_active","is_quantity_splittable","sku","created_at","updated_at","attributes[spy_product_localized_attributes]","description","is_complete","name","created_at[spy_product_localized_attributes]","updated_at[spy_product_localized_attributes]","approval_status","attributes[spy_product_abstract]","color_code","new_from","new_to","sku[spy_product_abstract]","created_at[spy_product_abstract]","updated_at[spy_product_abstract]","is_active[spy_locale]","locale_name","store"]}}],"source":{"joinInstruction":{"leftOperand":"68cbecef-d9d4-4abe-a80b-251be1d40946","rightOperand":"693afa56-e2ca-4ebd-ba3a-40b468e53216","type":"LEFT","onClause":"{fk_store} = {id_store}"}}}},"importMode":"SPICE","fieldFolders":{},"dataSetUsageConfiguration":{"disableUseAsDirectQuerySource":false,"disableUseAsImportedSource":false}}