{"resourceType":"dataset","dataSetId":"SprykerB2BMPDefaultDatasetOrderItemLocalizedProductConcrete","name":"Order Item + Localized Product Concrete","physicalTableMap":{"4241639c-1f85-40cb-99e0-c5b87401a699":{"relationalTable":{"dataSourceArn":"arn:aws:quicksight:AwsRegion:AwsAccountId:datasource/SprykerB2BMPDefaultDataSource","name":"spy_sales_order","inputColumns":[{"name":"id_sales_order","type":"INTEGER"},{"name":"fk_locale","type":"INTEGER"},{"name":"fk_sales_order_address_billing","type":"INTEGER"},{"name":"fk_sales_order_address_shipping","type":"INTEGER"},{"name":"cart_note","type":"STRING"},{"name":"company_business_unit_uuid","type":"STRING"},{"name":"company_uuid","type":"STRING"},{"name":"currency_iso_code","type":"STRING"},{"name":"customer_reference","type":"STRING"},{"name":"email","type":"STRING"},{"name":"first_name","type":"STRING"},{"name":"is_test","type":"BIT"},{"name":"last_name","type":"STRING"},{"name":"oms_processor_identifier","type":"INTEGER"},{"name":"order_custom_reference","type":"STRING"},{"name":"order_reference","type":"STRING"},{"name":"price_mode","type":"INTEGER"},{"name":"salutation","type":"INTEGER"},{"name":"store","type":"STRING"},{"name":"created_at","type":"DATETIME"},{"name":"updated_at","type":"DATETIME"}]}},"30490164-ab9c-44d2-b219-4adbff9f0e36":{"relationalTable":{"dataSourceArn":"arn:aws:quicksight:AwsRegion:AwsAccountId:datasource/SprykerB2BMPDefaultDataSource","name":"spy_sales_order_item","inputColumns":[{"name":"id_sales_order_item","type":"INTEGER"},{"name":"fk_oms_order_item_state","type":"INTEGER"},{"name":"fk_oms_order_process","type":"INTEGER"},{"name":"fk_sales_order","type":"INTEGER"},{"name":"fk_sales_order_item_bundle","type":"INTEGER"},{"name":"fk_sales_shipment","type":"INTEGER"},{"name":"amount","type":"DECIMAL","subType":"FIXED"},{"name":"amount_base_measurement_unit_name","type":"STRING"},{"name":"amount_measurement_unit_code","type":"STRING"},{"name":"amount_measurement_unit_conversion","type":"DECIMAL","subType":"FLOAT"},{"name":"amount_measurement_unit_name","type":"STRING"},{"name":"amount_measurement_unit_precision","type":"INTEGER"},{"name":"amount_sku","type":"STRING"},{"name":"canceled_amount","type":"INTEGER"},{"name":"cart_note","type":"STRING"},{"name":"discount_amount_aggregation","type":"INTEGER"},{"name":"discount_amount_full_aggregation","type":"INTEGER"},{"name":"expense_price_aggregation","type":"INTEGER"},{"name":"gross_price","type":"INTEGER"},{"name":"group_key","type":"STRING"},{"name":"is_quantity_splittable","type":"BIT"},{"name":"last_state_change","type":"DATETIME"},{"name":"merchant_commission_amount_aggregation","type":"INTEGER"},{"name":"merchant_commission_amount_full_aggregation","type":"INTEGER"},{"name":"merchant_commission_refunded_amount","type":"INTEGER"},{"name":"merchant_reference","type":"STRING"},{"name":"name","type":"STRING"},{"name":"net_price","type":"INTEGER"},{"name":"order_item_reference","type":"STRING"},{"name":"price","type":"INTEGER"},{"name":"price_to_pay_aggregation","type":"INTEGER"},{"name":"product_offer_reference","type":"STRING"},{"name":"product_option_price_aggregation","type":"INTEGER"},{"name":"quantity","type":"INTEGER"},{"name":"quantity_base_measurement_unit_name","type":"STRING"},{"name":"quantity_measurement_unit_code","type":"STRING"},{"name":"quantity_measurement_unit_conversion","type":"DECIMAL","subType":"FLOAT"},{"name":"quantity_measurement_unit_name","type":"STRING"},{"name":"quantity_measurement_unit_precision","type":"INTEGER"},{"name":"refundable_amount","type":"INTEGER"},{"name":"remuneration_amount","type":"INTEGER"},{"name":"sku","type":"STRING"},{"name":"subtotal_aggregation","type":"INTEGER"},{"name":"tax_amount","type":"INTEGER"},{"name":"tax_amount_after_cancellation","type":"INTEGER"},{"name":"tax_amount_full_aggregation","type":"INTEGER"},{"name":"tax_rate","type":"DECIMAL","subType":"FIXED"},{"name":"tax_rate_average_aggregation","type":"DECIMAL","subType":"FIXED"},{"name":"uuid","type":"STRING"},{"name":"created_at","type":"DATETIME"},{"name":"updated_at","type":"DATETIME"}]}},"d9096273-8ec2-4f2f-8e05-b137d85af660":{"relationalTable":{"dataSourceArn":"arn:aws:quicksight:AwsRegion:AwsAccountId:datasource/SprykerB2BMPDefaultDataSource","name":"spy_product_localized_attributes","inputColumns":[{"name":"id_product_attributes","type":"INTEGER"},{"name":"fk_locale","type":"INTEGER"},{"name":"fk_product","type":"INTEGER"},{"name":"attributes","type":"STRING"},{"name":"description","type":"STRING"},{"name":"is_complete","type":"BIT"},{"name":"name","type":"STRING"},{"name":"created_at","type":"DATETIME"},{"name":"updated_at","type":"DATETIME"}]}},"ec556cda-e21a-4195-af11-7821e0f2f62e":{"relationalTable":{"dataSourceArn":"arn:aws:quicksight:AwsRegion:AwsAccountId:datasource/SprykerB2BMPDefaultDataSource","name":"spy_product","inputColumns":[{"name":"id_product","type":"INTEGER"},{"name":"fk_product_abstract","type":"INTEGER"},{"name":"attributes","type":"STRING"},{"name":"is_active","type":"BIT"},{"name":"is_quantity_splittable","type":"BIT"},{"name":"sku","type":"STRING"},{"name":"created_at","type":"DATETIME"},{"name":"updated_at","type":"DATETIME"}]}},"a8d33396-de97-42c2-92b5-6647aa99d01e":{"relationalTable":{"dataSourceArn":"arn:aws:quicksight:AwsRegion:AwsAccountId:datasource/SprykerB2BMPDefaultDataSource","name":"spy_locale","inputColumns":[{"name":"id_locale","type":"INTEGER"},{"name":"is_active","type":"BIT"},{"name":"locale_name","type":"STRING"}]}}},"logicalTableMap":{"80c2fd90-3c35-4bb6-9f13-e07d8b0789ed":{"alias":"spy_sales_order","dataTransforms":[{"renameColumnOperation":{"columnName":"cart_note","newColumnName":"cart_note[spy_sales_order]"}}],"source":{"physicalTableId":"4241639c-1f85-40cb-99e0-c5b87401a699"}},"d0b83e9e-f96d-420a-9d53-4e5836016b5b":{"alias":"spy_locale","dataTransforms":[{"renameColumnOperation":{"columnName":"is_active","newColumnName":"is_active[spy_locale]"}}],"source":{"physicalTableId":"a8d33396-de97-42c2-92b5-6647aa99d01e"}},"5a0a3b63-8332-46e9-a0fe-aac1ead1284b":{"alias":"spy_product_localized_attributes","dataTransforms":[{"renameColumnOperation":{"columnName":"fk_locale","newColumnName":"fk_locale[spy_product_localized_attributes]"}},{"renameColumnOperation":{"columnName":"attributes","newColumnName":"attributes[spy_product_localized_attributes]"}},{"renameColumnOperation":{"columnName":"name","newColumnName":"name[spy_product_localized_attributes]"}},{"renameColumnOperation":{"columnName":"created_at","newColumnName":"created_at[spy_product_localized_attributes]"}},{"renameColumnOperation":{"columnName":"updated_at","newColumnName":"updated_at[spy_product_localized_attributes]"}}],"source":{"physicalTableId":"d9096273-8ec2-4f2f-8e05-b137d85af660"}},"eac12b33-153e-4bbd-b644-dcd9ffc86164":{"alias":"Intermediate Table (3)","source":{"joinInstruction":{"leftOperand":"14b70324-7418-45b0-812d-a78a26f8349f","rightOperand":"5a0a3b63-8332-46e9-a0fe-aac1ead1284b","type":"LEFT","onClause":"{id_product} = {fk_product}"}}},"9722475e-5230-45f6-b9e3-3476068f46e6":{"alias":"spy_sales_order_item","dataTransforms":[{"renameColumnOperation":{"columnName":"created_at","newColumnName":"created_at[spy_sales_order_item]"}},{"renameColumnOperation":{"columnName":"updated_at","newColumnName":"updated_at[spy_sales_order_item]"}}],"source":{"physicalTableId":"30490164-ab9c-44d2-b219-4adbff9f0e36"}},"9c4a8071-51bd-41b7-ba3b-b81e76e64122":{"alias":"spy_product","dataTransforms":[{"renameColumnOperation":{"columnName":"is_quantity_splittable","newColumnName":"is_quantity_splittable[spy_product]"}},{"renameColumnOperation":{"columnName":"sku","newColumnName":"sku[spy_product]"}},{"renameColumnOperation":{"columnName":"created_at","newColumnName":"created_at[spy_product]"}},{"renameColumnOperation":{"columnName":"updated_at","newColumnName":"updated_at[spy_product]"}}],"source":{"physicalTableId":"ec556cda-e21a-4195-af11-7821e0f2f62e"}},"14b70324-7418-45b0-812d-a78a26f8349f":{"alias":"Intermediate Table (2)","source":{"joinInstruction":{"leftOperand":"d92cf81e-d275-4de4-a819-4601c1b88a39","rightOperand":"9c4a8071-51bd-41b7-ba3b-b81e76e64122","type":"LEFT","onClause":"{sku} = {sku[spy_product]}"}}},"d92cf81e-d275-4de4-a819-4601c1b88a39":{"alias":"Intermediate Table","source":{"joinInstruction":{"leftOperand":"9722475e-5230-45f6-b9e3-3476068f46e6","rightOperand":"80c2fd90-3c35-4bb6-9f13-e07d8b0789ed","type":"LEFT","onClause":"{fk_sales_order} = {id_sales_order}"}}},"fcecb949-6750-4320-8d83-d054b70d5c89":{"alias":"Intermediate Table (4)","dataTransforms":[{"filterOperation":{"conditionExpression":"{locale_name}=\"en_US\"","enabled":false,"inverse":false}},{"projectOperation":{"projectedColumns":["amount","amount_base_measurement_unit_name","amount_measurement_unit_code","amount_measurement_unit_conversion","amount_measurement_unit_name","amount_measurement_unit_precision","amount_sku","canceled_amount","cart_note","discount_amount_aggregation","discount_amount_full_aggregation","expense_price_aggregation","gross_price","group_key","is_quantity_splittable","last_state_change","merchant_commission_amount_aggregation","merchant_commission_amount_full_aggregation","merchant_commission_refunded_amount","merchant_reference","name","net_price","order_item_reference","price","price_to_pay_aggregation","product_offer_reference","product_option_price_aggregation","quantity","quantity_base_measurement_unit_name","quantity_measurement_unit_code","quantity_measurement_unit_conversion","quantity_measurement_unit_name","quantity_measurement_unit_precision","refundable_amount","remuneration_amount","sku","subtotal_aggregation","tax_amount","tax_amount_after_cancellation","tax_amount_full_aggregation","tax_rate","tax_rate_average_aggregation","cart_note[spy_sales_order]","company_business_unit_uuid","company_uuid","currency_iso_code","customer_reference","email","first_name","last_name","oms_processor_identifier","order_custom_reference","order_reference","price_mode","salutation","store","created_at","updated_at","attributes","is_active","is_quantity_splittable[spy_product]","sku[spy_product]","created_at[spy_product]","updated_at[spy_product]","attributes[spy_product_localized_attributes]","description","name[spy_product_localized_attributes]","created_at[spy_product_localized_attributes]","updated_at[spy_product_localized_attributes]","locale_name"]}}],"source":{"joinInstruction":{"leftOperand":"eac12b33-153e-4bbd-b644-dcd9ffc86164","rightOperand":"d0b83e9e-f96d-420a-9d53-4e5836016b5b","type":"LEFT","onClause":"{fk_locale[spy_product_localized_attributes]} = {id_locale}"}}}},"importMode":"SPICE","fieldFolders":{},"dataSetUsageConfiguration":{"disableUseAsDirectQuerySource":false,"disableUseAsImportedSource":false}}