{"resourceType":"dataset","dataSetId":"SprykerB2BMPDefaultDatasetOrderPaymentMethods","name":"Order Payment Methods","physicalTableMap":{"d7d772af-dffa-4fa3-9f00-46d891b7185f":{"relationalTable":{"dataSourceArn":"arn:aws:quicksight:AwsRegion:AwsAccountId:datasource/SprykerB2BMPDefaultDataSource","name":"spy_sales_payment_method_type","inputColumns":[{"name":"id_sales_payment_method_type","type":"INTEGER"},{"name":"payment_method","type":"STRING"},{"name":"payment_provider","type":"STRING"}]}},"35ed5073-3cf1-48fe-8a24-720ace4f5763":{"relationalTable":{"dataSourceArn":"arn:aws:quicksight:AwsRegion:AwsAccountId:datasource/SprykerB2BMPDefaultDataSource","name":"spy_sales_payment","inputColumns":[{"name":"id_sales_payment","type":"INTEGER"},{"name":"fk_sales_order","type":"INTEGER"},{"name":"fk_sales_payment_method_type","type":"INTEGER"},{"name":"amount","type":"INTEGER"},{"name":"created_at","type":"DATETIME"},{"name":"updated_at","type":"DATETIME"}]}},"ffd74fc6-40cd-4033-a1c9-264bf57dd7b8":{"relationalTable":{"dataSourceArn":"arn:aws:quicksight:AwsRegion:AwsAccountId:datasource/SprykerB2BMPDefaultDataSource","name":"spy_sales_order","inputColumns":[{"name":"id_sales_order","type":"INTEGER"},{"name":"fk_locale","type":"INTEGER"},{"name":"fk_sales_order_address_billing","type":"INTEGER"},{"name":"fk_sales_order_address_shipping","type":"INTEGER"},{"name":"cart_note","type":"STRING"},{"name":"company_business_unit_uuid","type":"STRING"},{"name":"company_uuid","type":"STRING"},{"name":"currency_iso_code","type":"STRING"},{"name":"customer_reference","type":"STRING"},{"name":"email","type":"STRING"},{"name":"first_name","type":"STRING"},{"name":"is_test","type":"BIT"},{"name":"last_name","type":"STRING"},{"name":"oms_processor_identifier","type":"INTEGER"},{"name":"order_custom_reference","type":"STRING"},{"name":"order_reference","type":"STRING"},{"name":"price_mode","type":"INTEGER"},{"name":"salutation","type":"INTEGER"},{"name":"store","type":"STRING"},{"name":"created_at","type":"DATETIME"},{"name":"updated_at","type":"DATETIME"}]}}},"logicalTableMap":{"c2833ec1-4dd1-4aac-846d-98ab86cc7f60":{"alias":"Intermediate Table (2)","dataTransforms":[{"projectOperation":{"projectedColumns":["amount","created_at","updated_at","payment_method","payment_provider","cart_note","company_business_unit_uuid","company_uuid","currency_iso_code","customer_reference","email","first_name","last_name","oms_processor_identifier","order_custom_reference","order_reference","price_mode","salutation","store","created_at[spy_sales_order]","updated_at[spy_sales_order]"]}}],"source":{"joinInstruction":{"leftOperand":"92feb64c-2d12-484f-8ce7-3ed6fa87c704","rightOperand":"2b536042-5bde-4326-ae3e-a41c057619b7","type":"LEFT","onClause":"{fk_sales_order} = {id_sales_order}"}}},"92feb64c-2d12-484f-8ce7-3ed6fa87c704":{"alias":"Intermediate Table","source":{"joinInstruction":{"leftOperand":"d455324b-8b66-4f42-b312-ad7a082f9c17","rightOperand":"b8f995b0-aa7a-4cd4-9895-ff23f60c7d39","type":"LEFT","onClause":"{fk_sales_payment_method_type} = {id_sales_payment_method_type}"}}},"b8f995b0-aa7a-4cd4-9895-ff23f60c7d39":{"alias":"spy_sales_payment_method_type","source":{"physicalTableId":"d7d772af-dffa-4fa3-9f00-46d891b7185f"}},"d455324b-8b66-4f42-b312-ad7a082f9c17":{"alias":"spy_sales_payment","source":{"physicalTableId":"35ed5073-3cf1-48fe-8a24-720ace4f5763"}},"2b536042-5bde-4326-ae3e-a41c057619b7":{"alias":"spy_sales_order","dataTransforms":[{"renameColumnOperation":{"columnName":"created_at","newColumnName":"created_at[spy_sales_order]"}},{"renameColumnOperation":{"columnName":"updated_at","newColumnName":"updated_at[spy_sales_order]"}}],"source":{"physicalTableId":"ffd74fc6-40cd-4033-a1c9-264bf57dd7b8"}}},"importMode":"SPICE","fieldFolders":{},"dataSetUsageConfiguration":{"disableUseAsDirectQuerySource":false,"disableUseAsImportedSource":false}}