abstract_sku,concrete_sku,price_type,store,currency,value_net,value_gross,price_data.volume_prices,value_cost
M61240,,DEFAULT,AT,EUR,15593,18537,,12976
M61240,,DEFAULT,AT,CHF,17762,21118,,14783
M61240,,ORIGINAL,AT,EUR,17314,20585,,14409
M61240,,ORIGINAL,AT,CHF,19724,23453,,16417
,100107,DEFAULT,AT,EUR,15593,18537,,12976
,100107,DEFAULT,AT,CHF,17762,21118,,14783
,100107,ORIGINAL,AT,EUR,17314,20585,,14409
,100107,ORIGINAL,AT,CHF,19724,23453,,16417
C2235,,DEFAULT,AT,EUR,8072,9587,,6711
C2235,,DEFAULT,AT,CHF,9188,10915,,7640
C2235,,ORIGINAL,AT,EUR,8957,10641,,7449
C2235,,ORIGINAL,AT,CHF,10197,12116,,8481
,1001454,DEFAULT,AT,EUR,8072,9587,,6711
,1001454,DEFAULT,AT,CHF,9188,10915,,7640
,1001454,ORIGINAL,AT,EUR,8957,10641,,7449
,1001454,ORIGINAL,AT,CHF,10197,12116,,8481
,100223,DEFAULT,AT,EUR,17841,21212,,14848
,100223,DEFAULT,AT,CHF,20324,24167,,16917
,100223,ORIGINAL,AT,EUR,19812,23557,,16490
,100223,ORIGINAL,AT,CHF,22571,26841,,18789
M770,,DEFAULT,AT,EUR,26328,31312,,21918
M770,,DEFAULT,AT,CHF,29999,35681,,24977
M770,,ORIGINAL,AT,EUR,29242,34780,,24346
M770,,ORIGINAL,AT,CHF,33321,39634,,27744
,100266,DEFAULT,AT,EUR,26328,31312,,21918
,100266,DEFAULT,AT,CHF,29999,35681,,24977
,100266,ORIGINAL,AT,EUR,29242,34780,,24346
,100266,ORIGINAL,AT,CHF,33321,39634,,27744
M634,,DEFAULT,AT,EUR,133459,158797,,111158
M634,,DEFAULT,AT,CHF,152129,181014,,126710
M634,,ORIGINAL,AT,EUR,148276,176430,,123501
M634,,ORIGINAL,AT,CHF,169021,201115,,140780
,100288,DEFAULT,AT,EUR,133459,158797,,111158
,100288,DEFAULT,AT,CHF,152129,181014,,126710
,100288,ORIGINAL,AT,EUR,148276,176430,,123501
,100288,ORIGINAL,AT,CHF,169021,201115,,140780
M10569,,DEFAULT,AT,EUR,28262,33613,,23529
M10569,,DEFAULT,AT,CHF,32204,38304,,26813
M10569,,ORIGINAL,AT,EUR,31391,37336,,26135
M10569,,ORIGINAL,AT,CHF,35771,42548,,29784
,100414,DEFAULT,AT,EUR,28262,33613,,23529
,100414,DEFAULT,AT,CHF,32204,38304,,26813
,100414,ORIGINAL,AT,EUR,31391,37336,,26135
,100414,ORIGINAL,AT,CHF,35771,42548,,29784
M39654,,DEFAULT,AT,EUR,7128,8464,,5925
M39654,,DEFAULT,AT,CHF,8111,9634,,6744
M39654,,ORIGINAL,AT,EUR,7908,9393,,6575
M39654,,ORIGINAL,AT,CHF,9001,10693,,7485
,100429,DEFAULT,AT,EUR,7128,8464,,5925
,100429,DEFAULT,AT,CHF,8111,9634,,6744
,100429,ORIGINAL,AT,EUR,7908,9393,,6575
,100429,ORIGINAL,AT,CHF,9001,10693,,7485
M11222,,DEFAULT,AT,EUR,11597,13782,,9647
M11222,,DEFAULT,AT,CHF,13206,15697,,10988
M11222,,ORIGINAL,AT,EUR,12874,15302,,10711
M11222,,ORIGINAL,AT,CHF,14662,17430,,12201
,100430,DEFAULT,AT,EUR,11597,13782,,9647
,100430,DEFAULT,AT,CHF,13206,15697,,10988
,100430,ORIGINAL,AT,EUR,12874,15302,,10711
,100430,ORIGINAL,AT,CHF,14662,17430,,12201
M2393,,DEFAULT,AT,EUR,10412,12372,,8660
M2393,,DEFAULT,AT,CHF,11855,14090,,9863
M2393,,ORIGINAL,AT,EUR,11557,13735,,9614
M2393,,ORIGINAL,AT,CHF,13161,15644,,10951
,100588,DEFAULT,AT,EUR,10412,12372,,8660
,100588,DEFAULT,AT,CHF,11855,14090,,9863
,100588,ORIGINAL,AT,EUR,11557,13735,,9614
,100588,ORIGINAL,AT,CHF,13161,15644,,10951
M45050,,DEFAULT,AT,EUR,24345,28952,,20266
M45050,,DEFAULT,AT,CHF,27739,32991,,23094
M45050,,ORIGINAL,AT,EUR,27038,32157,,22510
M45050,,ORIGINAL,AT,CHF,30810,36645,,25652
,100666,DEFAULT,AT,EUR,24345,28952,,20266
,100666,DEFAULT,AT,CHF,27739,32991,,23094
,100666,ORIGINAL,AT,EUR,27038,32157,,22510
,100666,ORIGINAL,AT,CHF,30810,36645,,25652
M302,,DEFAULT,AT,EUR,10546,12531,,8772
M302,,DEFAULT,AT,CHF,12008,14271,,9990
M302,,ORIGINAL,AT,EUR,11706,13912,,9738
M302,,ORIGINAL,AT,CHF,13331,15845,,11092
,100682,DEFAULT,AT,EUR,10546,12531,,8772
,100682,DEFAULT,AT,CHF,12008,14271,,9990
,100682,ORIGINAL,AT,EUR,11706,13912,,9738
,100682,ORIGINAL,AT,CHF,13331,15845,,11092
M75601,,DEFAULT,AT,EUR,13078,15544,,10881
M75601,,DEFAULT,AT,CHF,14894,17706,,12394
M75601,,ORIGINAL,AT,EUR,14520,17260,,12082
M75601,,ORIGINAL,AT,CHF,16537,19662,,13763
,100683,DEFAULT,AT,EUR,13078,15544,,10881
,100683,DEFAULT,AT,CHF,14894,17706,,12394
,100683,ORIGINAL,AT,EUR,14520,17260,,12082
,100683,ORIGINAL,AT,CHF,16537,19662,,13763
M53238,,DEFAULT,AT,EUR,19217,22850,,15995
M53238,,DEFAULT,AT,CHF,21893,26034,,18224
M53238,,ORIGINAL,AT,EUR,21341,25377,,17764
M53238,,ORIGINAL,AT,CHF,24314,28915,,20240
,100907,DEFAULT,AT,EUR,19217,22850,,15995
,100907,DEFAULT,AT,CHF,21893,26034,,18224
,100907,ORIGINAL,AT,EUR,21341,25377,,17764
,100907,ORIGINAL,AT,CHF,24314,28915,,20240
M53331,,DEFAULT,AT,EUR,15841,18831,,13182
M53331,,DEFAULT,AT,CHF,18044,21453,,15017
M53331,,ORIGINAL,AT,EUR,17590,20912,,14638
M53331,,ORIGINAL,AT,CHF,20037,23825,,16678
,100949,DEFAULT,AT,EUR,15841,18831,,13182
,100949,DEFAULT,AT,CHF,18044,21453,,15017
,100949,ORIGINAL,AT,EUR,17590,20912,,14638
,100949,ORIGINAL,AT,CHF,20037,23825,,16678
M49344,,DEFAULT,AT,EUR,14168,16841,,11789
M49344,,DEFAULT,AT,CHF,16137,19184,,13429
M49344,,ORIGINAL,AT,EUR,15731,18701,,13091
M49344,,ORIGINAL,AT,CHF,17918,21304,,14913
,100999,DEFAULT,AT,EUR,14168,16841,,11789
,100999,DEFAULT,AT,CHF,16137,19184,,13429
,100999,ORIGINAL,AT,EUR,15731,18701,,13091
,100999,ORIGINAL,AT,CHF,17918,21304,,14913
M49207,,DEFAULT,AT,EUR,37936,45124,,31587
M49207,,DEFAULT,AT,CHF,43233,51427,,35999
M49207,,ORIGINAL,AT,EUR,42140,50126,,35088
M49207,,ORIGINAL,AT,CHF,48025,57130,,39991
,101007,DEFAULT,AT,EUR,37936,45124,,31587
,101007,DEFAULT,AT,CHF,43233,51427,,35999
,101007,ORIGINAL,AT,EUR,42140,50126,,35088
,101007,ORIGINAL,AT,CHF,48025,57130,,39991
M53235,,DEFAULT,AT,EUR,33815,40220,,28154
M53235,,DEFAULT,AT,CHF,38535,45836,,32085
M53235,,ORIGINAL,AT,EUR,37561,44677,,31274
M53235,,ORIGINAL,AT,CHF,42805,50917,,35642
,101102,DEFAULT,AT,EUR,33815,40220,,28154
,101102,DEFAULT,AT,CHF,38535,45836,,32085
,101102,ORIGINAL,AT,EUR,37561,44677,,31274
,101102,ORIGINAL,AT,CHF,42805,50917,,35642
M731,,DEFAULT,AT,EUR,30577,36367,,25457
M731,,DEFAULT,AT,CHF,34843,41444,,29011
M731,,ORIGINAL,AT,EUR,33963,40396,,28277
M731,,ORIGINAL,AT,CHF,38703,46037,,32226
,101171,DEFAULT,AT,EUR,30577,36367,,25457
,101171,DEFAULT,AT,CHF,34843,41444,,29011
,101171,ORIGINAL,AT,EUR,33963,40396,,28277
,101171,ORIGINAL,AT,CHF,38703,46037,,32226
M1028038,,DEFAULT,AT,EUR,16954,20157,,14110
M1028038,,DEFAULT,AT,CHF,19313,22964,,16075
M1028038,,ORIGINAL,AT,EUR,18826,22385,,15669
M1028038,,ORIGINAL,AT,CHF,21447,25504,,17853
,101172,DEFAULT,AT,EUR,16954,20157,,14110
,101172,DEFAULT,AT,CHF,19313,22964,,16075
,101172,ORIGINAL,AT,EUR,18826,22385,,15669
,101172,ORIGINAL,AT,CHF,21447,25504,,17853
M2495,,DEFAULT,AT,EUR,16246,19314,,13520
M2495,,DEFAULT,AT,CHF,18506,22003,,15402
M2495,,ORIGINAL,AT,EUR,18040,21448,,15014
M2495,,ORIGINAL,AT,CHF,20551,24436,,17105
,101226,DEFAULT,AT,EUR,16246,19314,,13520
,101226,DEFAULT,AT,CHF,18506,22003,,15402
,101226,ORIGINAL,AT,EUR,18040,21448,,15014
,101226,ORIGINAL,AT,CHF,20551,24436,,17105
M11480,,DEFAULT,AT,EUR,19243,22880,,16016
M11480,,DEFAULT,AT,CHF,21923,26069,,18248
M11480,,ORIGINAL,AT,EUR,21370,25411,,17788
M11480,,ORIGINAL,AT,CHF,24347,28954,,20268
,101441,DEFAULT,AT,EUR,19243,22880,,16016
,101441,DEFAULT,AT,CHF,21923,26069,,18248
,101441,ORIGINAL,AT,EUR,21370,25411,,17788
,101441,ORIGINAL,AT,CHF,24347,28954,,20268
M1014948,,DEFAULT,AT,EUR,18582,22093,,15465
M1014948,,DEFAULT,AT,CHF,21169,25172,,17620
M1014948,,ORIGINAL,AT,EUR,20635,24536,,17175
M1014948,,ORIGINAL,AT,CHF,23510,27957,,19570
,101509,DEFAULT,AT,EUR,18582,22093,,15465
,101509,DEFAULT,AT,CHF,21169,25172,,17620
,101509,ORIGINAL,AT,EUR,20635,24536,,17175
,101509,ORIGINAL,AT,CHF,23510,27957,,19570
M64933,,DEFAULT,AT,EUR,11603,13789,,9652
M64933,,DEFAULT,AT,CHF,13213,15705,,10994
M64933,,ORIGINAL,AT,EUR,12881,15310,,10717
M64933,,ORIGINAL,AT,CHF,14670,17438,,12207
,101515,DEFAULT,AT,EUR,11603,13789,,9652
,101515,DEFAULT,AT,CHF,13213,15705,,10994
,101515,ORIGINAL,AT,EUR,12881,15310,,10717
,101515,ORIGINAL,AT,CHF,14670,17438,,12207
M39658,,DEFAULT,AT,EUR,19288,22934,,16054
M39658,,DEFAULT,AT,CHF,21974,26130,,18291
M39658,,ORIGINAL,AT,EUR,21420,25471,,17830
M39658,,ORIGINAL,AT,CHF,24404,29022,,20315
,101560,DEFAULT,AT,EUR,19288,22934,,16054
,101560,DEFAULT,AT,CHF,21974,26130,,18291
,101560,ORIGINAL,AT,EUR,21420,25471,,17830
,101560,ORIGINAL,AT,CHF,24404,29022,,20315
M15226,,DEFAULT,AT,EUR,21548,25623,,17936
M15226,,DEFAULT,AT,CHF,24550,29196,,20437
M15226,,ORIGINAL,AT,EUR,23931,28458,,19921
M15226,,ORIGINAL,AT,CHF,27266,32428,,22700
,101759,DEFAULT,AT,EUR,21548,25623,,17936
,101759,DEFAULT,AT,CHF,24550,29196,,20437
,101759,ORIGINAL,AT,EUR,23931,28458,,19921
,101759,ORIGINAL,AT,CHF,27266,32428,,22700
M79890,,DEFAULT,AT,EUR,11088,13176,,9223
M79890,,DEFAULT,AT,CHF,12626,15006,,10504
M79890,,ORIGINAL,AT,EUR,12308,14628,,10240
M79890,,ORIGINAL,AT,CHF,14017,16662,,11663
,101828,DEFAULT,AT,EUR,11088,13176,,9223
,101828,DEFAULT,AT,CHF,12626,15006,,10504
,101828,ORIGINAL,AT,EUR,12308,14628,,10240
,101828,ORIGINAL,AT,CHF,14017,16662,,11663
M74972,,DEFAULT,AT,EUR,33118,39392,,27574
M74972,,DEFAULT,AT,CHF,37740,44892,,31424
M74972,,ORIGINAL,AT,EUR,36786,43757,,30630
M74972,,ORIGINAL,AT,CHF,41922,49868,,34908
,101863,DEFAULT,AT,EUR,33118,39392,,27574
,101863,DEFAULT,AT,CHF,37740,44892,,31424
,101863,ORIGINAL,AT,EUR,36786,43757,,30630
,101863,ORIGINAL,AT,CHF,41922,49868,,34908
M74974,,DEFAULT,AT,EUR,43328,51541,,36079
M74974,,DEFAULT,AT,CHF,49379,58742,,41119
M74974,,ORIGINAL,AT,EUR,48131,57256,,40079
M74974,,ORIGINAL,AT,CHF,54854,65257,,45680
,101865,DEFAULT,AT,EUR,43328,51541,,36079
,101865,DEFAULT,AT,CHF,49379,58742,,41119
,101865,ORIGINAL,AT,EUR,48131,57256,,40079
,101865,ORIGINAL,AT,CHF,54854,65257,,45680
M74907,,DEFAULT,AT,EUR,59829,71177,,49824
M74907,,DEFAULT,AT,CHF,68191,81127,,56789
M74907,,ORIGINAL,AT,EUR,66465,79074,,55352
M74907,,ORIGINAL,AT,CHF,75756,90130,,63091
,101940,DEFAULT,AT,EUR,59829,71177,,49824
,101940,DEFAULT,AT,CHF,68191,81127,,56789
,101940,ORIGINAL,AT,EUR,66465,79074,,55352
,101940,ORIGINAL,AT,CHF,75756,90130,,63091
M1018212,,DEFAULT,AT,EUR,43112,51285,,35900
M1018212,,DEFAULT,AT,CHF,49133,58450,,40915
M1018212,,ORIGINAL,AT,EUR,47891,56972,,39880
M1018212,,ORIGINAL,AT,CHF,54581,64933,,45453
,102121,DEFAULT,AT,EUR,43112,51285,,35900
,102121,DEFAULT,AT,CHF,49133,58450,,40915
,102121,ORIGINAL,AT,EUR,47891,56972,,39880
,102121,ORIGINAL,AT,CHF,54581,64933,,45453
M58035,,DEFAULT,AT,EUR,27403,32591,,22814
M58035,,DEFAULT,AT,CHF,31225,37139,,25997
M58035,,ORIGINAL,AT,EUR,30436,36201,,25341
M58035,,ORIGINAL,AT,CHF,34683,41254,,28878
,102124,DEFAULT,AT,EUR,27403,32591,,22814
,102124,DEFAULT,AT,CHF,31225,37139,,25997
,102124,ORIGINAL,AT,EUR,30436,36201,,25341
,102124,ORIGINAL,AT,CHF,34683,41254,,28878
,102126,DEFAULT,AT,EUR,26702,31757,,22230
,102126,DEFAULT,AT,CHF,30426,36188,,25332
,102126,ORIGINAL,AT,EUR,29657,35274,,24692
,102126,ORIGINAL,AT,CHF,33795,40197,,28138
,102128,DEFAULT,AT,EUR,31719,37727,,26409
,102128,DEFAULT,AT,CHF,36145,42994,,30096
,102128,ORIGINAL,AT,EUR,35232,41907,,29335
,102128,ORIGINAL,AT,CHF,40150,47760,,33432
,102130,DEFAULT,AT,EUR,32649,38833,,27183
,102130,DEFAULT,AT,CHF,37205,44255,,30978
,102130,ORIGINAL,AT,EUR,36265,43136,,30195
,102130,ORIGINAL,AT,CHF,41327,49161,,34413
M58100,,DEFAULT,AT,EUR,26576,31606,,22124
M58100,,DEFAULT,AT,CHF,30282,36016,,25211
M58100,,ORIGINAL,AT,EUR,29517,35106,,24574
M58100,,ORIGINAL,AT,CHF,33635,40006,,28004
,102169,DEFAULT,AT,EUR,26576,31606,,22124
,102169,DEFAULT,AT,CHF,30282,36016,,25211
,102169,ORIGINAL,AT,EUR,29517,35106,,24574
,102169,ORIGINAL,AT,CHF,33635,40006,,28004
M58095,,DEFAULT,AT,EUR,15460,18379,,12865
M58095,,DEFAULT,AT,CHF,17610,20938,,14657
M58095,,ORIGINAL,AT,EUR,17166,20410,,14287
M58095,,ORIGINAL,AT,CHF,19555,23253,,16277
,102177,DEFAULT,AT,EUR,15460,18379,,12865
,102177,DEFAULT,AT,CHF,17610,20938,,14657
,102177,ORIGINAL,AT,EUR,17166,20410,,14287
,102177,ORIGINAL,AT,CHF,19555,23253,,16277
M58102,,DEFAULT,AT,EUR,16940,20140,,14098
M58102,,DEFAULT,AT,CHF,19297,22945,,16061
,102180,DEFAULT,AT,EUR,16940,20140,,14098
,102180,DEFAULT,AT,CHF,19297,22945,,16061
M58103,,DEFAULT,AT,EUR,16940,20140,,14098
M58103,,DEFAULT,AT,CHF,19297,22945,,16061
,102181,DEFAULT,AT,EUR,16940,20140,,14098
,102181,DEFAULT,AT,CHF,19297,22945,,16061
M58104,,DEFAULT,AT,EUR,16940,20140,,14098
M58104,,DEFAULT,AT,CHF,19297,22945,,16061
,102182,DEFAULT,AT,EUR,16940,20140,,14098
,102182,DEFAULT,AT,CHF,19297,22945,,16061
M58105,,DEFAULT,AT,EUR,16940,20140,,14098
M58105,,DEFAULT,AT,CHF,19297,22945,,16061
,102183,DEFAULT,AT,EUR,16940,20140,,14098
,102183,DEFAULT,AT,CHF,19297,22945,,16061
M61124,,DEFAULT,AT,EUR,15572,18511,,12958
M61124,,DEFAULT,AT,CHF,17738,21088,,14762
,102708,DEFAULT,AT,EUR,15572,18511,,12958
,102708,DEFAULT,AT,CHF,17738,21088,,14762
M61125,,DEFAULT,AT,EUR,18385,21859,,15301
M61125,,DEFAULT,AT,CHF,20944,24905,,17434
,102712,DEFAULT,AT,EUR,18385,21859,,15301
,102712,DEFAULT,AT,CHF,20944,24905,,17434
M53287,,DEFAULT,AT,EUR,12758,15164,,10615
M53287,,DEFAULT,AT,CHF,14530,17272,,12090
,102775,DEFAULT,AT,EUR,12758,15164,,10615
,102775,DEFAULT,AT,CHF,14530,17272,,12090
M53288,,DEFAULT,AT,EUR,13134,15610,,10927
M53288,,DEFAULT,AT,CHF,14958,17781,,12447
,102779,DEFAULT,AT,EUR,13134,15610,,10927
,102779,DEFAULT,AT,CHF,14958,17781,,12447
M226,,DEFAULT,AT,EUR,39202,46631,,32642
M226,,DEFAULT,AT,CHF,44676,53145,,37202
,102809,DEFAULT,AT,EUR,39202,46631,,32642
,102809,DEFAULT,AT,CHF,44676,53145,,37202
M62584,,DEFAULT,AT,EUR,16884,20073,,14051
M62584,,DEFAULT,AT,CHF,19233,22869,,16008
,102841,DEFAULT,AT,EUR,16884,20073,,14051
,102841,DEFAULT,AT,CHF,19233,22869,,16008
M766,,DEFAULT,AT,EUR,19322,22975,,16082
M766,,DEFAULT,AT,CHF,22013,26177,,18324
,102917,DEFAULT,AT,EUR,19322,22975,,16082
,102917,DEFAULT,AT,CHF,22013,26177,,18324
M767,,DEFAULT,AT,EUR,19932,23700,,16590
M767,,DEFAULT,AT,CHF,22708,27003,,18902
,102918,DEFAULT,AT,EUR,19932,23700,,16590
,102918,DEFAULT,AT,CHF,22708,27003,,18902
M768,,DEFAULT,AT,EUR,21760,25876,,18113
M768,,DEFAULT,AT,CHF,24792,29484,,20639
,102919,DEFAULT,AT,EUR,21760,25876,,18113
,102919,DEFAULT,AT,CHF,24792,29484,,20639
M769,,DEFAULT,AT,EUR,23261,27661,,19363
M769,,DEFAULT,AT,CHF,26503,31519,,22063
,102920,DEFAULT,AT,EUR,23261,27661,,19363
,102920,DEFAULT,AT,CHF,26503,31519,,22063
M771,,DEFAULT,AT,EUR,25136,29893,,20925
M771,,DEFAULT,AT,CHF,28641,34064,,23845
,102922,DEFAULT,AT,EUR,25136,29893,,20925
,102922,DEFAULT,AT,CHF,28641,34064,,23845
M787,,DEFAULT,AT,EUR,23354,27773,,19441
M787,,DEFAULT,AT,CHF,26609,31647,,22153
,102923,DEFAULT,AT,EUR,23354,27773,,19441
,102923,DEFAULT,AT,CHF,26609,31647,,22153
M788,,DEFAULT,AT,EUR,24949,29670,,20769
M788,,DEFAULT,AT,CHF,28427,33809,,23666
,102924,DEFAULT,AT,EUR,24949,29670,,20769
,102924,DEFAULT,AT,CHF,28427,33809,,23666
M789,,DEFAULT,AT,EUR,25511,30339,,21237
M789,,DEFAULT,AT,CHF,29068,34572,,24200
,102925,DEFAULT,AT,EUR,25511,30339,,21237
,102925,DEFAULT,AT,CHF,29068,34572,,24200
,102935,DEFAULT,AT,EUR,12964,15408,,10786
,102935,DEFAULT,AT,CHF,14764,17551,,12286
,102936,DEFAULT,AT,EUR,14775,17563,,12294
,102936,DEFAULT,AT,CHF,16829,20007,,14005
,102938,DEFAULT,AT,EUR,17541,20855,,14598
,102938,DEFAULT,AT,CHF,19982,23760,,16632
,102939,DEFAULT,AT,EUR,18572,22082,,15457
,102939,DEFAULT,AT,CHF,21158,25159,,17611
M719,,DEFAULT,AT,EUR,19370,23031,,16122
M719,,DEFAULT,AT,CHF,22067,26241,,18369
,102940,DEFAULT,AT,EUR,19370,23031,,16122
,102940,DEFAULT,AT,CHF,22067,26241,,18369
M72878,,DEFAULT,AT,EUR,19011,22604,,15823
M72878,,DEFAULT,AT,CHF,21658,25754,,18028
,102972,DEFAULT,AT,EUR,19011,22604,,15823
,102972,DEFAULT,AT,CHF,21658,25754,,18028
M64947,,DEFAULT,AT,EUR,13377,15900,,11130
M64947,,DEFAULT,AT,CHF,15235,18112,,12678
,102976,DEFAULT,AT,EUR,13377,15900,,11130
,102976,DEFAULT,AT,CHF,15235,18112,,12678
M64934,,DEFAULT,AT,EUR,20635,24537,,17176
M64934,,DEFAULT,AT,CHF,23509,27958,,19571
,102988,DEFAULT,AT,EUR,20635,24537,,17176
,102988,DEFAULT,AT,CHF,23509,27958,,19571
M40490,,DEFAULT,AT,EUR,26261,31232,,21862
M40490,,DEFAULT,AT,CHF,29923,35590,,24913
,103117,DEFAULT,AT,EUR,26261,31232,,21862
,103117,DEFAULT,AT,CHF,29923,35590,,24913
M40491,,DEFAULT,AT,EUR,33763,40159,,28111
M40491,,DEFAULT,AT,CHF,38475,45767,,32037
,103118,DEFAULT,AT,EUR,33763,40159,,28111
,103118,DEFAULT,AT,CHF,38475,45767,,32037
M11306,,DEFAULT,AT,EUR,15159,18020,,12614
M11306,,DEFAULT,AT,CHF,17267,20528,,14370
,103235,DEFAULT,AT,EUR,15159,18020,,12614
,103235,DEFAULT,AT,CHF,17267,20528,,14370
M74815,,DEFAULT,AT,EUR,17822,21189,,14832
M74815,,DEFAULT,AT,CHF,20303,24141,,16899
,103296,DEFAULT,AT,EUR,17822,21189,,14832
,103296,DEFAULT,AT,CHF,20303,24141,,16899
M66923,,DEFAULT,AT,EUR,9439,11213,,7849
M66923,,DEFAULT,AT,CHF,10746,12768,,8938
,103388,DEFAULT,AT,EUR,9439,11213,,7849
,103388,DEFAULT,AT,CHF,10746,12768,,8938
M69408,,DEFAULT,AT,EUR,21385,25430,,17801
M69408,,DEFAULT,AT,CHF,24364,28976,,20283
,103510,DEFAULT,AT,EUR,21385,25430,,17801
,103510,DEFAULT,AT,CHF,24364,28976,,20283
M1028049,,DEFAULT,AT,EUR,28137,33464,,23425
M1028049,,DEFAULT,AT,CHF,32062,38134,,26694
,103740,DEFAULT,AT,EUR,28137,33464,,23425
,103740,DEFAULT,AT,CHF,32062,38134,,26694
M72844,,DEFAULT,AT,EUR,64707,76982,,53887
M72844,,DEFAULT,AT,CHF,73751,87745,,61421
,103836,DEFAULT,AT,EUR,64707,76982,,53887
,103836,DEFAULT,AT,CHF,73751,87745,,61421
M72843,,DEFAULT,AT,EUR,43140,51318,,35923
M72843,,DEFAULT,AT,CHF,49165,58488,,40942
,103838,DEFAULT,AT,EUR,43140,51318,,35923
,103838,DEFAULT,AT,CHF,49165,58488,,40942
M72937,,DEFAULT,AT,EUR,49891,59352,,41546
M72937,,DEFAULT,AT,CHF,56861,67647,,47353
,103889,DEFAULT,AT,EUR,49891,59352,,41546
,103889,DEFAULT,AT,CHF,56861,67647,,47353
M72938,,DEFAULT,AT,EUR,51673,61472,,43030
M72938,,DEFAULT,AT,CHF,58893,70064,,49045
,103890,DEFAULT,AT,EUR,51673,61472,,43030
,103890,DEFAULT,AT,CHF,58893,70064,,49045
M72933,,DEFAULT,AT,EUR,40093,47692,,33384
M72933,,DEFAULT,AT,CHF,45692,54354,,38048
,103905,DEFAULT,AT,EUR,40093,47692,,33384
,103905,DEFAULT,AT,CHF,45692,54354,,38048
M72935,,DEFAULT,AT,EUR,41874,49812,,34868
M72935,,DEFAULT,AT,CHF,47722,56771,,39740
,103907,DEFAULT,AT,EUR,41874,49812,,34868
,103907,DEFAULT,AT,CHF,47722,56771,,39740
M26831,,DEFAULT,AT,EUR,64707,76982,,53887
M26831,,DEFAULT,AT,CHF,73751,87745,,61421
,104074,DEFAULT,AT,EUR,64707,76982,,53887
,104074,DEFAULT,AT,CHF,73751,87745,,61421
M10577,,DEFAULT,AT,EUR,8323,9885,,6920
M10577,,DEFAULT,AT,CHF,9474,11254,,7878
,104151,DEFAULT,AT,EUR,8323,9885,,6920
,104151,DEFAULT,AT,CHF,9474,11254,,7878
M10871,,DEFAULT,AT,EUR,9748,11582,,8107
M10871,,DEFAULT,AT,CHF,11098,13189,,9232
,104190,DEFAULT,AT,EUR,9748,11582,,8107
,104190,DEFAULT,AT,CHF,11098,13189,,9232
M10872,,DEFAULT,AT,EUR,10339,12285,,8600
M10872,,DEFAULT,AT,CHF,11772,13990,,9793
,104192,DEFAULT,AT,EUR,10339,12285,,8600
,104192,DEFAULT,AT,CHF,11772,13990,,9793
M11473,,DEFAULT,AT,EUR,10705,12720,,8904
M11473,,DEFAULT,AT,CHF,12189,14486,,10140
,104440,DEFAULT,AT,EUR,10705,12720,,8904
,104440,DEFAULT,AT,CHF,12189,14486,,10140
M75071,,DEFAULT,AT,EUR,19564,23263,,16284
M75071,,DEFAULT,AT,CHF,22288,26505,,18554
,104445,DEFAULT,AT,EUR,19564,23263,,16284
,104445,DEFAULT,AT,CHF,22288,26505,,18554
M11542,,DEFAULT,AT,EUR,9748,11582,,8107
M11542,,DEFAULT,AT,CHF,11098,13189,,9232
M11542,,ORIGINAL,AT,EUR,10820,12857,,9000
M11542,,ORIGINAL,AT,CHF,12320,14643,,10250
,104517,DEFAULT,AT,EUR,9748,11582,,8107
,104517,DEFAULT,AT,CHF,11098,13189,,9232
,104517,ORIGINAL,AT,EUR,10820,12857,,9000
,104517,ORIGINAL,AT,CHF,12320,14643,,10250
M2365,,DEFAULT,AT,EUR,23917,28442,,19909
M2365,,DEFAULT,AT,CHF,27251,32409,,22686
,104523,DEFAULT,AT,EUR,23917,28442,,19909
,104523,DEFAULT,AT,CHF,27251,32409,,22686
M2366,,DEFAULT,AT,EUR,25756,30631,,21442
M2366,,DEFAULT,AT,CHF,29347,34905,,24434
,104524,DEFAULT,AT,EUR,25756,30631,,21442
,104524,DEFAULT,AT,CHF,29347,34905,,24434
M526,,DEFAULT,AT,EUR,26722,31780,,22246
M526,,DEFAULT,AT,CHF,30449,36215,,25350
,104937,DEFAULT,AT,EUR,26722,31780,,22246
,104937,DEFAULT,AT,CHF,30449,36215,,25350
M528,,DEFAULT,AT,EUR,27734,32984,,23089
M528,,DEFAULT,AT,CHF,31602,37587,,26311
M528,,ORIGINAL,AT,EUR,30804,36637,,25646
M528,,ORIGINAL,AT,CHF,35102,41752,,29226
,104939,DEFAULT,AT,EUR,27734,32984,,23089
,104939,DEFAULT,AT,CHF,31602,37587,,26311
,104939,ORIGINAL,AT,EUR,30804,36637,,25646
,104939,ORIGINAL,AT,CHF,35102,41752,,29226
M79892,,DEFAULT,AT,EUR,12214,14516,,10161
M79892,,DEFAULT,AT,CHF,13909,16534,,11574
,107061,DEFAULT,AT,EUR,12214,14516,,10161
,107061,DEFAULT,AT,CHF,13909,16534,,11574
M79932,,DEFAULT,AT,EUR,8456,10044,,7031
M79932,,DEFAULT,AT,CHF,9625,11436,,8005
,107063,DEFAULT,AT,EUR,8456,10044,,7031
,107063,DEFAULT,AT,CHF,9625,11436,,8005
M80392,,DEFAULT,AT,EUR,17183,20429,,14300
M80392,,DEFAULT,AT,CHF,19574,23275,,16292
,107253,DEFAULT,AT,EUR,17183,20429,,14300
,107253,DEFAULT,AT,CHF,19574,23275,,16292
,107252,DEFAULT,AT,EUR,18891,22461,,15723
,107252,DEFAULT,AT,CHF,21521,25592,,17914
M12655,,DEFAULT,AT,EUR,17183,20429,,14300
M12655,,DEFAULT,AT,CHF,19574,23275,,16292
,107254,DEFAULT,AT,EUR,17183,20429,,14300
,107254,DEFAULT,AT,CHF,19574,23275,,16292
M12656,,DEFAULT,AT,EUR,20290,24126,,16888
M12656,,DEFAULT,AT,CHF,23116,27489,,19242
,107255,DEFAULT,AT,EUR,20290,24126,,16888
,107255,DEFAULT,AT,CHF,23116,27489,,19242
M87416,,DEFAULT,AT,EUR,37771,44929,,31450
M87416,,DEFAULT,AT,CHF,43044,51205,,35844
,107273,DEFAULT,AT,EUR,37771,44929,,31450
,107273,DEFAULT,AT,CHF,43044,51205,,35844
M87599,,DEFAULT,AT,EUR,65235,77610,,54327
M87599,,DEFAULT,AT,CHF,74353,88461,,61923
,107287,DEFAULT,AT,EUR,65235,77610,,54327
,107287,DEFAULT,AT,CHF,74353,88461,,61923
M213,,DEFAULT,AT,EUR,24040,28588,,20012
M213,,DEFAULT,AT,CHF,27391,32576,,22803
,107305,DEFAULT,AT,EUR,24040,28588,,20012
,107305,DEFAULT,AT,CHF,27391,32576,,22803
M229,,DEFAULT,AT,EUR,31764,37780,,26446
M229,,DEFAULT,AT,CHF,36196,43055,,30138
,107306,DEFAULT,AT,EUR,31764,37780,,26446
,107306,DEFAULT,AT,CHF,36196,43055,,30138
M14054,,DEFAULT,AT,EUR,42921,51057,,35740
M14054,,DEFAULT,AT,CHF,48915,58190,,40733
,107310,DEFAULT,AT,EUR,42921,51057,,35740
,107310,DEFAULT,AT,CHF,48915,58190,,40733
M15127,,DEFAULT,AT,EUR,24040,28588,,20012
M15127,,DEFAULT,AT,CHF,27391,32576,,22803
,107311,DEFAULT,AT,EUR,24040,28588,,20012
,107311,DEFAULT,AT,CHF,27391,32576,,22803
M432,,DEFAULT,AT,EUR,54123,64387,,45071
M432,,DEFAULT,AT,CHF,61686,73387,,51371
,107313,DEFAULT,AT,EUR,54123,64387,,45071
,107313,DEFAULT,AT,CHF,61686,73387,,51371
M87464,,DEFAULT,AT,EUR,34338,40844,,28591
M87464,,DEFAULT,AT,CHF,39131,46548,,32584
,107315,DEFAULT,AT,EUR,34338,40844,,28591
,107315,DEFAULT,AT,CHF,39131,46548,,32584
M86939,,DEFAULT,AT,EUR,18077,21493,,15045
M86939,,DEFAULT,AT,CHF,20593,24488,,17142
,107396,DEFAULT,AT,EUR,18077,21493,,15045
,107396,DEFAULT,AT,CHF,20593,24488,,17142
M86938,,DEFAULT,AT,EUR,19884,23643,,16550
M86938,,DEFAULT,AT,CHF,22653,26939,,18857
,107403,DEFAULT,AT,EUR,19884,23643,,16550
,107403,DEFAULT,AT,CHF,22653,26939,,18857
M90851,,DEFAULT,AT,EUR,121565,144644,,101251
M90851,,DEFAULT,AT,CHF,138570,164880,,115416
,107938,DEFAULT,AT,EUR,121565,144644,,101251
,107938,DEFAULT,AT,CHF,138570,164880,,115416
M90810,,DEFAULT,AT,EUR,31764,37780,,26446
M90810,,DEFAULT,AT,CHF,36196,43055,,30138
,108263,DEFAULT,AT,EUR,31764,37780,,26446
,108263,DEFAULT,AT,CHF,36196,43055,,30138
M90737,,DEFAULT,AT,EUR,14608,17364,,12155
M90737,,DEFAULT,AT,CHF,16639,19780,,13846
,108278,DEFAULT,AT,EUR,14608,17364,,12155
,108278,DEFAULT,AT,CHF,16639,19780,,13846
M90800,,DEFAULT,AT,EUR,30048,35738,,25017
M90800,,DEFAULT,AT,CHF,34240,40727,,28509
,108287,DEFAULT,AT,EUR,30048,35738,,25017
,108287,DEFAULT,AT,CHF,34240,40727,,28509
M90805,,DEFAULT,AT,EUR,44637,53099,,37169
M90805,,DEFAULT,AT,CHF,50872,60518,,42363
,108298,DEFAULT,AT,EUR,44637,53099,,37169
,108298,DEFAULT,AT,CHF,50872,60518,,42363
M90806,,DEFAULT,AT,EUR,55839,66430,,46501
M90806,,DEFAULT,AT,CHF,63642,75716,,53001
,108302,DEFAULT,AT,EUR,55839,66430,,46501
,108302,DEFAULT,AT,CHF,63642,75716,,53001
M1000785,,DEFAULT,AT,EUR,40662,48369,,33858
M1000785,,DEFAULT,AT,CHF,46340,55126,,38588
,212427,DEFAULT,AT,EUR,40662,48369,,33858
,212427,DEFAULT,AT,CHF,46340,55126,,38588
M1000786,,DEFAULT,AT,EUR,12245,14552,,10186
M1000786,,DEFAULT,AT,CHF,13945,16575,,11602
,212440,DEFAULT,AT,EUR,12245,14552,,10186
,212440,DEFAULT,AT,CHF,13945,16575,,11602
M1000838,,DEFAULT,AT,EUR,141388,168233,,117763
M1000838,,DEFAULT,AT,CHF,161168,191771,,134240
,212442,DEFAULT,AT,EUR,141388,168233,,117763
,212442,DEFAULT,AT,CHF,161168,191771,,134240
M1000839,,DEFAULT,AT,EUR,168013,199917,,139942
M1000839,,DEFAULT,AT,CHF,191520,227891,,159524
,212444,DEFAULT,AT,EUR,168013,199917,,139942
,212444,DEFAULT,AT,CHF,191520,227891,,159524
M1000840,,DEFAULT,AT,EUR,266245,316813,,221769
M1000840,,DEFAULT,AT,CHF,303505,361152,,252806
,212447,DEFAULT,AT,EUR,266245,316813,,221769
,212447,DEFAULT,AT,CHF,303505,361152,,252806
M1006484,,DEFAULT,AT,EUR,21356,25395,,17776
M1006484,,DEFAULT,AT,CHF,24331,28936,,20255
,212837,DEFAULT,AT,EUR,21356,25395,,17776
,212837,DEFAULT,AT,CHF,24331,28936,,20255
M1006811,,DEFAULT,AT,EUR,14464,17193,,12035
M1006811,,DEFAULT,AT,CHF,16474,19586,,13710
,213103,DEFAULT,AT,EUR,14464,17193,,12035
,213103,DEFAULT,AT,CHF,16474,19586,,13710
M1006871,,DEFAULT,AT,EUR,24401,29018,,20313
M1006871,,DEFAULT,AT,CHF,27803,33066,,23146
,213216,DEFAULT,AT,EUR,24401,29018,,20313
,213216,DEFAULT,AT,CHF,27803,33066,,23146
M5108,,DEFAULT,AT,EUR,9124,10839,,7587
M5108,,DEFAULT,AT,CHF,10387,12342,,8639
,400065,DEFAULT,AT,EUR,9124,10839,,7587
,400065,DEFAULT,AT,CHF,10387,12342,,8639
M5043,,DEFAULT,AT,EUR,26975,32081,,22457
M5043,,DEFAULT,AT,CHF,30737,36558,,25591
,400072,DEFAULT,AT,EUR,26975,32081,,22457
,400072,DEFAULT,AT,CHF,30737,36558,,25591
M5022,,DEFAULT,AT,EUR,18077,21493,,15045
M5022,,DEFAULT,AT,CHF,20593,24488,,17142
,400074,DEFAULT,AT,EUR,18077,21493,,15045
,400074,DEFAULT,AT,CHF,20593,24488,,17142
M5113,,DEFAULT,AT,EUR,16270,19343,,13540
M5113,,DEFAULT,AT,CHF,18533,22037,,15426
,400434,DEFAULT,AT,EUR,16270,19343,,13540
,400434,DEFAULT,AT,CHF,18533,22037,,15426
M65062,,DEFAULT,AT,EUR,148709,176945,,123861
M65062,,DEFAULT,AT,CHF,169514,201703,,141192
,400855,DEFAULT,AT,EUR,148709,176945,,123861
,400855,DEFAULT,AT,CHF,169514,201703,,141192
M5154,,DEFAULT,AT,EUR,11076,13162,,9213
M5154,,DEFAULT,AT,CHF,12612,14990,,10493
,401627,DEFAULT,AT,EUR,11076,13162,,9213
,401627,DEFAULT,AT,CHF,12612,14990,,10493
M5155,,DEFAULT,AT,EUR,15476,18397,,12878
M5155,,DEFAULT,AT,CHF,17628,20958,,14671
,401629,DEFAULT,AT,EUR,15476,18397,,12878
,401629,DEFAULT,AT,CHF,17628,20958,,14671
M5147,,DEFAULT,AT,EUR,15909,18913,,13239
M5147,,DEFAULT,AT,CHF,18122,21546,,15082
,401768,DEFAULT,AT,EUR,15909,18913,,13239
,401768,DEFAULT,AT,CHF,18122,21546,,15082
M5148,,DEFAULT,AT,EUR,21691,25793,,18055
M5148,,DEFAULT,AT,CHF,24713,29390,,20573
,401781,DEFAULT,AT,EUR,21691,25793,,18055
,401781,DEFAULT,AT,CHF,24713,29390,,20573
M5044,,DEFAULT,AT,EUR,17906,21289,,14902
M5044,,DEFAULT,AT,CHF,20398,24255,,16978
,403006,DEFAULT,AT,EUR,17906,21289,,14902
,403006,DEFAULT,AT,CHF,20398,24255,,16978
M70208,,DEFAULT,AT,EUR,19884,23643,,16550
M70208,,DEFAULT,AT,CHF,22653,26939,,18857
,403125,DEFAULT,AT,EUR,19884,23643,,16550
,403125,DEFAULT,AT,CHF,22653,26939,,18857
M88184,,DEFAULT,AT,EUR,587310,698879,,489215
M88184,,DEFAULT,AT,CHF,669519,796708,,557696
,404108,DEFAULT,AT,EUR,587310,698879,,489215
,404108,DEFAULT,AT,CHF,669519,796708,,557696
M1031236,,DEFAULT,AT,EUR,16812,19988,,13992
M1031236,,DEFAULT,AT,CHF,19151,22772,,15940
,408034,DEFAULT,AT,EUR,16812,19988,,13992
,408034,DEFAULT,AT,CHF,19151,22772,,15940
M1031238,,DEFAULT,AT,EUR,5330,6324,,4427
M1031238,,DEFAULT,AT,CHF,6062,7195,,5036
,408104,DEFAULT,AT,EUR,5330,6324,,4427
,408104,DEFAULT,AT,CHF,6062,7195,,5036
M90799,,DEFAULT,AT,EUR,34338,40844,,28591
M90799,,DEFAULT,AT,CHF,39131,46548,,32584
,410075,DEFAULT,AT,EUR,34338,40844,,28591
,410075,DEFAULT,AT,CHF,39131,46548,,32584
M90802,,DEFAULT,AT,EUR,42063,50036,,35025
M90802,,DEFAULT,AT,CHF,47937,57027,,39919
,410083,DEFAULT,AT,EUR,42063,50036,,35025
,410083,DEFAULT,AT,CHF,47937,57027,,39919
M1024684,,DEFAULT,AT,EUR,53219,63312,,44318
M1024684,,DEFAULT,AT,CHF,60655,72161,,50513
,410090,DEFAULT,AT,EUR,53219,63312,,44318
,410090,DEFAULT,AT,CHF,60655,72161,,50513
M1024689,,DEFAULT,AT,EUR,74720,88898,,62229
M1024689,,DEFAULT,AT,CHF,85166,101329,,70930
,410102,DEFAULT,AT,EUR,74720,88898,,62229
,410102,DEFAULT,AT,CHF,85166,101329,,70930
M90804,,DEFAULT,AT,EUR,24040,28588,,20012
M90804,,DEFAULT,AT,CHF,27391,32576,,22803
,410104,DEFAULT,AT,EUR,24040,28588,,20012
,410104,DEFAULT,AT,CHF,27391,32576,,22803
M1080190,,DEFAULT,AT,EUR,27473,32673,,22871
M1080190,,DEFAULT,AT,CHF,31305,37233,,26063
,411653,DEFAULT,AT,EUR,27473,32673,,22871
,411653,DEFAULT,AT,CHF,31305,37233,,26063
M1079243,,DEFAULT,AT,EUR,18077,21493,,15045
M1079243,,DEFAULT,AT,CHF,20593,24488,,17142
,413849,DEFAULT,AT,EUR,18077,21493,,15045
,413849,DEFAULT,AT,CHF,20593,24488,,17142
M1079219,,DEFAULT,AT,EUR,35242,41919,,29343
M1079219,,DEFAULT,AT,CHF,40161,47773,,33441
,413850,DEFAULT,AT,EUR,35242,41919,,29343
,413850,DEFAULT,AT,CHF,40161,47773,,33441
M1079221,,DEFAULT,AT,EUR,16421,19523,,13666
M1079221,,DEFAULT,AT,CHF,18705,22242,,15569
,413852,DEFAULT,AT,EUR,16421,19523,,13666
,413852,DEFAULT,AT,CHF,18705,22242,,15569
M1079222,,DEFAULT,AT,EUR,28918,34393,,24075
M1079222,,DEFAULT,AT,CHF,32952,39194,,27436
,413854,DEFAULT,AT,EUR,28918,34393,,24075
,413854,DEFAULT,AT,CHF,32952,39194,,27436
M1028375,,DEFAULT,AT,EUR,73004,86856,,60799
M1028375,,DEFAULT,AT,CHF,83210,99001,,69301
,414097,DEFAULT,AT,EUR,73004,86856,,60799
,414097,DEFAULT,AT,CHF,83210,99001,,69301
M1028376,,DEFAULT,AT,EUR,77250,91908,,64336
M1028376,,DEFAULT,AT,CHF,88050,104761,,73333
,414098,DEFAULT,AT,EUR,77250,91908,,64336
,414098,DEFAULT,AT,CHF,88050,104761,,73333
M29455,,DEFAULT,AT,EUR,28918,34393,,24075
M29455,,DEFAULT,AT,CHF,32952,39194,,27436
M29455,,ORIGINAL,AT,EUR,32120,38203,,26742
M29455,,ORIGINAL,AT,CHF,36602,43537,,30476
,419780,DEFAULT,AT,EUR,28918,34393,,24075
,419780,DEFAULT,AT,CHF,32952,39194,,27436
,419780,ORIGINAL,AT,EUR,32120,38203,,26742
,419780,ORIGINAL,AT,CHF,36602,43537,,30476
M29456,,DEFAULT,AT,EUR,22618,26897,,18828
M29456,,DEFAULT,AT,CHF,25770,30648,,21454
,419781,DEFAULT,AT,EUR,22618,26897,,18828
,419781,DEFAULT,AT,CHF,25770,30648,,21454
,419782,DEFAULT,AT,EUR,18114,21537,,15076
,419782,DEFAULT,AT,CHF,20636,24538,,17177
M29468,,DEFAULT,AT,EUR,49942,59412,,41588
M29468,,DEFAULT,AT,CHF,56919,67715,,47400
,419803,DEFAULT,AT,EUR,49942,59412,,41588
,419803,DEFAULT,AT,CHF,56919,67715,,47400
M29499,,DEFAULT,AT,EUR,2917,3452,,2416
M29499,,DEFAULT,AT,CHF,3311,3921,,2745
,419869,DEFAULT,AT,EUR,2917,3452,,2416
,419869,DEFAULT,AT,CHF,3311,3921,,2745
M29501,,DEFAULT,AT,EUR,24502,29139,,20397
M29501,,DEFAULT,AT,CHF,27918,33204,,23243
,419871,DEFAULT,AT,EUR,24502,29139,,20397
,419871,DEFAULT,AT,CHF,27918,33204,,23243
M29502,,DEFAULT,AT,EUR,3388,4012,,2808
M29502,,DEFAULT,AT,CHF,3848,4559,,3191
,419872,DEFAULT,AT,EUR,3388,4012,,2808
,419872,DEFAULT,AT,CHF,3848,4559,,3191
M29503,,DEFAULT,AT,EUR,5272,6255,,4378
M29503,,DEFAULT,AT,CHF,5996,7116,,4981
,419873,DEFAULT,AT,EUR,5272,6255,,4378
,419873,DEFAULT,AT,CHF,5996,7116,,4981
M29504,,DEFAULT,AT,EUR,28271,33624,,23537
M29504,,DEFAULT,AT,CHF,32214,38317,,26822
,419876,DEFAULT,AT,EUR,28271,33624,,23537
,419876,DEFAULT,AT,CHF,32214,38317,,26822
M29507,,DEFAULT,AT,EUR,18849,22412,,15688
M29507,,DEFAULT,AT,CHF,21473,25535,,17874
,419880,DEFAULT,AT,EUR,18849,22412,,15688
,419880,DEFAULT,AT,CHF,21473,25535,,17874
M29523,,DEFAULT,AT,EUR,46173,54927,,38449
M29523,,DEFAULT,AT,CHF,52623,62602,,43821
,419897,DEFAULT,AT,EUR,46173,54927,,38449
,419897,DEFAULT,AT,CHF,52623,62602,,43821
M29524,,DEFAULT,AT,EUR,32982,39230,,27461
M29524,,DEFAULT,AT,CHF,37585,44708,,31296
M29524,,ORIGINAL,AT,EUR,36635,43577,,30504
M29524,,ORIGINAL,AT,CHF,41750,49664,,34765
,419898,DEFAULT,AT,EUR,32982,39230,,27461
,419898,DEFAULT,AT,CHF,37585,44708,,31296
,419898,ORIGINAL,AT,EUR,36635,43577,,30504
,419898,ORIGINAL,AT,CHF,41750,49664,,34765
M29525,,DEFAULT,AT,EUR,9708,11534,,8074
M29525,,DEFAULT,AT,CHF,11053,13134,,9194
,419900,DEFAULT,AT,EUR,9708,11534,,8074
,419900,DEFAULT,AT,CHF,11053,13134,,9194
M29526,,DEFAULT,AT,EUR,9708,11534,,8074
M29526,,DEFAULT,AT,CHF,11053,13134,,9194
,419901,DEFAULT,AT,EUR,9708,11534,,8074
,419901,DEFAULT,AT,CHF,11053,13134,,9194
M29529,,DEFAULT,AT,EUR,77540,92254,,64578
M29529,,DEFAULT,AT,CHF,88381,105155,,73608
M29529,,ORIGINAL,AT,EUR,86144,102493,,71745
M29529,,ORIGINAL,AT,CHF,98190,116827,,81779
,419904,DEFAULT,AT,EUR,77540,92254,,64578
,419904,DEFAULT,AT,CHF,88381,105155,,73608
,419904,ORIGINAL,AT,EUR,86144,102493,,71745
,419904,ORIGINAL,AT,CHF,98190,116827,,81779
M29530,,DEFAULT,AT,EUR,89000,105891,,74124
M29530,,DEFAULT,AT,CHF,101445,120701,,84491
M29530,,ORIGINAL,AT,EUR,98877,117645,,82352
M29530,,ORIGINAL,AT,CHF,112705,134101,,93871
,419905,DEFAULT,AT,EUR,89000,105891,,74124
,419905,DEFAULT,AT,CHF,101445,120701,,84491
,419905,ORIGINAL,AT,EUR,98877,117645,,82352
,419905,ORIGINAL,AT,CHF,112705,134101,,93871
M21062,,DEFAULT,AT,EUR,535,617,,432
M21062,,DEFAULT,AT,CHF,595,689,,482
,420506,DEFAULT,AT,EUR,535,617,,432
,420506,DEFAULT,AT,CHF,595,689,,482
M21066,,DEFAULT,AT,EUR,345,392,,274
M21066,,DEFAULT,AT,CHF,379,432,,302
,420514,DEFAULT,AT,EUR,345,392,,274
,420514,DEFAULT,AT,CHF,379,432,,302
M21067,,DEFAULT,AT,EUR,383,437,,306
M21067,,DEFAULT,AT,CHF,422,484,,339
,420520,DEFAULT,AT,EUR,383,437,,306
,420520,DEFAULT,AT,CHF,422,484,,339
M21073,,DEFAULT,AT,EUR,659,765,,536
M21073,,DEFAULT,AT,CHF,737,858,,601
,420527,DEFAULT,AT,EUR,659,765,,536
,420527,DEFAULT,AT,CHF,737,858,,601
M21090,,DEFAULT,AT,EUR,1924,2270,,1589
M21090,,DEFAULT,AT,CHF,2179,2573,,1801
,420549,DEFAULT,AT,EUR,1924,2270,,1589
,420549,DEFAULT,AT,CHF,2179,2573,,1801
M21091,,DEFAULT,AT,EUR,2906,3440,,2408
M21091,,DEFAULT,AT,CHF,3298,3907,,2735
,420550,DEFAULT,AT,EUR,2906,3440,,2408
,420550,DEFAULT,AT,CHF,3298,3907,,2735
M21092,,DEFAULT,AT,EUR,1048,1228,,860
M21092,,DEFAULT,AT,CHF,1180,1385,,969
,420551,DEFAULT,AT,EUR,1048,1228,,860
,420551,DEFAULT,AT,CHF,1180,1385,,969
M21093,,DEFAULT,AT,EUR,2840,3361,,2353
M21093,,DEFAULT,AT,CHF,3223,3817,,2672
,420554,DEFAULT,AT,EUR,2840,3361,,2353
,420554,DEFAULT,AT,CHF,3223,3817,,2672
M21094,,DEFAULT,AT,EUR,10531,12513,,8759
M21094,,DEFAULT,AT,CHF,11991,14250,,9975
,420555,DEFAULT,AT,EUR,10531,12513,,8759
,420555,DEFAULT,AT,CHF,11991,14250,,9975
M21097,,DEFAULT,AT,EUR,2048,2419,,1693
M21097,,DEFAULT,AT,CHF,2320,2743,,1920
,420562,DEFAULT,AT,EUR,2048,2419,,1693
,420562,DEFAULT,AT,CHF,2320,2743,,1920
M21099,,DEFAULT,AT,EUR,934,1092,,764
M21099,,DEFAULT,AT,CHF,1050,1230,,861
,420565,DEFAULT,AT,EUR,934,1092,,764
,420565,DEFAULT,AT,CHF,1050,1230,,861
M21100,,DEFAULT,AT,EUR,1427,1679,,1175
M21100,,DEFAULT,AT,CHF,1612,1900,,1330
,420566,DEFAULT,AT,EUR,1427,1679,,1175
,420566,DEFAULT,AT,CHF,1612,1900,,1330
M21101,,DEFAULT,AT,EUR,2127,2513,,1759
M21101,,DEFAULT,AT,CHF,2410,2850,,1995
,420567,DEFAULT,AT,EUR,2127,2513,,1759
,420567,DEFAULT,AT,CHF,2410,2850,,1995
M21103,,DEFAULT,AT,EUR,2282,2696,,1887
M21103,,DEFAULT,AT,CHF,2587,3059,,2141
,420573,DEFAULT,AT,EUR,2282,2696,,1887
,420573,DEFAULT,AT,CHF,2587,3059,,2141
M21104,,DEFAULT,AT,EUR,7739,9191,,6434
M21104,,DEFAULT,AT,CHF,8808,10463,,7324
,420574,DEFAULT,AT,EUR,7739,9191,,6434
,420574,DEFAULT,AT,CHF,8808,10463,,7324
M21105,,DEFAULT,AT,EUR,2092,2470,,1729
M21105,,DEFAULT,AT,CHF,2370,2801,,1961
,420575,DEFAULT,AT,EUR,2092,2470,,1729
,420575,DEFAULT,AT,CHF,2370,2801,,1961
M21189,,DEFAULT,AT,EUR,763,889,,622
M21189,,DEFAULT,AT,CHF,855,999,,699
,420685,DEFAULT,AT,EUR,500,580,"[{""quantity"":5,""net_price"":350,""gross_price"":420},{""quantity"":10,""net_price"":300,""gross_price"":360},{""quantity"":20,""net_price"":200,""gross_price"":240}]",406
,420685,DEFAULT,AT,CHF,550,640,"[{""quantity"":5,""net_price"":400,""gross_price"":480},{""quantity"":10,""net_price"":350,""gross_price"":420},{""quantity"":20,""net_price"":250,""gross_price"":300}]",448
M21190,,DEFAULT,AT,EUR,506,584,,409
M21190,,DEFAULT,AT,CHF,562,651,,456
M21190,,ORIGINAL,AT,EUR,551,637,,446
M21190,,ORIGINAL,AT,CHF,613,712,,498
,420687,DEFAULT,AT,EUR,506,584,,409
,420687,DEFAULT,AT,CHF,562,651,,456
,420687,ORIGINAL,AT,EUR,551,637,,446
,420687,ORIGINAL,AT,CHF,613,712,,498
M21191,,DEFAULT,AT,EUR,405,463,,324
M21191,,DEFAULT,AT,CHF,447,513,,359
,420689,DEFAULT,AT,EUR,405,463,,324
,420689,DEFAULT,AT,CHF,447,513,,359
M21193,,DEFAULT,AT,EUR,836,976,,683
M21193,,DEFAULT,AT,CHF,939,1098,,769
,420691,DEFAULT,AT,EUR,836,976,,683
,420691,DEFAULT,AT,CHF,939,1098,,769
M21194,,DEFAULT,AT,EUR,588,680,,476
M21194,,DEFAULT,AT,CHF,656,761,,533
,420692,DEFAULT,AT,EUR,588,680,,476
,420692,DEFAULT,AT,CHF,656,761,,533
M21195,,DEFAULT,AT,EUR,455,522,,365
M21195,,DEFAULT,AT,CHF,504,581,,407
,420694,DEFAULT,AT,EUR,455,522,,365
,420694,DEFAULT,AT,CHF,504,581,,407
M21196,,DEFAULT,AT,EUR,894,1045,,732
M21196,,DEFAULT,AT,CHF,1005,1177,,824
,420695,DEFAULT,AT,EUR,894,1045,,732
,420695,DEFAULT,AT,CHF,1005,1177,,824
M21197,,DEFAULT,AT,EUR,1135,1331,,932
M21197,,DEFAULT,AT,CHF,1279,1503,,1052
,420696,DEFAULT,AT,EUR,1135,1331,,932
,420696,DEFAULT,AT,CHF,1279,1503,,1052
M21200,,DEFAULT,AT,EUR,463,532,,372
M21200,,DEFAULT,AT,CHF,513,592,,414
,420706,DEFAULT,AT,EUR,463,532,,372
,420706,DEFAULT,AT,CHF,513,592,,414
M21201,,DEFAULT,AT,EUR,455,522,,365
M21201,,DEFAULT,AT,CHF,504,581,,407
,420707,DEFAULT,AT,EUR,455,522,,365
,420707,DEFAULT,AT,CHF,504,581,,407
M21202,,DEFAULT,AT,EUR,976,1143,,800
M21202,,DEFAULT,AT,CHF,1098,1289,,902
,420708,DEFAULT,AT,EUR,976,1143,,800
,420708,DEFAULT,AT,CHF,1098,1289,,902
M21203,,DEFAULT,AT,EUR,976,1143,,800
M21203,,DEFAULT,AT,CHF,1098,1289,,902
,420709,DEFAULT,AT,EUR,976,1143,,800
,420709,DEFAULT,AT,CHF,1098,1289,,902
M21205,,DEFAULT,AT,EUR,306,345,,241
M21205,,DEFAULT,AT,CHF,334,379,,265
,420712,DEFAULT,AT,EUR,306,345,,241
,420712,DEFAULT,AT,CHF,334,379,,265
M21296,,DEFAULT,AT,EUR,1093,1282,,897
M21296,,DEFAULT,AT,CHF,1232,1447,,1013
,420836,DEFAULT,AT,EUR,1093,1282,,897
,420836,DEFAULT,AT,CHF,1232,1447,,1013
M21299,,DEFAULT,AT,EUR,3165,3747,,2623
M21299,,DEFAULT,AT,CHF,3594,4257,,2980
,420845,DEFAULT,AT,EUR,3165,3747,,2623
,420845,DEFAULT,AT,CHF,3594,4257,,2980
M21635,,DEFAULT,AT,EUR,1300,1528,,1070
M21635,,DEFAULT,AT,CHF,1467,1727,,1209
,421245,DEFAULT,AT,EUR,1300,1528,,1070
,421245,DEFAULT,AT,CHF,1467,1727,,1209
M21636,,DEFAULT,AT,EUR,936,1095,,766
M21636,,DEFAULT,AT,CHF,1053,1234,,864
,421246,DEFAULT,AT,EUR,936,1095,,766
,421246,DEFAULT,AT,CHF,1053,1234,,864
M21637,,DEFAULT,AT,EUR,571,660,,462
M21637,,DEFAULT,AT,CHF,636,738,,517
,421247,DEFAULT,AT,EUR,571,660,,462
,421247,DEFAULT,AT,CHF,636,738,,517
M21638,,DEFAULT,AT,EUR,679,789,,552
M21638,,DEFAULT,AT,CHF,760,885,,620
,421248,DEFAULT,AT,EUR,679,789,,552
,421248,DEFAULT,AT,CHF,760,885,,620
M21646,,DEFAULT,AT,EUR,314,355,,248
M21646,,DEFAULT,AT,CHF,343,390,,273
,421261,DEFAULT,AT,EUR,314,355,,248
,421261,DEFAULT,AT,CHF,343,390,,273
M21648,,DEFAULT,AT,EUR,811,946,,662
M21648,,DEFAULT,AT,CHF,910,1064,,745
,421263,DEFAULT,AT,EUR,811,946,,662
,421263,DEFAULT,AT,CHF,910,1064,,745
M21650,,DEFAULT,AT,EUR,554,641,,449
M21650,,DEFAULT,AT,CHF,617,716,,501
,421265,DEFAULT,AT,EUR,554,641,,449
,421265,DEFAULT,AT,CHF,617,716,,501
M21679,,DEFAULT,AT,EUR,621,720,,504
M21679,,DEFAULT,AT,CHF,693,806,,564
,421322,DEFAULT,AT,EUR,621,720,,504
,421322,DEFAULT,AT,CHF,693,806,,564
M21680,,DEFAULT,AT,EUR,545,630,,441
M21680,,DEFAULT,AT,CHF,607,704,,493
,421323,DEFAULT,AT,EUR,545,630,,441
,421323,DEFAULT,AT,CHF,607,704,,493
M21681,,DEFAULT,AT,EUR,621,720,,504
M21681,,DEFAULT,AT,CHF,693,806,,564
,421324,DEFAULT,AT,EUR,621,720,,504
,421324,DEFAULT,AT,CHF,693,806,,564
M21684,,DEFAULT,AT,EUR,364,414,,290
M21684,,DEFAULT,AT,CHF,400,457,,320
,421327,DEFAULT,AT,EUR,364,414,,290
,421327,DEFAULT,AT,CHF,400,457,,320
M21690,,DEFAULT,AT,EUR,621,720,,504
M21690,,DEFAULT,AT,CHF,693,806,,564
,421339,DEFAULT,AT,EUR,621,720,,504
,421339,DEFAULT,AT,CHF,693,806,,564
,421340,DEFAULT,AT,EUR,621,720,,504
,421340,DEFAULT,AT,CHF,693,806,,564
M21691,,DEFAULT,AT,EUR,621,720,,504
M21691,,DEFAULT,AT,CHF,693,806,,564
,421341,DEFAULT,AT,EUR,621,720,,504
,421341,DEFAULT,AT,CHF,693,806,,564
,421342,DEFAULT,AT,EUR,621,720,,504
,421342,DEFAULT,AT,CHF,693,806,,564
M21692,,DEFAULT,AT,EUR,621,720,,504
M21692,,DEFAULT,AT,CHF,693,806,,564
,421343,DEFAULT,AT,EUR,621,720,,504
,421343,DEFAULT,AT,CHF,693,806,,564
,421344,DEFAULT,AT,EUR,621,720,,504
,421344,DEFAULT,AT,CHF,693,806,,564
M21693,,DEFAULT,AT,EUR,621,720,,504
M21693,,DEFAULT,AT,CHF,693,806,,564
,421345,DEFAULT,AT,EUR,621,720,,504
,421345,DEFAULT,AT,CHF,693,806,,564
,421346,DEFAULT,AT,EUR,621,720,,504
,421346,DEFAULT,AT,CHF,693,806,,564
M21694,,DEFAULT,AT,EUR,753,877,,614
M21694,,DEFAULT,AT,CHF,844,985,,690
,421347,DEFAULT,AT,EUR,753,877,,614
,421347,DEFAULT,AT,CHF,844,985,,690
M21703,,DEFAULT,AT,EUR,513,591,,414
M21703,,DEFAULT,AT,CHF,570,659,,461
,421378,DEFAULT,AT,EUR,513,591,,414
,421378,DEFAULT,AT,CHF,570,659,,461
M21708,,DEFAULT,AT,EUR,554,641,,449
M21708,,DEFAULT,AT,CHF,617,716,,501
,421418,DEFAULT,AT,EUR,554,641,,449
,421418,DEFAULT,AT,CHF,617,716,,501
M21704,,DEFAULT,AT,EUR,405,463,,324
M21704,,DEFAULT,AT,CHF,447,513,,359
,421425,DEFAULT,AT,EUR,405,463,,324
,421425,DEFAULT,AT,CHF,447,513,,359
M21711,,DEFAULT,AT,EUR,472,542,,379
M21711,,DEFAULT,AT,CHF,524,603,,422
,421426,DEFAULT,AT,EUR,472,542,,379
,421426,DEFAULT,AT,CHF,524,603,,422
M21713,,DEFAULT,AT,EUR,961,1124,,787
M21713,,DEFAULT,AT,CHF,1081,1267,,887
,421428,DEFAULT,AT,EUR,961,1124,,787
,421428,DEFAULT,AT,CHF,1081,1267,,887
M21714,,DEFAULT,AT,EUR,944,1104,,773
M21714,,DEFAULT,AT,CHF,1062,1244,,871
,421432,DEFAULT,AT,EUR,944,1104,,773
,421432,DEFAULT,AT,CHF,1062,1244,,871
M21715,,DEFAULT,AT,EUR,588,680,,476
M21715,,DEFAULT,AT,CHF,656,761,,533
,421433,DEFAULT,AT,EUR,588,680,,476
,421433,DEFAULT,AT,CHF,656,761,,533
M21716,,DEFAULT,AT,EUR,646,749,,524
M21716,,DEFAULT,AT,CHF,722,839,,587
,421435,DEFAULT,AT,EUR,646,749,,524
,421435,DEFAULT,AT,CHF,722,839,,587
M21717,,DEFAULT,AT,EUR,306,345,,241
M21717,,DEFAULT,AT,CHF,334,379,,265
,421436,DEFAULT,AT,EUR,306,345,,241
,421436,DEFAULT,AT,CHF,334,379,,265
M21740,,DEFAULT,AT,EUR,430,493,,345
M21740,,DEFAULT,AT,CHF,476,548,,384
,421475,DEFAULT,AT,EUR,430,493,,345
,421475,DEFAULT,AT,CHF,476,548,,384
M21741,,DEFAULT,AT,EUR,430,493,,345
M21741,,DEFAULT,AT,CHF,476,548,,384
,421476,DEFAULT,AT,EUR,430,493,,345
,421476,DEFAULT,AT,CHF,476,548,,384
M21742,,DEFAULT,AT,EUR,430,493,,345
M21742,,DEFAULT,AT,CHF,476,548,,384
,421477,DEFAULT,AT,EUR,430,493,,345
,421477,DEFAULT,AT,CHF,476,548,,384
M21743,,DEFAULT,AT,EUR,430,493,,345
M21743,,DEFAULT,AT,CHF,476,548,,384
,421478,DEFAULT,AT,EUR,430,493,,345
,421478,DEFAULT,AT,CHF,476,548,,384
M21744,,DEFAULT,AT,EUR,472,542,,379
M21744,,DEFAULT,AT,CHF,524,603,,422
,421479,DEFAULT,AT,EUR,472,542,,379
,421479,DEFAULT,AT,CHF,524,603,,422
M21745,,DEFAULT,AT,EUR,1093,1282,,897
M21745,,DEFAULT,AT,CHF,1232,1447,,1013
,421481,DEFAULT,AT,EUR,1093,1282,,897
,421481,DEFAULT,AT,CHF,1232,1447,,1013
M21759,,DEFAULT,AT,EUR,2584,3056,,2139
M21759,,DEFAULT,AT,CHF,2931,3469,,2428
M21759,,ORIGINAL,AT,EUR,2860,3384,,2369
M21759,,ORIGINAL,AT,CHF,3245,3843,,2690
,421511,DEFAULT,AT,EUR,2584,3056,,2139
,421511,DEFAULT,AT,CHF,2931,3469,,2428
,421511,ORIGINAL,AT,EUR,2860,3384,,2369
,421511,ORIGINAL,AT,CHF,3245,3843,,2690
M21766,,DEFAULT,AT,EUR,328,371,,260
M21766,,DEFAULT,AT,CHF,359,408,,286
,421519,DEFAULT,AT,EUR,328,371,,260
,421519,DEFAULT,AT,CHF,359,408,,286
,421519_1,DEFAULT,AT,EUR,1240,1455,,1018
,421519_1,DEFAULT,AT,CHF,1395,1640,,1148
,421519_2,DEFAULT,AT,EUR,2380,2810,,1967
,421519_2,DEFAULT,AT,CHF,2690,3180,,2226
,421519_3,DEFAULT,AT,EUR,3520,4165,,2916
,421519_3,DEFAULT,AT,CHF,3985,4720,,3304
M21771,,DEFAULT,AT,EUR,320,361,,253
M21771,,DEFAULT,AT,CHF,350,397,,278
,421530,DEFAULT,AT,EUR,320,361,,253
,421530,DEFAULT,AT,CHF,350,397,,278
M21772,,DEFAULT,AT,EUR,3161,3742,,2619
M21772,,DEFAULT,AT,CHF,3589,4251,,2976
,421531,DEFAULT,AT,EUR,3161,3742,,2619
,421531,DEFAULT,AT,CHF,3589,4251,,2976
M21773,,DEFAULT,AT,EUR,3602,4268,,2988
M21773,,DEFAULT,AT,CHF,4092,4851,,3396
,421533,DEFAULT,AT,EUR,3602,4268,,2988
,421533,DEFAULT,AT,CHF,4092,4851,,3396
M21774,,DEFAULT,AT,EUR,1510,1778,,1245
M21774,,DEFAULT,AT,CHF,1707,2012,,1408
,421534,DEFAULT,AT,EUR,1510,1778,,1245
,421534,DEFAULT,AT,CHF,1707,2012,,1408
M21777,,DEFAULT,AT,EUR,1308,1537,,1076
M21777,,DEFAULT,AT,CHF,1477,1738,,1217
,421538,DEFAULT,AT,EUR,1308,1537,,1076
,421538,DEFAULT,AT,CHF,1477,1738,,1217
M21778,,DEFAULT,AT,EUR,1308,1537,,1076
M21778,,DEFAULT,AT,CHF,1477,1738,,1217
,421539,DEFAULT,AT,EUR,1308,1537,,1076
,421539,DEFAULT,AT,CHF,1477,1738,,1217
M21779,,DEFAULT,AT,EUR,2694,3186,,2230
M21779,,DEFAULT,AT,CHF,3057,3618,,2533
,421540,DEFAULT,AT,EUR,2694,3186,,2230
,421540,DEFAULT,AT,CHF,3057,3618,,2533
M21903,,DEFAULT,AT,EUR,1008,1180,,826
M21903,,DEFAULT,AT,CHF,1135,1331,,932
,421768,DEFAULT,AT,EUR,1008,1180,,826
,421768,DEFAULT,AT,CHF,1135,1331,,932
M22230,,DEFAULT,AT,EUR,981,1149,,804
M22230,,DEFAULT,AT,CHF,1104,1295,,906
,422524,DEFAULT,AT,EUR,981,1149,,804
,422524,DEFAULT,AT,CHF,1104,1295,,906
M22232,,DEFAULT,AT,EUR,751,875,,612
M22232,,DEFAULT,AT,CHF,842,983,,688
,422528,DEFAULT,AT,EUR,751,875,,612
,422528,DEFAULT,AT,CHF,842,983,,688
M22269,,DEFAULT,AT,EUR,849,991,,694
M22269,,DEFAULT,AT,CHF,953,1115,,780
,422573,DEFAULT,AT,EUR,849,991,,694
,422573,DEFAULT,AT,CHF,953,1115,,780
M22397,,DEFAULT,AT,EUR,416,476,,333
M22397,,DEFAULT,AT,CHF,460,528,,370
,422721,DEFAULT,AT,EUR,416,476,,333
,422721,DEFAULT,AT,CHF,460,528,,370
M22398,,DEFAULT,AT,EUR,140,148,,104
M22398,,DEFAULT,AT,CHF,145,154,,108
,422722,DEFAULT,AT,EUR,140,148,,104
,422722,DEFAULT,AT,CHF,145,154,,108
M22410,,DEFAULT,AT,EUR,717,834,,584
M22410,,DEFAULT,AT,CHF,803,936,,655
,422741,DEFAULT,AT,EUR,717,834,,584
,422741,DEFAULT,AT,CHF,803,936,,655
M22411,,DEFAULT,AT,EUR,717,834,,584
M22411,,DEFAULT,AT,CHF,803,936,,655
,422743,DEFAULT,AT,EUR,717,834,,584
,422743,DEFAULT,AT,CHF,803,936,,655
M22412,,DEFAULT,AT,EUR,1158,1359,,951
M22412,,DEFAULT,AT,CHF,1306,1535,,1074
,422745,DEFAULT,AT,EUR,1158,1359,,951
,422745,DEFAULT,AT,CHF,1306,1535,,1074
M22432,,DEFAULT,AT,EUR,584,676,,473
M22432,,DEFAULT,AT,CHF,651,756,,529
,422780,DEFAULT,AT,EUR,584,676,,473
,422780,DEFAULT,AT,CHF,651,756,,529
M22484,,DEFAULT,AT,EUR,175,190,,133
M22484,,DEFAULT,AT,CHF,185,202,,141
,422855,DEFAULT,AT,EUR,175,190,,133
,422855,DEFAULT,AT,CHF,185,202,,141
M22613,,DEFAULT,AT,EUR,275,308,,216
M22613,,DEFAULT,AT,CHF,299,337,,236
,423105,DEFAULT,AT,EUR,275,308,,216
,423105,DEFAULT,AT,CHF,299,337,,236
M22660,,DEFAULT,AT,EUR,187,203,,142
M22660,,DEFAULT,AT,CHF,199,217,,152
M22660,,ORIGINAL,AT,EUR,196,214,,150
M22660,,ORIGINAL,AT,CHF,210,230,,161
,423172,DEFAULT,AT,EUR,187,203,,142
,423172,DEFAULT,AT,CHF,199,217,,152
,423172,ORIGINAL,AT,EUR,196,214,,150
,423172,ORIGINAL,AT,CHF,210,230,,161
M22661,,DEFAULT,AT,EUR,187,203,,142
M22661,,DEFAULT,AT,CHF,199,217,,152
,423173,DEFAULT,AT,EUR,187,203,,142
,423173,DEFAULT,AT,CHF,199,217,,152
M22662,,DEFAULT,AT,EUR,187,203,,142
M22662,,DEFAULT,AT,CHF,199,217,,152
,423174,DEFAULT,AT,EUR,187,203,,142
,423174,DEFAULT,AT,CHF,199,217,,152
M22663,,DEFAULT,AT,EUR,187,203,,142
M22663,,DEFAULT,AT,CHF,199,217,,152
M22663,,ORIGINAL,AT,EUR,196,214,,150
M22663,,ORIGINAL,AT,CHF,210,230,,161
,423175,DEFAULT,AT,EUR,187,203,,142
,423175,DEFAULT,AT,CHF,199,217,,152
,423175,ORIGINAL,AT,EUR,196,214,,150
,423175,ORIGINAL,AT,CHF,210,230,,161
M22664,,DEFAULT,AT,EUR,183,199,,139
M22664,,DEFAULT,AT,CHF,194,212,,148
,423178,DEFAULT,AT,EUR,183,199,,139
,423178,DEFAULT,AT,CHF,194,212,,148
M22682,,DEFAULT,AT,EUR,4711,5587,,3911
M22682,,DEFAULT,AT,CHF,5356,6355,,4448
,423237,DEFAULT,AT,EUR,4711,5587,,3911
,423237,DEFAULT,AT,CHF,5356,6355,,4448
M22293,,DEFAULT,AT,EUR,251,280,,196
M22293,,DEFAULT,AT,CHF,272,305,,214
,423383,DEFAULT,AT,EUR,251,280,,196
,423383,DEFAULT,AT,CHF,272,305,,214
M22796,,DEFAULT,AT,EUR,192,210,,147
M22796,,DEFAULT,AT,CHF,204,225,,158
M22796,,ORIGINAL,AT,EUR,202,222,,155
M22796,,ORIGINAL,AT,CHF,215,238,,167
,423452,DEFAULT,AT,EUR,192,210,,147
,423452,DEFAULT,AT,CHF,204,225,,158
,423452,ORIGINAL,AT,EUR,202,222,,155
,423452,ORIGINAL,AT,CHF,215,238,,167
M22797,,DEFAULT,AT,EUR,187,204,,143
M22797,,DEFAULT,AT,CHF,199,218,,153
,423456,DEFAULT,AT,EUR,187,204,,143
,423456,DEFAULT,AT,CHF,199,218,,153
M23067,,DEFAULT,AT,EUR,3480,4122,,2885
M23067,,DEFAULT,AT,CHF,3953,4685,,3280
,423909,DEFAULT,AT,EUR,3480,4122,,2885
,423909,DEFAULT,AT,CHF,3953,4685,,3280
M23340,,DEFAULT,AT,EUR,839,980,,686
M23340,,DEFAULT,AT,CHF,942,1103,,772
,424265,DEFAULT,AT,EUR,839,980,,686
,424265,DEFAULT,AT,CHF,942,1103,,772
M23343,,DEFAULT,AT,EUR,1190,1397,,978
M23343,,DEFAULT,AT,CHF,1342,1578,,1105
,424270,DEFAULT,AT,EUR,1190,1397,,978
,424270,DEFAULT,AT,CHF,1342,1578,,1105
M23345,,DEFAULT,AT,EUR,593,686,,480
M23345,,DEFAULT,AT,CHF,662,768,,538
,424273,DEFAULT,AT,EUR,593,686,,480
,424273,DEFAULT,AT,CHF,662,768,,538
M23432,,DEFAULT,AT,EUR,155,166,,116
M23432,,DEFAULT,AT,CHF,162,175,,122
,424372,DEFAULT,AT,EUR,155,166,,116
,424372,DEFAULT,AT,CHF,162,175,,122
M23436,,DEFAULT,AT,EUR,221,244,,171
M23436,,DEFAULT,AT,CHF,237,264,,185
,424384,DEFAULT,AT,EUR,221,244,,171
,424384,DEFAULT,AT,CHF,237,264,,185
M23438,,DEFAULT,AT,EUR,240,267,,187
M23438,,DEFAULT,AT,CHF,259,290,,203
,424390,DEFAULT,AT,EUR,240,267,,187
,424390,DEFAULT,AT,CHF,259,290,,203
M23440,,DEFAULT,AT,EUR,240,267,,187
M23440,,DEFAULT,AT,CHF,259,290,,203
,424397,DEFAULT,AT,EUR,240,267,,187
,424397,DEFAULT,AT,CHF,259,290,,203
M23441,,DEFAULT,AT,EUR,240,267,,187
M23441,,DEFAULT,AT,CHF,259,290,,203
,424400,DEFAULT,AT,EUR,240,267,,187
,424400,DEFAULT,AT,CHF,259,290,,203
M23444,,DEFAULT,AT,EUR,279,313,,219
M23444,,DEFAULT,AT,CHF,304,342,,239
,424409,DEFAULT,AT,EUR,279,313,,219
,424409,DEFAULT,AT,CHF,304,342,,239
M23450,,DEFAULT,AT,EUR,232,257,,180
M23450,,DEFAULT,AT,CHF,250,278,,195
,424430,DEFAULT,AT,EUR,232,257,,180
,424430,DEFAULT,AT,CHF,250,278,,195
M23451,,DEFAULT,AT,EUR,232,257,,180
M23451,,DEFAULT,AT,CHF,250,278,,195
,424431,DEFAULT,AT,EUR,232,257,,180
,424431,DEFAULT,AT,CHF,250,278,,195
M23454,,DEFAULT,AT,EUR,250,279,,195
M23454,,DEFAULT,AT,CHF,270,304,,213
,424442,DEFAULT,AT,EUR,250,279,,195
,424442,DEFAULT,AT,CHF,270,304,,213
M23455,,DEFAULT,AT,EUR,250,279,,195
M23455,,DEFAULT,AT,CHF,270,304,,213
,424447,DEFAULT,AT,EUR,250,279,,195
,424447,DEFAULT,AT,CHF,270,304,,213
M23456,,DEFAULT,AT,EUR,373,426,,298
M23456,,DEFAULT,AT,CHF,411,471,,330
,424449,DEFAULT,AT,EUR,373,426,,298
,424449,DEFAULT,AT,CHF,411,471,,330
M23457,,DEFAULT,AT,EUR,345,392,,274
M23457,,DEFAULT,AT,CHF,379,432,,302
,424453,DEFAULT,AT,EUR,345,392,,274
,424453,DEFAULT,AT,CHF,379,432,,302
M23459,,DEFAULT,AT,EUR,792,924,,647
M23459,,DEFAULT,AT,CHF,888,1039,,727
,424463,DEFAULT,AT,EUR,792,924,,647
,424463,DEFAULT,AT,CHF,888,1039,,727
M23460,,DEFAULT,AT,EUR,431,494,,346
M23460,,DEFAULT,AT,CHF,477,549,,384
,424464,DEFAULT,AT,EUR,431,494,,346
,424464,DEFAULT,AT,CHF,477,549,,384
M23461,,DEFAULT,AT,EUR,279,313,,219
M23461,,DEFAULT,AT,CHF,304,342,,239
,424466,DEFAULT,AT,EUR,279,313,,219
,424466,DEFAULT,AT,CHF,304,342,,239
M23462,,DEFAULT,AT,EUR,254,283,,198
M23462,,DEFAULT,AT,CHF,275,308,,216
,424472,DEFAULT,AT,EUR,254,283,,198
,424472,DEFAULT,AT,CHF,275,308,,216
M23463,,DEFAULT,AT,EUR,254,283,,198
M23463,,DEFAULT,AT,CHF,275,308,,216
,424475,DEFAULT,AT,EUR,254,283,,198
,424475,DEFAULT,AT,CHF,275,308,,216
M23467,,DEFAULT,AT,EUR,373,426,,298
M23467,,DEFAULT,AT,CHF,411,471,,330
,424493,DEFAULT,AT,EUR,373,426,,298
,424493,DEFAULT,AT,CHF,411,471,,330
M23468,,DEFAULT,AT,EUR,383,437,,306
M23468,,DEFAULT,AT,CHF,422,484,,339
,424496,DEFAULT,AT,EUR,383,437,,306
,424496,DEFAULT,AT,CHF,422,484,,339
M23469,,DEFAULT,AT,EUR,469,540,,378
M23469,,DEFAULT,AT,CHF,520,601,,421
,424503,DEFAULT,AT,EUR,469,540,,378
,424503,DEFAULT,AT,CHF,520,601,,421
M23470,,DEFAULT,AT,EUR,403,460,,322
M23470,,DEFAULT,AT,CHF,445,510,,357
,424506,DEFAULT,AT,EUR,403,460,,322
,424506,DEFAULT,AT,CHF,445,510,,357
M23471,,DEFAULT,AT,EUR,336,381,,267
M23471,,DEFAULT,AT,CHF,369,420,,294
,424510,DEFAULT,AT,EUR,336,381,,267
,424510,DEFAULT,AT,CHF,369,420,,294
M23472,,DEFAULT,AT,EUR,498,573,,401
M23472,,DEFAULT,AT,CHF,553,639,,447
,424513,DEFAULT,AT,EUR,498,573,,401
,424513,DEFAULT,AT,CHF,553,639,,447
M23473,,DEFAULT,AT,EUR,298,336,,235
M23473,,DEFAULT,AT,CHF,325,369,,258
,424516,DEFAULT,AT,EUR,298,336,,235
,424516,DEFAULT,AT,CHF,325,369,,258
M23475,,DEFAULT,AT,EUR,478,550,,385
M23475,,DEFAULT,AT,CHF,530,613,,429
,424527,DEFAULT,AT,EUR,478,550,,385
,424527,DEFAULT,AT,CHF,530,613,,429
M23476,,DEFAULT,AT,EUR,478,550,,385
M23476,,DEFAULT,AT,CHF,530,613,,429
,424528,DEFAULT,AT,EUR,478,550,,385
,424528,DEFAULT,AT,CHF,530,613,,429
M23477,,DEFAULT,AT,EUR,478,550,,385
M23477,,DEFAULT,AT,CHF,530,613,,429
,424529,DEFAULT,AT,EUR,478,550,,385
,424529,DEFAULT,AT,CHF,530,613,,429
M23478,,DEFAULT,AT,EUR,478,550,,385
M23478,,DEFAULT,AT,CHF,530,613,,429
,424530,DEFAULT,AT,EUR,478,550,,385
,424530,DEFAULT,AT,CHF,530,613,,429
M23479,,DEFAULT,AT,EUR,697,811,,568
M23479,,DEFAULT,AT,CHF,780,910,,637
,424531,DEFAULT,AT,EUR,697,811,,568
,424531,DEFAULT,AT,CHF,780,910,,637
M23482,,DEFAULT,AT,EUR,288,324,,227
M23482,,DEFAULT,AT,CHF,314,355,,248
,424542,DEFAULT,AT,EUR,288,324,,227
,424542,DEFAULT,AT,CHF,314,355,,248
M23484,,DEFAULT,AT,EUR,336,381,,267
M23484,,DEFAULT,AT,CHF,369,420,,294
,424546,DEFAULT,AT,EUR,336,381,,267
,424546,DEFAULT,AT,CHF,369,420,,294
M23486,,DEFAULT,AT,EUR,373,426,,298
M23486,,DEFAULT,AT,CHF,411,471,,330
,424549,DEFAULT,AT,EUR,373,426,,298
,424549,DEFAULT,AT,CHF,411,471,,330
M23487,,DEFAULT,AT,EUR,373,426,,298
M23487,,DEFAULT,AT,CHF,411,471,,330
,424550,DEFAULT,AT,EUR,373,426,,298
,424550,DEFAULT,AT,CHF,411,471,,330
M23488,,DEFAULT,AT,EUR,383,437,,306
M23488,,DEFAULT,AT,CHF,422,484,,339
,424551,DEFAULT,AT,EUR,383,437,,306
,424551,DEFAULT,AT,CHF,422,484,,339
M23510,,DEFAULT,AT,EUR,782,912,,638
M23510,,DEFAULT,AT,CHF,877,1025,,718
,424599,DEFAULT,AT,EUR,782,912,,638
,424599,DEFAULT,AT,CHF,877,1025,,718
M23512,,DEFAULT,AT,EUR,184,200,,140
M23512,,DEFAULT,AT,CHF,195,213,,149
,424605,DEFAULT,AT,EUR,184,200,,140
,424605,DEFAULT,AT,CHF,195,213,,149
M23513,,DEFAULT,AT,EUR,190,207,,145
M23513,,DEFAULT,AT,CHF,202,221,,155
,424606,DEFAULT,AT,EUR,190,207,,145
,424606,DEFAULT,AT,CHF,202,221,,155
M23720,,DEFAULT,AT,EUR,1390,1635,,1144
M23720,,DEFAULT,AT,CHF,1570,1849,,1294
,425073,DEFAULT,AT,EUR,1390,1635,,1144
,425073,DEFAULT,AT,CHF,1570,1849,,1294
M23721,,DEFAULT,AT,EUR,1884,2223,,1556
M23721,,DEFAULT,AT,CHF,2133,2520,,1764
,425074,DEFAULT,AT,EUR,1884,2223,,1556
,425074,DEFAULT,AT,CHF,2133,2520,,1764
M23722,,DEFAULT,AT,EUR,4680,5551,,3886
M23722,,DEFAULT,AT,CHF,5321,6314,,4420
,425075,DEFAULT,AT,EUR,4680,5551,,3886
,425075,DEFAULT,AT,CHF,5321,6314,,4420
M23724,,DEFAULT,AT,EUR,906,1059,,741
M23724,,DEFAULT,AT,CHF,1018,1193,,835
,425078,DEFAULT,AT,EUR,906,1059,,741
,425078,DEFAULT,AT,CHF,1018,1193,,835
M23723,,DEFAULT,AT,EUR,687,799,,559
M23723,,DEFAULT,AT,CHF,769,896,,627
,425079,DEFAULT,AT,EUR,687,799,,559
,425079,DEFAULT,AT,CHF,769,896,,627
M23725,,DEFAULT,AT,EUR,1599,1884,,1319
M23725,,DEFAULT,AT,CHF,1808,2133,,1493
,425082,DEFAULT,AT,EUR,1599,1884,,1319
,425082,DEFAULT,AT,CHF,1808,2133,,1493
M23726,,DEFAULT,AT,EUR,1734,2044,,1431
M23726,,DEFAULT,AT,CHF,1962,2316,,1621
,425083,DEFAULT,AT,EUR,1734,2044,,1431
,425083,DEFAULT,AT,CHF,1962,2316,,1621
M23727,,DEFAULT,AT,EUR,2349,2777,,1944
M23727,,DEFAULT,AT,CHF,2663,3151,,2206
,425084,DEFAULT,AT,EUR,2349,2777,,1944
,425084,DEFAULT,AT,CHF,2663,3151,,2206
M26415,,DEFAULT,AT,EUR,3004,3556,,2489
M26415,,DEFAULT,AT,CHF,3410,4039,,2827
,425086,DEFAULT,AT,EUR,3004,3556,,2489
,425086,DEFAULT,AT,CHF,3410,4039,,2827
M23729,,DEFAULT,AT,EUR,2264,2675,,1872
M23729,,DEFAULT,AT,CHF,2566,3035,,2124
,425087,DEFAULT,AT,EUR,2264,2675,,1872
,425087,DEFAULT,AT,CHF,2566,3035,,2124
M23730,,DEFAULT,AT,EUR,498,573,,401
M23730,,DEFAULT,AT,CHF,553,639,,447
,425088,DEFAULT,AT,EUR,498,573,,401
,425088,DEFAULT,AT,CHF,553,639,,447
M23731,,DEFAULT,AT,EUR,554,640,,448
M23731,,DEFAULT,AT,CHF,617,715,,500
,425090,DEFAULT,AT,EUR,554,640,,448
,425090,DEFAULT,AT,CHF,617,715,,500
M23732,,DEFAULT,AT,EUR,782,912,,638
M23732,,DEFAULT,AT,CHF,877,1025,,718
,425093,DEFAULT,AT,EUR,782,912,,638
,425093,DEFAULT,AT,CHF,877,1025,,718
M26416,,DEFAULT,AT,EUR,3716,4404,,3083
M26416,,DEFAULT,AT,CHF,4222,5006,,3504
,425096,DEFAULT,AT,EUR,3716,4404,,3083
,425096,DEFAULT,AT,CHF,4222,5006,,3504
M26417,,DEFAULT,AT,EUR,1476,1737,,1216
M26417,,DEFAULT,AT,CHF,1668,1966,,1376
,425097,DEFAULT,AT,EUR,1476,1737,,1216
,425097,DEFAULT,AT,CHF,1668,1966,,1376
M26418,,DEFAULT,AT,EUR,1779,2098,,1469
M26418,,DEFAULT,AT,CHF,2014,2377,,1664
,425098,DEFAULT,AT,EUR,1779,2098,,1469
,425098,DEFAULT,AT,CHF,2014,2377,,1664
M26419,,DEFAULT,AT,EUR,2359,2788,,1952
M26419,,DEFAULT,AT,CHF,2675,3164,,2215
,425099,DEFAULT,AT,EUR,2359,2788,,1952
,425099,DEFAULT,AT,CHF,2675,3164,,2215
M26420,,DEFAULT,AT,EUR,2454,2901,,2031
M26420,,DEFAULT,AT,CHF,2783,3293,,2305
,425100,DEFAULT,AT,EUR,2454,2901,,2031
,425100,DEFAULT,AT,CHF,2783,3293,,2305
M23751,,DEFAULT,AT,EUR,2872,3399,,2379
M23751,,DEFAULT,AT,CHF,3260,3860,,2702
,425123,DEFAULT,AT,EUR,2872,3399,,2379
,425123,DEFAULT,AT,CHF,3260,3860,,2702
M23766,,DEFAULT,AT,EUR,1048,1229,,860
M23766,,DEFAULT,AT,CHF,1180,1387,,971
,425140,DEFAULT,AT,EUR,1048,1229,,860
,425140,DEFAULT,AT,CHF,1180,1387,,971
M23770,,DEFAULT,AT,EUR,1808,2133,,1493
M23770,,DEFAULT,AT,CHF,2047,2417,,1692
,425149,DEFAULT,AT,EUR,1808,2133,,1493
,425149,DEFAULT,AT,CHF,2047,2417,,1692
M23764,,DEFAULT,AT,EUR,1903,2246,,1572
M23764,,DEFAULT,AT,CHF,2155,2546,,1782
,425150,DEFAULT,AT,EUR,1903,2246,,1572
,425150,DEFAULT,AT,CHF,2155,2546,,1782
M23771,,DEFAULT,AT,EUR,2663,3150,,2205
M23771,,DEFAULT,AT,CHF,3021,3576,,2503
,425152,DEFAULT,AT,EUR,2663,3150,,2205
,425152,DEFAULT,AT,CHF,3021,3576,,2503
M23777,,DEFAULT,AT,EUR,1253,1472,,1030
M23777,,DEFAULT,AT,CHF,1414,1664,,1165
,425159,DEFAULT,AT,EUR,1253,1472,,1030
,425159,DEFAULT,AT,CHF,1414,1664,,1165
M24143,,DEFAULT,AT,EUR,640,742,,519
M24143,,DEFAULT,AT,CHF,715,831,,582
,425751,DEFAULT,AT,EUR,640,742,,519
,425751,DEFAULT,AT,CHF,715,831,,582
M24416,,DEFAULT,AT,EUR,6271,7444,,5211
M24416,,DEFAULT,AT,CHF,7134,8472,,5930
,426376,DEFAULT,AT,EUR,6271,7444,,5211
,426376,DEFAULT,AT,CHF,7134,8472,,5930
M24417,,DEFAULT,AT,EUR,11401,13548,,9484
M24417,,DEFAULT,AT,CHF,12983,15430,,10801
,426377,DEFAULT,AT,EUR,11401,13548,,9484
,426377,DEFAULT,AT,CHF,12983,15430,,10801
M24418,,DEFAULT,AT,EUR,16149,19199,,13439
M24418,,DEFAULT,AT,CHF,18395,21872,,15310
M24418,,ORIGINAL,AT,EUR,17932,21321,,14925
M24418,,ORIGINAL,AT,CHF,20427,24291,,17004
,426378,DEFAULT,AT,EUR,16149,19199,,13439
,426378,DEFAULT,AT,CHF,18395,21872,,15310
,426378,ORIGINAL,AT,EUR,17932,21321,,14925
,426378,ORIGINAL,AT,CHF,20427,24291,,17004
M24563,,DEFAULT,AT,EUR,1643,1936,,1355
M24563,,DEFAULT,AT,CHF,1859,2193,,1535
,426531,DEFAULT,AT,EUR,1643,1936,,1355
,426531,DEFAULT,AT,CHF,1859,2193,,1535
M24605,,DEFAULT,AT,EUR,3626,4296,,3007
M24605,,DEFAULT,AT,CHF,4119,4883,,3418
M24605,,ORIGINAL,AT,EUR,4017,4762,,3333
M24605,,ORIGINAL,AT,CHF,4565,5414,,3790
,426581,DEFAULT,AT,EUR,3626,4296,,3007
,426581,DEFAULT,AT,CHF,4119,4883,,3418
,426581,ORIGINAL,AT,EUR,4017,4762,,3333
,426581,ORIGINAL,AT,CHF,4565,5414,,3790
M24606,,DEFAULT,AT,EUR,788,919,,643
M24606,,DEFAULT,AT,CHF,884,1033,,723
,426582,DEFAULT,AT,EUR,788,919,,643
,426582,DEFAULT,AT,CHF,884,1033,,723
M24609,,DEFAULT,AT,EUR,7074,8399,,5879
M24609,,DEFAULT,AT,CHF,8050,9560,,6692
,426587,DEFAULT,AT,EUR,7074,8399,,5879
,426587,DEFAULT,AT,CHF,8050,9560,,6692
M24610,,DEFAULT,AT,EUR,2562,3030,,2121
M24610,,DEFAULT,AT,CHF,2906,3440,,2408
M24612,,DEFAULT,AT,EUR,1457,1715,,1200
M24612,,DEFAULT,AT,CHF,1646,1941,,1359
,426590,DEFAULT,AT,EUR,1457,1715,,1200
,426590,DEFAULT,AT,CHF,1646,1941,,1359
M24613,,DEFAULT,AT,EUR,878,1025,,718
M24613,,DEFAULT,AT,CHF,986,1154,,808
,426591,DEFAULT,AT,EUR,878,1025,,718
,426591,DEFAULT,AT,CHF,986,1154,,808
M24632,,DEFAULT,AT,EUR,10055,11946,,8362
M24632,,DEFAULT,AT,CHF,11448,13604,,9523
,426615,DEFAULT,AT,EUR,10055,11946,,8362
,426615,DEFAULT,AT,CHF,11448,13604,,9523
M24637,,DEFAULT,AT,EUR,1104,1295,,906
M24637,,DEFAULT,AT,CHF,1244,1462,,1023
,426620,DEFAULT,AT,EUR,1104,1295,,906
,426620,DEFAULT,AT,CHF,1244,1462,,1023
M25598,,DEFAULT,AT,EUR,1213,1424,,997
M25598,,DEFAULT,AT,CHF,1368,1609,,1126
,427913,DEFAULT,AT,EUR,1213,1424,,997
,427913,DEFAULT,AT,CHF,1368,1609,,1126
M25599,,DEFAULT,AT,EUR,2156,2547,,1783
M25599,,DEFAULT,AT,CHF,2443,2889,,2022
,427914,DEFAULT,AT,EUR,2156,2547,,1783
,427914,DEFAULT,AT,CHF,2443,2889,,2022
M25600,,DEFAULT,AT,EUR,1587,1870,,1309
M25600,,DEFAULT,AT,CHF,1795,2117,,1482
,427915,DEFAULT,AT,EUR,1587,1870,,1309
,427915,DEFAULT,AT,CHF,1795,2117,,1482
M1002203,,DEFAULT,AT,EUR,16264,19335,,13534
M1002203,,DEFAULT,AT,CHF,18526,22027,,15419
,463981,DEFAULT,AT,EUR,16264,19335,,13534
,463981,DEFAULT,AT,CHF,18526,22027,,15419
M1014629,,DEFAULT,AT,EUR,34222,40705,,28494
M1014629,,DEFAULT,AT,CHF,38999,46389,,32472
,463994,DEFAULT,AT,EUR,34222,40705,,28494
,463994,DEFAULT,AT,CHF,38999,46389,,32472
M1024601,,DEFAULT,AT,EUR,39252,46691,,32684
M1024601,,DEFAULT,AT,CHF,44733,53213,,37249
,464000,DEFAULT,AT,EUR,39252,46691,,32684
,464000,DEFAULT,AT,CHF,44733,53213,,37249
M1015356,,DEFAULT,AT,EUR,39252,46691,,32684
M1015356,,DEFAULT,AT,CHF,44733,53213,,37249
,464001,DEFAULT,AT,EUR,39252,46691,,32684
,464001,DEFAULT,AT,CHF,44733,53213,,37249
M1015355,,DEFAULT,AT,EUR,39252,46691,,32684
M1015355,,DEFAULT,AT,CHF,44733,53213,,37249
,464002,DEFAULT,AT,EUR,39252,46691,,32684
,464002,DEFAULT,AT,CHF,44733,53213,,37249
M1014645,,DEFAULT,AT,EUR,70454,83821,,58675
M1014645,,DEFAULT,AT,CHF,80303,95541,,66879
,464003,DEFAULT,AT,EUR,70454,83821,,58675
,464003,DEFAULT,AT,CHF,80303,95541,,66879
M1014646,,DEFAULT,AT,EUR,185789,221070,,154749
M1014646,,DEFAULT,AT,CHF,211785,252005,,176404
,464004,DEFAULT,AT,EUR,185789,221070,,154749
,464004,DEFAULT,AT,CHF,211785,252005,,176404
M1014653,,DEFAULT,AT,EUR,59483,70766,,49536
M1014653,,DEFAULT,AT,CHF,67796,80659,,56461
,464005,DEFAULT,AT,EUR,59483,70766,,49536
,464005,DEFAULT,AT,CHF,67796,80659,,56461
M1014656,,DEFAULT,AT,EUR,48800,58100,,40670
M1014656,,DEFAULT,AT,CHF,55618,66220,,46354
,464007,DEFAULT,AT,EUR,48800,58100,,40670
,464007,DEFAULT,AT,CHF,55618,66220,,46354
M1014642,,DEFAULT,AT,EUR,49317,58669,,41068
M1014642,,DEFAULT,AT,CHF,56207,66868,,46808
,464012,DEFAULT,AT,EUR,49317,58669,,41068
,464012,DEFAULT,AT,CHF,56207,66868,,46808
M1014643,,DEFAULT,AT,EUR,55356,65855,,46098
M1014643,,DEFAULT,AT,CHF,63091,75060,,52542
,464013,DEFAULT,AT,EUR,55356,65855,,46098
,464013,DEFAULT,AT,CHF,63091,75060,,52542
M1014644,,DEFAULT,AT,EUR,63408,75437,,52806
M1014644,,DEFAULT,AT,CHF,72271,85984,,60189
,464014,DEFAULT,AT,EUR,63408,75437,,52806
,464014,DEFAULT,AT,CHF,72271,85984,,60189
M88181,,DEFAULT,AT,EUR,216497,257613,,180329
M88181,,DEFAULT,AT,CHF,246792,293664,,205565
,490001,DEFAULT,AT,EUR,216497,257613,,180329
,490001,DEFAULT,AT,CHF,246792,293664,,205565
M88182,,DEFAULT,AT,EUR,246692,293545,,205482
M88182,,DEFAULT,AT,CHF,281214,334627,,234239
,490002,DEFAULT,AT,EUR,246692,293545,,205482
,490002,DEFAULT,AT,CHF,281214,334627,,234239
M857,,DEFAULT,AT,EUR,25516,30345,,21242
M857,,DEFAULT,AT,CHF,29074,34579,,24205
,500344,DEFAULT,AT,EUR,25516,30345,,21242
,500344,DEFAULT,AT,CHF,29074,34579,,24205
M75730,,DEFAULT,AT,EUR,20447,24313,,17019
M75730,,DEFAULT,AT,CHF,23295,27702,,19391
,500380,DEFAULT,AT,EUR,20447,24313,,17019
,500380,DEFAULT,AT,CHF,23295,27702,,19391
M852,,DEFAULT,AT,EUR,34282,40777,,28544
M852,,DEFAULT,AT,CHF,39067,46471,,32530
,500487,DEFAULT,AT,EUR,34282,40777,,28544
,500487,DEFAULT,AT,CHF,39067,46471,,32530
M58335,,DEFAULT,AT,EUR,34067,40521,,28365
M58335,,DEFAULT,AT,CHF,38822,46179,,32325
,500942,DEFAULT,AT,EUR,34067,40521,,28365
,500942,DEFAULT,AT,CHF,38822,46179,,32325
M58336,,DEFAULT,AT,EUR,56279,66953,,46867
M58336,,DEFAULT,AT,CHF,64144,76312,,53418
,500946,DEFAULT,AT,EUR,56279,66953,,46867
,500946,DEFAULT,AT,CHF,64144,76312,,53418
M58315,,DEFAULT,AT,EUR,29187,34714,,24300
M58315,,DEFAULT,AT,CHF,33259,39559,,27691
,501000,DEFAULT,AT,EUR,29187,34714,,24300
,501000,DEFAULT,AT,CHF,33259,39559,,27691
M62306,,DEFAULT,AT,EUR,7789,9251,,6476
M62306,,DEFAULT,AT,CHF,8865,10532,,7372
,501022,DEFAULT,AT,EUR,7789,9251,,6476
,501022,DEFAULT,AT,CHF,8865,10532,,7372
M62301,,DEFAULT,AT,EUR,5343,6340,,4438
M62301,,DEFAULT,AT,CHF,6077,7213,,5049
,501039,DEFAULT,AT,EUR,5343,6340,,4438
,501039,DEFAULT,AT,CHF,6077,7213,,5049
M62305,,DEFAULT,AT,EUR,6701,7955,,5568
M62305,,DEFAULT,AT,CHF,7625,9054,,6338
,501040,DEFAULT,AT,EUR,6701,7955,,5568
,501040,DEFAULT,AT,CHF,7625,9054,,6338
M68854,,DEFAULT,AT,EUR,62201,74000,,51800
M68854,,DEFAULT,AT,CHF,70895,84346,,59042
,501517,DEFAULT,AT,EUR,62201,74000,,51800
,501517,DEFAULT,AT,CHF,70895,84346,,59042
M68726,,DEFAULT,AT,EUR,21739,25851,,18096
M68726,,DEFAULT,AT,CHF,24768,29456,,20619
,502173,DEFAULT,AT,EUR,21739,25851,,18096
,502173,DEFAULT,AT,CHF,24768,29456,,20619
M68727,,DEFAULT,AT,EUR,23148,27528,,19270
M68727,,DEFAULT,AT,CHF,26374,31367,,21957
,502178,DEFAULT,AT,EUR,23148,27528,,19270
,502178,DEFAULT,AT,CHF,26374,31367,,21957
M1896,,DEFAULT,AT,EUR,56848,67631,,47342
M1896,,DEFAULT,AT,CHF,64792,77085,,53960
,506670,DEFAULT,AT,EUR,56848,67631,,47342
,506670,DEFAULT,AT,CHF,64792,77085,,53960
M858,,DEFAULT,AT,EUR,42567,50636,,35445
M858,,DEFAULT,AT,CHF,48512,57711,,40398
,506719,DEFAULT,AT,EUR,42567,50636,,35445
,506719,DEFAULT,AT,CHF,48512,57711,,40398
M859,,DEFAULT,AT,EUR,47276,56240,,39368
M859,,DEFAULT,AT,CHF,53880,64099,,44869
,507871,DEFAULT,AT,EUR,47276,56240,,39368
,507871,DEFAULT,AT,CHF,53880,64099,,44869
M75686,,DEFAULT,AT,EUR,47035,55952,,39166
M75686,,DEFAULT,AT,CHF,53605,63771,,44640
,507920,DEFAULT,AT,EUR,47035,55952,,39166
,507920,DEFAULT,AT,CHF,53605,63771,,44640
M856,,DEFAULT,AT,EUR,24432,29055,,20338
M856,,DEFAULT,AT,CHF,27838,33108,,23176
,508165,DEFAULT,AT,EUR,24432,29055,,20338
,508165,DEFAULT,AT,CHF,27838,33108,,23176
M43347,,DEFAULT,AT,EUR,18288,21743,,15220
M43347,,DEFAULT,AT,CHF,20834,24773,,17341
,508321,DEFAULT,AT,EUR,18288,21743,,15220
,508321,DEFAULT,AT,CHF,20834,24773,,17341
M75727,,DEFAULT,AT,EUR,57978,68975,,48282
M75727,,DEFAULT,AT,CHF,66080,78617,,55032
,508328,DEFAULT,AT,EUR,57978,68975,,48282
,508328,DEFAULT,AT,CHF,66080,78617,,55032
M75700,,DEFAULT,AT,EUR,27925,33211,,23248
M75700,,DEFAULT,AT,CHF,31820,37846,,26492
,508330,DEFAULT,AT,EUR,27925,33211,,23248
,508330,DEFAULT,AT,CHF,31820,37846,,26492
M75685,,DEFAULT,AT,EUR,47777,56836,,39785
M75685,,DEFAULT,AT,CHF,54451,64779,,45345
,508378,DEFAULT,AT,EUR,47777,56836,,39785
,508378,DEFAULT,AT,CHF,54451,64779,,45345
M55895,,DEFAULT,AT,EUR,40259,47889,,33522
M55895,,DEFAULT,AT,CHF,45881,54579,,38205
,509070,DEFAULT,AT,EUR,40259,47889,,33522
,509070,DEFAULT,AT,CHF,45881,54579,,38205
M1014874,,DEFAULT,AT,EUR,19122,22737,,15916
M1014874,,DEFAULT,AT,CHF,21785,25906,,18134
,512067,DEFAULT,AT,EUR,19122,22737,,15916
,512067,DEFAULT,AT,CHF,21785,25906,,18134
M1014866,,DEFAULT,AT,EUR,20129,23934,,16754
M1014866,,DEFAULT,AT,CHF,22933,27270,,19089
,512081,DEFAULT,AT,EUR,20129,23934,,16754
,512081,DEFAULT,AT,CHF,22933,27270,,19089
M1014871,,DEFAULT,AT,EUR,20129,23934,,16754
M1014871,,DEFAULT,AT,CHF,22933,27270,,19089
,512086,DEFAULT,AT,EUR,20129,23934,,16754
,512086,DEFAULT,AT,CHF,22933,27270,,19089
M1014870,,DEFAULT,AT,EUR,20129,23934,,16754
M1014870,,DEFAULT,AT,CHF,22933,27270,,19089
,512094,DEFAULT,AT,EUR,20129,23934,,16754
,512094,DEFAULT,AT,CHF,22933,27270,,19089
M1013168,,DEFAULT,AT,EUR,7437,8831,,6182
M1013168,,DEFAULT,AT,CHF,8464,10053,,7037
,517598,DEFAULT,AT,EUR,7437,8831,,6182
,517598,DEFAULT,AT,CHF,8464,10053,,7037
M1013287,,DEFAULT,AT,EUR,12419,14760,,10332
M1013287,,DEFAULT,AT,CHF,14143,16812,,11768
,517630,DEFAULT,AT,EUR,12419,14760,,10332
,517630,DEFAULT,AT,CHF,14143,16812,,11768
M1013541,,DEFAULT,AT,EUR,15408,18317,,12822
M1013541,,DEFAULT,AT,CHF,17551,20867,,14607
,519762,DEFAULT,AT,EUR,15408,18317,,12822
,519762,DEFAULT,AT,CHF,17551,20867,,14607
M1016129,,DEFAULT,AT,EUR,31804,37828,,26480
M1016129,,DEFAULT,AT,CHF,36242,43109,,30176
,520561,DEFAULT,AT,EUR,31804,37828,,26480
,520561,DEFAULT,AT,CHF,36242,43109,,30176
M55936,,DEFAULT,AT,EUR,22423,26664,,18665
M55936,,DEFAULT,AT,CHF,25548,30382,,21267
,544183,DEFAULT,AT,EUR,22423,26664,,18665
,544183,DEFAULT,AT,CHF,25548,30382,,21267
M1028702,,DEFAULT,AT,EUR,70454,83821,,58675
M1028702,,DEFAULT,AT,CHF,80303,95541,,66879
,573330,DEFAULT,AT,EUR,70454,83821,,58675
,573330,DEFAULT,AT,CHF,80303,95541,,66879
M58227,,DEFAULT,AT,EUR,9917,11782,,8247
M58227,,DEFAULT,AT,CHF,11291,13417,,9392
,573872,DEFAULT,AT,EUR,9917,11782,,8247
,573872,DEFAULT,AT,CHF,11291,13417,,9392
M58228,,DEFAULT,AT,EUR,12806,15220,,10654
M58228,,DEFAULT,AT,CHF,14584,17336,,12135
,573874,DEFAULT,AT,EUR,12806,15220,,10654
,573874,DEFAULT,AT,CHF,14584,17336,,12135
M58230,,DEFAULT,AT,EUR,20451,24318,,17023
M58230,,DEFAULT,AT,CHF,23300,27708,,19396
,573878,DEFAULT,AT,EUR,20451,24318,,17023
,573878,DEFAULT,AT,CHF,23300,27708,,19396
M58312,,DEFAULT,AT,EUR,19389,23054,,16138
M58312,,DEFAULT,AT,CHF,22089,26267,,18387
,573880,DEFAULT,AT,EUR,19389,23054,,16138
,573880,DEFAULT,AT,CHF,22089,26267,,18387
M58313,,DEFAULT,AT,EUR,20279,24113,,16879
M58313,,DEFAULT,AT,CHF,23104,27474,,19232
,573882,DEFAULT,AT,EUR,20279,24113,,16879
,573882,DEFAULT,AT,CHF,23104,27474,,19232
M58314,,DEFAULT,AT,EUR,20579,24470,,17129
M58314,,DEFAULT,AT,CHF,23446,27881,,19517
,573884,DEFAULT,AT,EUR,20579,24470,,17129
,573884,DEFAULT,AT,CHF,23446,27881,,19517
M54107,,DEFAULT,AT,EUR,30070,35765,,25036
M54107,,DEFAULT,AT,CHF,34265,40758,,28531
,573887,DEFAULT,AT,EUR,30070,35765,,25036
,573887,DEFAULT,AT,CHF,34265,40758,,28531
M54110,,DEFAULT,AT,EUR,56760,67526,,47268
M54110,,DEFAULT,AT,CHF,64692,76965,,53876
,573888,DEFAULT,AT,EUR,56760,67526,,47268
,573888,DEFAULT,AT,CHF,64692,76965,,53876
M54111,,DEFAULT,AT,EUR,55042,65481,,45837
M54111,,DEFAULT,AT,CHF,62733,74634,,52244
,573889,DEFAULT,AT,EUR,55042,65481,,45837
,573889,DEFAULT,AT,CHF,62733,74634,,52244
M54113,,DEFAULT,AT,EUR,100649,119753,,83827
M54113,,DEFAULT,AT,CHF,114725,136504,,95553
,573890,DEFAULT,AT,EUR,100649,119753,,83827
,573890,DEFAULT,AT,CHF,114725,136504,,95553
M55937,,DEFAULT,AT,EUR,40259,47889,,33522
M55937,,DEFAULT,AT,CHF,45881,54579,,38205
,573906,DEFAULT,AT,EUR,40259,47889,,33522
,573906,DEFAULT,AT,CHF,45881,54579,,38205
M1018211,,DEFAULT,AT,EUR,36334,43218,,30253
M1018211,,DEFAULT,AT,CHF,41406,49254,,34478
,573939,DEFAULT,AT,EUR,36334,43218,,30253
,573939,DEFAULT,AT,CHF,41406,49254,,34478
M635,,DEFAULT,AT,EUR,105279,125263,,87684
M635,,DEFAULT,AT,CHF,120004,142785,,99950
,574598,DEFAULT,AT,EUR,105279,125263,,87684
,574598,DEFAULT,AT,CHF,120004,142785,,99950
M1014496,,DEFAULT,AT,EUR,120376,143229,,100260
M1014496,,DEFAULT,AT,CHF,137214,163267,,114287
,574599,DEFAULT,AT,EUR,120376,143229,,100260
,574599,DEFAULT,AT,CHF,137214,163267,,114287
M636,,DEFAULT,AT,EUR,153591,182754,,127928
M636,,DEFAULT,AT,CHF,175079,208325,,145828
,574601,DEFAULT,AT,EUR,153591,182754,,127928
,574601,DEFAULT,AT,CHF,175079,208325,,145828
M74966,,DEFAULT,AT,EUR,153591,182754,,127928
M74966,,DEFAULT,AT,CHF,175079,208325,,145828
,574602,DEFAULT,AT,EUR,153591,182754,,127928
,574602,DEFAULT,AT,CHF,175079,208325,,145828
M1014502,,DEFAULT,AT,EUR,158623,188743,,132120
M1014502,,DEFAULT,AT,CHF,180816,215153,,150607
,574603,DEFAULT,AT,EUR,158623,188743,,132120
,574603,DEFAULT,AT,CHF,180816,215153,,150607
M1028095,,DEFAULT,AT,EUR,8443,10029,,7020
M1028095,,DEFAULT,AT,CHF,9611,11419,,7993
,574969,DEFAULT,AT,EUR,8443,10029,,7020
,574969,DEFAULT,AT,CHF,9611,11419,,7993
M49320,,DEFAULT,AT,EUR,73473,87414,,61190
M49320,,DEFAULT,AT,CHF,83745,99637,,69746
,574971,DEFAULT,AT,EUR,73473,87414,,61190
,574971,DEFAULT,AT,CHF,83745,99637,,69746
M78380,,DEFAULT,AT,EUR,76221,90685,,63479
M78380,,DEFAULT,AT,CHF,86877,103366,,72356
,574972,DEFAULT,AT,EUR,76221,90685,,63479
,574972,DEFAULT,AT,CHF,86877,103366,,72356
M90850,,DEFAULT,AT,EUR,100649,119753,,83827
M90850,,DEFAULT,AT,CHF,114725,136504,,95553
,574973,DEFAULT,AT,EUR,100649,119753,,83827
,574973,DEFAULT,AT,CHF,114725,136504,,95553
M1017945,,DEFAULT,AT,EUR,36233,43098,,30169
M1017945,,DEFAULT,AT,CHF,41291,49117,,34382
,574987,DEFAULT,AT,EUR,36233,43098,,30169
,574987,DEFAULT,AT,CHF,41291,49117,,34382
M1017905,,DEFAULT,AT,EUR,73161,87043,,60930
M1017905,,DEFAULT,AT,CHF,83389,99215,,69450
M1017905,,ORIGINAL,AT,EUR,81278,96703,,67692
M1017905,,ORIGINAL,AT,CHF,92643,110227,,77159
,574995,DEFAULT,AT,EUR,73161,87043,,60930
,574995,DEFAULT,AT,CHF,83389,99215,,69450
,574995,ORIGINAL,AT,EUR,81278,96703,,67692
,574995,ORIGINAL,AT,CHF,92643,110227,,77159
M72939,,DEFAULT,AT,EUR,53830,64039,,44827
M72939,,DEFAULT,AT,CHF,61352,72990,,51093
,575056,DEFAULT,AT,EUR,53830,64039,,44827
,575056,DEFAULT,AT,CHF,61352,72990,,51093
M72940,,DEFAULT,AT,EUR,58363,69433,,48603
M72940,,DEFAULT,AT,CHF,66519,79139,,55397
,575057,DEFAULT,AT,EUR,58363,69433,,48603
,575057,DEFAULT,AT,CHF,66519,79139,,55397
M72942,,DEFAULT,AT,EUR,64595,76849,,53794
M72942,,DEFAULT,AT,CHF,73624,87593,,61315
,575058,DEFAULT,AT,EUR,64595,76849,,53794
,575058,DEFAULT,AT,CHF,73624,87593,,61315
M72943,,DEFAULT,AT,EUR,66389,78984,,55289
M72943,,DEFAULT,AT,CHF,75669,90027,,63019
,575059,DEFAULT,AT,EUR,66389,78984,,55289
,575059,DEFAULT,AT,CHF,75669,90027,,63019
M72944,,DEFAULT,AT,EUR,69978,83255,,58278
M72944,,DEFAULT,AT,CHF,79760,94896,,66427
,575060,DEFAULT,AT,EUR,69978,83255,,58278
,575060,DEFAULT,AT,CHF,79760,94896,,66427
M72945,,DEFAULT,AT,EUR,73566,87525,,61267
M72945,,DEFAULT,AT,CHF,83851,99764,,69835
,575061,DEFAULT,AT,EUR,73566,87525,,61267
,575061,DEFAULT,AT,CHF,83851,99764,,69835
M1017902,,DEFAULT,AT,EUR,66295,78872,,55210
M1017902,,DEFAULT,AT,CHF,75562,89900,,62930
,575065,DEFAULT,AT,EUR,66295,78872,,55210
,575065,DEFAULT,AT,CHF,75562,89900,,62930
M1022632,,DEFAULT,AT,EUR,36031,42857,,30000
M1022632,,DEFAULT,AT,CHF,41061,48842,,34189
,575186,DEFAULT,AT,EUR,36031,42857,,30000
,575186,DEFAULT,AT,CHF,41061,48842,,34189
M1022643,,DEFAULT,AT,EUR,36031,42857,,30000
M1022643,,DEFAULT,AT,CHF,41061,48842,,34189
,575191,DEFAULT,AT,EUR,36031,42857,,30000
,575191,DEFAULT,AT,CHF,41061,48842,,34189
M1022640,,DEFAULT,AT,EUR,30648,36452,,25516
M1022640,,DEFAULT,AT,CHF,34924,41541,,29079
,575193,DEFAULT,AT,EUR,30648,36452,,25516
,575193,DEFAULT,AT,CHF,34924,41541,,29079
M1028061,,DEFAULT,AT,EUR,22338,26564,,18595
M1028061,,DEFAULT,AT,CHF,25451,30268,,21188
,575257,DEFAULT,AT,EUR,22338,26564,,18595
,575257,DEFAULT,AT,CHF,25451,30268,,21188
M1028062,,DEFAULT,AT,EUR,24274,28867,,20207
M1028062,,DEFAULT,AT,CHF,27658,32894,,23026
,575260,DEFAULT,AT,EUR,24274,28867,,20207
,575260,DEFAULT,AT,CHF,27658,32894,,23026
M1030133,,DEFAULT,AT,EUR,14736,17517,,12262
M1030133,,DEFAULT,AT,CHF,16785,19955,,13968
,575284,DEFAULT,AT,EUR,14736,17517,,12262
,575284,DEFAULT,AT,CHF,16785,19955,,13968
M29930,,DEFAULT,AT,EUR,934957,1112579,,778805
M29930,,DEFAULT,AT,CHF,1065836,1268326,,887828
,621613,DEFAULT,AT,EUR,934957,1112579,,778805
,621613,DEFAULT,AT,CHF,1065836,1268326,,887828
M29929,,DEFAULT,AT,EUR,840527,1000208,,700146
M29929,,DEFAULT,AT,CHF,958186,1140223,,798156
,621614,DEFAULT,AT,EUR,840527,1000208,,700146
,621614,DEFAULT,AT,CHF,958186,1140223,,798156
M29931,,DEFAULT,AT,EUR,774426,921547,,645083
M29931,,DEFAULT,AT,CHF,882831,1050549,,735384
,621618,DEFAULT,AT,EUR,774426,921547,,645083
,621618,DEFAULT,AT,CHF,882831,1050549,,735384
M1028483,,DEFAULT,AT,EUR,22368,26599,,18619
M1028483,,DEFAULT,AT,CHF,25485,30308,,21216
,632992,DEFAULT,AT,EUR,22368,26599,,18619
,632992,DEFAULT,AT,CHF,25485,30308,,21216
M21705,,DEFAULT,AT,EUR,1714,2020,,1414
M21705,,DEFAULT,AT,CHF,1939,2288,,1602
,655941,DEFAULT,AT,EUR,1714,2020,,1414
,655941,DEFAULT,AT,CHF,1939,2288,,1602
M83,,DEFAULT,AT,EUR,9882,11741,,8219
M83,,DEFAULT,AT,CHF,11251,13370,,9359
,657712,DEFAULT,AT,EUR,9882,11741,,8219
,657712,DEFAULT,AT,CHF,11251,13370,,9359
M84,,DEFAULT,AT,EUR,9882,11741,,8219
M84,,DEFAULT,AT,CHF,11251,13370,,9359
,657713,DEFAULT,AT,EUR,9882,11741,,8219
,657713,DEFAULT,AT,CHF,11251,13370,,9359
M85,,DEFAULT,AT,EUR,9882,11741,,8219
M85,,DEFAULT,AT,CHF,11251,13370,,9359
,657714,DEFAULT,AT,EUR,9882,11741,,8219
,657714,DEFAULT,AT,CHF,11251,13370,,9359
M86,,DEFAULT,AT,EUR,9882,11741,,8219
M86,,DEFAULT,AT,CHF,11251,13370,,9359
,657715,DEFAULT,AT,EUR,9882,11741,,8219
,657715,DEFAULT,AT,CHF,11251,13370,,9359
M87,,DEFAULT,AT,EUR,9882,11741,,8219
M87,,DEFAULT,AT,CHF,11251,13370,,9359
,657716,DEFAULT,AT,EUR,9882,11741,,8219
,657716,DEFAULT,AT,CHF,11251,13370,,9359
M111,,DEFAULT,AT,EUR,16152,19202,,13441
M111,,DEFAULT,AT,CHF,18399,21876,,15313
,673327,DEFAULT,AT,EUR,16152,19202,,13441
,673327,DEFAULT,AT,CHF,18399,21876,,15313
B0001,,DEFAULT,AT,EUR,104357,124123,,86886
B0001,,DEFAULT,AT,CHF,118910,235817,,165072
B0001,,ORIGINAL,AT,EUR,115899,137902,,96531
B0001,,ORIGINAL,AT,CHF,132110,156344,,109441
,000101,DEFAULT,AT,EUR,104357,124123,,86886
,000101,DEFAULT,AT,CHF,118910,235817,,165072
,000101,ORIGINAL,AT,EUR,115899,137902,,96531
,000101,ORIGINAL,AT,CHF,132110,156344,,109441
B0002,,DEFAULT,AT,EUR,29018,34513,,24159
B0002,,DEFAULT,AT,CHF,33065,39330,,27531
,000201,DEFAULT,AT,EUR,29018,34513,,24159
,000201,DEFAULT,AT,CHF,33065,39330,,27531
M12656,,DEFAULT,AT,EUR,20290,24126,,16888
M12656,,DEFAULT,AT,CHF,23116,27489,,19242
,107255,DEFAULT,AT,EUR,20290,24126,,16888
,107255,DEFAULT,AT,CHF,23116,27489,,19242
fish-1,,DEFAULT,AT,EUR,30052,37540,,26278
potato-1,,DEFAULT,AT,EUR,900,1100,,770
cable-hdmi-1,,DEFAULT,AT,EUR,900,1100,,770
,cable-hdmi-1-1,DEFAULT,AT,EUR,1300,1600,,1120
,cable-hdmi-1-2,DEFAULT,AT,EUR,500,600,,420
cable-vga-1,,DEFAULT,AT,EUR,900,1100,,770
,cable-vga-1-1,DEFAULT,AT,EUR,1300,1600,,1120
,cable-vga-1-2,DEFAULT,AT,EUR,500,600,,420
service-001,,DEFAULT,AT,EUR,9000,10000,,7000
service-002,,DEFAULT,AT,EUR,18000,20000,,14000
service-003,,DEFAULT,AT,EUR,26000,30000,,21000
service-004,,DEFAULT,AT,EUR,34000,40000,,28000
service-001,,DEFAULT,AT,CHF,9000,10000,,7000
service-002,,DEFAULT,AT,CHF,18000,20000,,14000
service-003,,DEFAULT,AT,CHF,26000,30000,,21000
service-004,,DEFAULT,AT,CHF,34000,40000,,28000
SPK-HP-SENS,,DEFAULT,AT,EUR,0,27500,,19250
SRV-WS-PMP-OVH,,DEFAULT,AT,EUR,0,120000,,84000
SRV-WS-PMP-SEAL,,DEFAULT,AT,EUR,0,68000,,47600
SRV-WS-VLV-SVC,,DEFAULT,AT,EUR,0,52000,,36400
SRV-WS-SV-CERT,,DEFAULT,AT,EUR,0,68000,,47600
SRV-WS-CTRL-REP,,DEFAULT,AT,EUR,0,98000,,68600
SRV-WS-SENS-CAL,,DEFAULT,AT,EUR,0,38000,,26600
SB-H1500,,DEFAULT,AT,EUR,0,24700,,17290
HPCP-3020,,DEFAULT,AT,EUR,0,108900,,76230
SS-BV-1001,,DEFAULT,AT,EUR,0,98500,,68950
DPS-1600,,DEFAULT,AT,EUR,0,90600,,63420
TS-PT100-202,,DEFAULT,AT,CHF,0,118800,,
GS-HE-4002,,DEFAULT,AT,CHF,0,101800,,
HP-ECO-45K,,DEFAULT,AT,CHF,0,19200,,
,TS-PT100-202-1,DEFAULT,AT,CHF,0,83600,"[{""quantity"":5,""net_price"":0,""gross_price"":79420},{""quantity"":10,""net_price"":0,""gross_price"":75240},{""quantity"":25,""net_price"":0,""gross_price"":71060},{""quantity"":50,""net_price"":0,""gross_price"":66880}]",
,TS-PT100-202-2,DEFAULT,AT,CHF,0,57700,"[{""quantity"":5,""net_price"":0,""gross_price"":54815},{""quantity"":10,""net_price"":0,""gross_price"":51930},{""quantity"":25,""net_price"":0,""gross_price"":49045},{""quantity"":50,""net_price"":0,""gross_price"":46160}]",
,TS-PT100-202-3,DEFAULT,AT,CHF,0,84600,"[{""quantity"":5,""net_price"":0,""gross_price"":80370},{""quantity"":10,""net_price"":0,""gross_price"":76140},{""quantity"":25,""net_price"":0,""gross_price"":71910},{""quantity"":50,""net_price"":0,""gross_price"":67680}]",
,TS-PT100-202-4,DEFAULT,AT,CHF,0,111800,"[{""quantity"":5,""net_price"":0,""gross_price"":106210},{""quantity"":10,""net_price"":0,""gross_price"":100620},{""quantity"":25,""net_price"":0,""gross_price"":95030},{""quantity"":50,""net_price"":0,""gross_price"":89440}]",
,GS-HE-4002-1,DEFAULT,AT,CHF,0,51900,"[{""quantity"":5,""net_price"":0,""gross_price"":49305},{""quantity"":10,""net_price"":0,""gross_price"":46710},{""quantity"":25,""net_price"":0,""gross_price"":44115},{""quantity"":50,""net_price"":0,""gross_price"":41520}]",
,GS-HE-4002-2,DEFAULT,AT,CHF,0,87000,"[{""quantity"":5,""net_price"":0,""gross_price"":82650},{""quantity"":10,""net_price"":0,""gross_price"":78300},{""quantity"":25,""net_price"":0,""gross_price"":73950},{""quantity"":50,""net_price"":0,""gross_price"":69600}]",
,GS-HE-4002-3,DEFAULT,AT,CHF,0,113100,"[{""quantity"":5,""net_price"":0,""gross_price"":107445},{""quantity"":10,""net_price"":0,""gross_price"":101790},{""quantity"":25,""net_price"":0,""gross_price"":96135},{""quantity"":50,""net_price"":0,""gross_price"":90480}]",
,HP-ECO-45K-1,DEFAULT,AT,CHF,0,60100,"[{""quantity"":2,""net_price"":0,""gross_price"":57696},{""quantity"":5,""net_price"":0,""gross_price"":55292},{""quantity"":10,""net_price"":0,""gross_price"":52888}]",
,HP-ECO-45K-2,DEFAULT,AT,CHF,0,108700,"[{""quantity"":2,""net_price"":0,""gross_price"":104352},{""quantity"":5,""net_price"":0,""gross_price"":100004},{""quantity"":10,""net_price"":0,""gross_price"":95656}]",
,HP-ECO-45K-3,DEFAULT,AT,CHF,0,19900,"[{""quantity"":2,""net_price"":0,""gross_price"":19104},{""quantity"":5,""net_price"":0,""gross_price"":18308},{""quantity"":10,""net_price"":0,""gross_price"":17512}]",
TS-PT100-202,,DEFAULT,AT,EUR,0,118800,,83160
GS-HE-4002,,DEFAULT,AT,EUR,0,101800,,71260
HP-ECO-45K,,DEFAULT,AT,EUR,0,19200,,13440
,TS-PT100-202-1,DEFAULT,AT,EUR,0,83600,"[{""quantity"":5,""net_price"":0,""gross_price"":79420},{""quantity"":10,""net_price"":0,""gross_price"":75240},{""quantity"":25,""net_price"":0,""gross_price"":71060},{""quantity"":50,""net_price"":0,""gross_price"":66880}]",
,TS-PT100-202-2,DEFAULT,AT,EUR,0,57700,"[{""quantity"":5,""net_price"":0,""gross_price"":54815},{""quantity"":10,""net_price"":0,""gross_price"":51930},{""quantity"":25,""net_price"":0,""gross_price"":49045},{""quantity"":50,""net_price"":0,""gross_price"":46160}]",
,TS-PT100-202-3,DEFAULT,AT,EUR,0,84600,"[{""quantity"":5,""net_price"":0,""gross_price"":80370},{""quantity"":10,""net_price"":0,""gross_price"":76140},{""quantity"":25,""net_price"":0,""gross_price"":71910},{""quantity"":50,""net_price"":0,""gross_price"":67680}]",
,TS-PT100-202-4,DEFAULT,AT,EUR,0,111800,"[{""quantity"":5,""net_price"":0,""gross_price"":106210},{""quantity"":10,""net_price"":0,""gross_price"":100620},{""quantity"":25,""net_price"":0,""gross_price"":95030},{""quantity"":50,""net_price"":0,""gross_price"":89440}]",
,GS-HE-4002-1,DEFAULT,AT,EUR,0,51900,"[{""quantity"":5,""net_price"":0,""gross_price"":49305},{""quantity"":10,""net_price"":0,""gross_price"":46710},{""quantity"":25,""net_price"":0,""gross_price"":44115},{""quantity"":50,""net_price"":0,""gross_price"":41520}]",
,GS-HE-4002-2,DEFAULT,AT,EUR,0,87000,"[{""quantity"":5,""net_price"":0,""gross_price"":82650},{""quantity"":10,""net_price"":0,""gross_price"":78300},{""quantity"":25,""net_price"":0,""gross_price"":73950},{""quantity"":50,""net_price"":0,""gross_price"":69600}]",
,GS-HE-4002-3,DEFAULT,AT,EUR,0,113100,"[{""quantity"":5,""net_price"":0,""gross_price"":107445},{""quantity"":10,""net_price"":0,""gross_price"":101790},{""quantity"":25,""net_price"":0,""gross_price"":96135},{""quantity"":50,""net_price"":0,""gross_price"":90480}]",
,HP-ECO-45K-1,DEFAULT,AT,EUR,0,60100,"[{""quantity"":2,""net_price"":0,""gross_price"":57696},{""quantity"":5,""net_price"":0,""gross_price"":55292},{""quantity"":10,""net_price"":0,""gross_price"":52888}]",
,HP-ECO-45K-2,DEFAULT,AT,EUR,0,108700,"[{""quantity"":2,""net_price"":0,""gross_price"":104352},{""quantity"":5,""net_price"":0,""gross_price"":100004},{""quantity"":10,""net_price"":0,""gross_price"":95656}]",
,HP-ECO-45K-3,DEFAULT,AT,EUR,0,19900,"[{""quantity"":2,""net_price"":0,""gross_price"":19104},{""quantity"":5,""net_price"":0,""gross_price"":18308},{""quantity"":10,""net_price"":0,""gross_price"":17512}]",
SPK-CP-SBK,,DEFAULT,AT,EUR,0,18500,"[{""quantity"":5,""net_price"":0,""gross_price"":17575},{""quantity"":10,""net_price"":0,""gross_price"":16650},{""quantity"":25,""net_price"":0,""gross_price"":15725},{""quantity"":50,""net_price"":0,""gross_price"":14800}]",12950
SPK-CP-SBK,,DEFAULT,AT,CHF,0,18500,"[{""quantity"":5,""net_price"":0,""gross_price"":17575},{""quantity"":10,""net_price"":0,""gross_price"":16650},{""quantity"":25,""net_price"":0,""gross_price"":15725},{""quantity"":50,""net_price"":0,""gross_price"":14800}]",
SPK-BLR-IGN,,DEFAULT,AT,EUR,0,14500,"[{""quantity"":5,""net_price"":0,""gross_price"":13775},{""quantity"":10,""net_price"":0,""gross_price"":13050},{""quantity"":25,""net_price"":0,""gross_price"":12325},{""quantity"":50,""net_price"":0,""gross_price"":11600}]",10150
SPK-BLR-IGN,,DEFAULT,AT,CHF,0,14500,"[{""quantity"":5,""net_price"":0,""gross_price"":13775},{""quantity"":10,""net_price"":0,""gross_price"":13050},{""quantity"":25,""net_price"":0,""gross_price"":12325},{""quantity"":50,""net_price"":0,""gross_price"":11600}]",
SPK-VLV-PACK,,DEFAULT,AT,EUR,0,9500,"[{""quantity"":5,""net_price"":0,""gross_price"":9025},{""quantity"":10,""net_price"":0,""gross_price"":8550},{""quantity"":25,""net_price"":0,""gross_price"":8075},{""quantity"":50,""net_price"":0,""gross_price"":7600}]",6650
SPK-VLV-PACK,,DEFAULT,AT,CHF,0,9500,"[{""quantity"":5,""net_price"":0,""gross_price"":9025},{""quantity"":10,""net_price"":0,""gross_price"":8550},{""quantity"":25,""net_price"":0,""gross_price"":8075},{""quantity"":50,""net_price"":0,""gross_price"":7600}]",
IWT-SYSTEM,,DEFAULT,AT,EUR,1046218,1245000,,
,IWT-SYSTEM-1,DEFAULT,AT,EUR,1046218,1245000,,
IWT-SYSTEM,,DEFAULT,AT,CHF,999160,1189000,,
,IWT-SYSTEM-1,DEFAULT,AT,CHF,999160,1189000,,
