{"resourceType":"theme","themeId":"B2BMPSprykerDefaultTheme","name":"Spryker","baseThemeId":"RAINIER","configuration":{"dataColorPalette":{"colors":["#0F856F","#00A3D7","#3C8B22","#CCBB44","#EE6677","#AA3377","#5E2288","#BBBBBB"],"minMaxGradient":["#00A3D7","#18397C"],"emptyFillColor":"#F6F7F8"},"sheet":{"tile":{"border":{"show":false}},"tileLayout":{"gutter":{"show":true},"margin":{"show":false}}},"typography":{"fontFamilies":[{"fontFamily":"Amazon Ember"},{"fontFamily":"sans-serif"}]},"uicolorPalette":{"primaryForeground":"#2A414E","primaryBackground":"#FFFFFF","secondaryForeground":"#2A414E","secondaryBackground":"#F0F3F5","accent":"#0F856F","accentForeground":"#FFFFFF","danger":"#A01106","dangerForeground":"#FFFFFF","warning":"#D48104","warningForeground":"#FFFFFF","success":"#0F856F","successForeground":"#FFFFFF","dimension":"#177199","dimensionForeground":"#FFFFFF","measure":"#0F856F","measureForeground":"#FFFFFF"}},"type":"CUSTOM"}