product_offer_reference,price_type,store,currency,value_net,value_gross,price_data.volume_prices,value_cost
offer2,ORIGINAL,DE,EUR,1090,1297,,908
offer2,DEFAULT,DE,EUR,890,1097,,768
offer2,ORIGINAL,DE,CHF,1242,1478,,1035
offer2,DEFAULT,DE,CHF,1042,1278,,895
offer3,DEFAULT,DE,EUR,170,203,,142
offer3,DEFAULT,DE,CHF,194,230,,161
offer4,DEFAULT,DE,EUR,161,192,,134
offer4,DEFAULT,DE,CHF,184,218,,153
offer5,DEFAULT,DE,EUR,170,203,,142
offer5,DEFAULT,DE,CHF,194,230,,161
offer6,DEFAULT,DE,EUR,161,192,,134
offer6,DEFAULT,DE,CHF,184,218,,153
offer7,DEFAULT,DE,EUR,648,772,,540
offer7,DEFAULT,DE,CHF,738,879,,615
offer8,DEFAULT,DE,EUR,614,741,,519
offer8,DEFAULT,DE,CHF,700,833,,583
offer9,DEFAULT,DE,EUR,380,456,,319
offer9,DEFAULT,DE,CHF,428,513,,359
offer10,DEFAULT,DE,EUR,400,480,"[{""quantity"":5,""net_price"":250,""gross_price"":320},{""quantity"":10,""net_price"":200,""gross_price"":260},{""quantity"":20,""net_price"":100,""gross_price"":140}]",336
offer10,DEFAULT,DE,CHF,405,486,,340
offer11,DEFAULT,DE,CHF,265,315,,220
offer11,DEFAULT,DE,EUR,232,277,,194
offer12,DEFAULT,DE,CHF,46815,55709,,38996
offer12,DEFAULT,DE,EUR,41066,48868,,34208
offer12,ORIGINAL,DE,CHF,52016,61899,,43329
offer12,ORIGINAL,DE,EUR,45629,54298,,38009
offer13,DEFAULT,DE,CHF,13152,15651,,10956
offer13,DEFAULT,DE,EUR,11537,13729,,9610
offer14,DEFAULT,DE,CHF,153014,182087,,127461
offer14,DEFAULT,DE,EUR,134223,159726,,111808
offer15,DEFAULT,DE,CHF,11312,13462,,9423
offer15,DEFAULT,DE,EUR,9923,11809,,8266
offer15,ORIGINAL,DE,CHF,12569,14957,,10470
offer15,ORIGINAL,DE,EUR,11025,13121,,9185
offer16,DEFAULT,DE,CHF,69968,83262,,58283
offer16,DEFAULT,DE,EUR,61376,73037,,51126
offer17,DEFAULT,DE,CHF,288234,342999,,240099
offer17,DEFAULT,DE,EUR,252837,300877,,210614
offer18,DEFAULT,DE,CHF,20015,23818,,16673
offer18,DEFAULT,DE,EUR,17557,20893,,14625
offer18,ORIGINAL,DE,CHF,22239,26464,,18525
offer18,ORIGINAL,DE,EUR,19508,23214,,16250
offer19,DEFAULT,DE,CHF,9035,10753,,7527
offer19,DEFAULT,DE,EUR,7925,9432,,6602
offer20,DEFAULT,DE,CHF,305,364,,255
offer20,DEFAULT,DE,EUR,268,320,,224
offer21,DEFAULT,DE,CHF,438,523,,366
offer21,DEFAULT,DE,EUR,385,459,,321
offer21,ORIGINAL,DE,CHF,487,581,,407
offer21,ORIGINAL,DE,EUR,428,510,,357
offer22,DEFAULT,DE,CHF,329,392,,274
offer22,DEFAULT,DE,EUR,289,344,,241
offer23,DEFAULT,DE,CHF,797,948,,664
offer23,DEFAULT,DE,EUR,699,832,,582
offer24,DEFAULT,DE,CHF,627,745,,522
offer24,DEFAULT,DE,EUR,550,654,,458
offer25,DEFAULT,DE,CHF,230,275,,192
offer25,DEFAULT,DE,EUR,203,242,,169
offer26,DEFAULT,DE,CHF,2689,3200,,2240
offer26,DEFAULT,DE,EUR,2359,2808,,1966
offer26,ORIGINAL,DE,CHF,2987,3555,,2488
offer26,ORIGINAL,DE,EUR,2622,3119,,2183
offer27,DEFAULT,DE,CHF,3792,4513,,3159
offer27,DEFAULT,DE,EUR,3326,3959,,2771
offer28,DEFAULT,DE,CHF,1526,1816,,1271
offer28,DEFAULT,DE,EUR,1339,1594,,1116
offer29,DEFAULT,DE,CHF,2809,3342,,2339
offer29,DEFAULT,DE,EUR,2464,2931,,2052
offer30,DEFAULT,DE,CHF,983,1169,,818
offer30,DEFAULT,DE,EUR,862,1026,,718
offer31,DEFAULT,DE,CHF,953,1135,,794
offer31,DEFAULT,DE,EUR,836,996,,697
offer32,DEFAULT,DE,CHF,163,194,,136
offer32,DEFAULT,DE,EUR,143,171,,120
offer33,DEFAULT,DE,CHF,667,794,,556
offer33,DEFAULT,DE,EUR,586,697,,488
offer34,DEFAULT,DE,CHF,523,623,,436
offer34,DEFAULT,DE,EUR,459,547,,383
offer35,DEFAULT,DE,CHF,80,96,,67
offer35,DEFAULT,DE,EUR,71,85,,59
offer36,DEFAULT,DE,CHF,4993,5942,,4159
offer36,DEFAULT,DE,EUR,4380,5212,,3648
offer37,DEFAULT,DE,CHF,58,71,,50
offer37,DEFAULT,DE,EUR,52,62,,43
offer38,DEFAULT,DE,CHF,130,155,,108
offer38,DEFAULT,DE,EUR,114,136,,95
offer39,DEFAULT,DE,CHF,151,180,,126
offer39,DEFAULT,DE,EUR,133,158,,111
offer40,DEFAULT,DE,CHF,142,169,,118
offer40,DEFAULT,DE,EUR,125,149,,104
offer41,DEFAULT,DE,CHF,142,169,,118
offer41,DEFAULT,DE,EUR,125,149,,104
offer42,DEFAULT,DE,CHF,161,193,,135
offer42,DEFAULT,DE,EUR,142,170,,119
offer43,DEFAULT,DE,CHF,295,352,,246
offer43,DEFAULT,DE,EUR,259,309,,216
offer44,DEFAULT,DE,CHF,748,892,,624
offer44,DEFAULT,DE,EUR,657,782,,547
offer45,DEFAULT,DE,CHF,358,426,,298
offer45,DEFAULT,DE,EUR,314,374,,262
offer46,DEFAULT,DE,CHF,213,255,,178
offer46,DEFAULT,DE,EUR,188,224,,157
offer47,DEFAULT,DE,CHF,295,352,,246
offer47,DEFAULT,DE,EUR,259,309,,216
offer48,DEFAULT,DE,CHF,295,352,,246
offer48,DEFAULT,DE,EUR,259,309,,216
offer49,DEFAULT,DE,CHF,305,364,,255
offer49,DEFAULT,DE,EUR,268,320,,224
offer50,DEFAULT,DE,CHF,90,107,,75
offer50,DEFAULT,DE,EUR,79,95,,66
offer51,DEFAULT,DE,CHF,1396,1661,,1163
offer51,DEFAULT,DE,EUR,1225,1458,,1021
offer52,DEFAULT,DE,CHF,1931,2299,,1609
offer52,DEFAULT,DE,EUR,1694,2016,,1411
offer53,DEFAULT,DE,CHF,4959,5903,,4132
offer53,DEFAULT,DE,EUR,4351,5178,,3625
offer54,DEFAULT,DE,CHF,872,1038,,727
offer54,DEFAULT,DE,EUR,765,911,,638
offer55,DEFAULT,DE,CHF,491,584,,409
offer55,DEFAULT,DE,EUR,431,513,,359
offer56,DEFAULT,DE,CHF,738,878,,615
offer56,DEFAULT,DE,EUR,647,771,,540
offer57,DEFAULT,DE,CHF,1489,1772,,1240
offer57,DEFAULT,DE,EUR,1307,1555,,1088
offer58,DEFAULT,DE,CHF,1818,2163,,1514
offer58,DEFAULT,DE,EUR,1595,1898,,1329
offer59,DEFAULT,DE,CHF,2446,2910,,2037
offer59,DEFAULT,DE,EUR,2146,2553,,1787
offer60,DEFAULT,DE,CHF,2548,3033,,2123
offer60,DEFAULT,DE,EUR,2236,2660,,1862
offer61,DEFAULT,DE,CHF,3002,3572,,2500
offer61,DEFAULT,DE,EUR,2633,3134,,2194
offer62,DEFAULT,DE,CHF,1952,2323,,1626
offer62,DEFAULT,DE,EUR,1712,2038,,1427
offer63,DEFAULT,DE,CHF,2774,3302,,2311
offer63,DEFAULT,DE,EUR,2434,2897,,2028
offer64,DEFAULT,DE,CHF,35758,42552,,29786
offer64,DEFAULT,DE,EUR,31367,37327,,26129
offer64,ORIGINAL,DE,CHF,39730,47279,,33095
offer64,ORIGINAL,DE,EUR,34851,41474,,29032
offer65,DEFAULT,DE,CHF,14054,16725,,11708
offer65,DEFAULT,DE,EUR,12329,14671,,10270
offer65,ORIGINAL,DE,CHF,15615,18583,,13008
offer65,ORIGINAL,DE,EUR,13699,16302,,11411
offer66,DEFAULT,DE,CHF,6682,7953,,5567
offer66,DEFAULT,DE,EUR,5862,6976,,4883
offer67,DEFAULT,DE,CHF,12238,14563,,10194
offer67,DEFAULT,DE,EUR,10735,12775,,8942
offer68,DEFAULT,DE,CHF,17380,20683,,14478
offer68,DEFAULT,DE,EUR,15246,18144,,12701
offer68,ORIGINAL,DE,CHF,19310,22981,,16087
offer68,ORIGINAL,DE,EUR,16940,20159,,14111
offer69,DEFAULT,DE,CHF,3818,4543,,3180
offer69,DEFAULT,DE,EUR,3349,3986,,2790
offer69,ORIGINAL,DE,CHF,4241,5048,,3534
offer69,ORIGINAL,DE,EUR,3721,4428,,3100
offer70,DEFAULT,DE,CHF,744,886,,620
offer70,DEFAULT,DE,EUR,653,778,,545
offer71,DEFAULT,DE,CHF,841,1001,,701
offer71,DEFAULT,DE,EUR,739,878,,615
offer72,DEFAULT,DE,CHF,10780,12828,,8980
offer72,DEFAULT,DE,EUR,9457,11253,,7877
offer73,DEFAULT,DE,CHF,1204,1433,,1003
offer73,DEFAULT,DE,EUR,1057,1257,,880
offer74,DEFAULT,DE,CHF,2225,2649,,1854
offer74,DEFAULT,DE,EUR,1953,2324,,1627
offer75,DEFAULT,DE,CHF,704,838,,587
offer75,DEFAULT,DE,EUR,618,736,,515
offer76,DEFAULT,DE,CHF,7945,9455,,6618
offer76,DEFAULT,DE,EUR,6970,8294,,5806
offer77,DEFAULT,DE,CHF,1747,2078,,1455
offer77,DEFAULT,DE,EUR,1533,1824,,1277
offer78,DEFAULT,DE,CHF,17674,21034,,14724
offer78,DEFAULT,DE,EUR,15504,18451,,12916
offer79,DEFAULT,DE,CHF,31209,37139,,25997
offer79,DEFAULT,DE,EUR,27377,32578,,22805
offer80,DEFAULT,DE,CHF,7552,8987,,6291
offer80,DEFAULT,DE,EUR,6625,7884,,5519
offer81,DEFAULT,DE,CHF,18098,21538,,15077
offer81,DEFAULT,DE,EUR,15876,18893,,13225
offer82,DEFAULT,DE,CHF,402,477,,334
offer82,DEFAULT,DE,EUR,353,419,,293
offer83,DEFAULT,DE,CHF,931,1108,,776
offer83,DEFAULT,DE,EUR,817,972,,680
offer84,DEFAULT,DE,CHF,913,1086,,760
offer84,DEFAULT,DE,EUR,801,953,,667
offer85,DEFAULT,DE,CHF,528,627,,439
offer85,DEFAULT,DE,EUR,463,551,,386
offer86,DEFAULT,DE,CHF,590,702,,491
offer86,DEFAULT,DE,EUR,518,616,,431
offer87,DEFAULT,DE,CHF,1308,1556,,1089
offer87,DEFAULT,DE,EUR,1147,1365,,955
offer88,DEFAULT,DE,CHF,1308,1556,,1089
offer88,DEFAULT,DE,EUR,1147,1365,,955
offer89,DEFAULT,DE,CHF,667,794,,556
offer89,DEFAULT,DE,EUR,586,697,,488
offer90,DEFAULT,DE,CHF,305,364,,255
offer90,DEFAULT,DE,EUR,268,320,,224
offer91,DEFAULT,DE,CHF,399,475,,332
offer91,DEFAULT,DE,EUR,350,418,,293
offer92,DEFAULT,DE,CHF,635,756,,529
offer92,DEFAULT,DE,EUR,557,664,,465
offer93,DEFAULT,DE,CHF,2665,3173,,2221
offer93,DEFAULT,DE,EUR,2338,2783,,1948
offer94,DEFAULT,DE,CHF,1468,1748,,1224
offer94,DEFAULT,DE,EUR,1289,1534,,1074
offer95,DEFAULT,DE,CHF,49896,59376,,41563
offer95,DEFAULT,DE,EUR,43769,52085,,36460
offer96,DEFAULT,DE,CHF,181849,216401,,151481
offer96,DEFAULT,DE,EUR,159517,189826,,132878
offer97,DEFAULT,DE,CHF,12450,14817,,10372
offer97,DEFAULT,DE,EUR,10922,12997,,9098
offer97,ORIGINAL,DE,CHF,13833,16463,,11524
offer97,ORIGINAL,DE,EUR,12135,14441,,10109
offer98,DEFAULT,DE,CHF,7610,9057,,6340
offer98,DEFAULT,DE,EUR,6676,7945,,5562
offer98,ORIGINAL,DE,CHF,8455,10063,,7044
offer98,ORIGINAL,DE,EUR,7417,8828,,6180
offer99,DEFAULT,DE,CHF,2109,2510,,1757
offer99,DEFAULT,DE,EUR,1850,2203,,1542
offer100,DEFAULT,DE,CHF,902,1073,,751
offer100,DEFAULT,DE,EUR,792,942,,659
offer101,DEFAULT,DE,CHF,528,627,,439
offer101,DEFAULT,DE,EUR,463,551,,386
offer102,DEFAULT,DE,CHF,383,456,,319
offer102,DEFAULT,DE,EUR,337,400,,280
offer103,DEFAULT,DE,CHF,859,1023,,716
offer103,DEFAULT,DE,EUR,754,897,,628
offer104,DEFAULT,DE,CHF,383,456,,319
offer104,DEFAULT,DE,EUR,337,400,,280
offer105,DEFAULT,DE,CHF,948,1129,,790
offer105,DEFAULT,DE,EUR,832,990,,693
offer106,DEFAULT,DE,CHF,948,1129,,790
offer106,DEFAULT,DE,EUR,832,990,,693
offer107,DEFAULT,DE,CHF,1075,1279,,895
offer107,DEFAULT,DE,EUR,943,1122,,785
offer108,DEFAULT,DE,CHF,3319,3949,,2764
offer108,DEFAULT,DE,EUR,2911,3464,,2425
offer109,DEFAULT,DE,CHF,1298,1545,,1082
offer109,DEFAULT,DE,EUR,1140,1356,,949
offer110,DEFAULT,DE,CHF,905,1077,,754
offer110,DEFAULT,DE,EUR,794,945,,662
offer111,DEFAULT,DE,CHF,509,606,,424
offer111,DEFAULT,DE,EUR,447,532,,372
offer112,DEFAULT,DE,CHF,23019,27394,,19176
offer112,DEFAULT,DE,EUR,20193,24030,,16821
offer113,DEFAULT,DE,CHF,131546,156541,,109579
offer113,DEFAULT,DE,EUR,115391,137316,,96121
offer114,DEFAULT,DE,CHF,3038,3616,,2531
offer114,DEFAULT,DE,EUR,2665,3173,,2221
offer115,DEFAULT,DE,CHF,1026,1220,,854
offer115,DEFAULT,DE,EUR,900,1071,,750
offer116,DEFAULT,DE,CHF,2966,3531,,2472
offer116,DEFAULT,DE,EUR,2603,3097,,2168
offer117,DEFAULT,DE,CHF,11296,13442,,9409
offer117,DEFAULT,DE,EUR,9909,11792,,8254
offer118,DEFAULT,DE,CHF,79462,94560,,66192
offer118,DEFAULT,DE,EUR,69704,82948,,58064
offer119,DEFAULT,DE,CHF,82438,98102,,68671
offer119,DEFAULT,DE,EUR,72314,86055,,60238
offer120,DEFAULT,DE,CHF,108893,129583,,90708
offer120,DEFAULT,DE,EUR,95521,113670,,79569
offer121,DEFAULT,DE,CHF,5663,6740,,4718
offer121,DEFAULT,DE,EUR,4968,5912,,4138
offer122,DEFAULT,DE,CHF,470,559,,391
offer122,DEFAULT,DE,EUR,413,491,,344
offer123,DEFAULT,DE,CHF,265,315,,220
offer123,DEFAULT,DE,EUR,232,277,,194
offer124,DEFAULT,DE,CHF,605,720,,504
offer124,DEFAULT,DE,EUR,531,631,,442
offer125,DEFAULT,DE,CHF,1975,2349,,1644
offer125,DEFAULT,DE,EUR,1732,2061,,1443
offer126,DEFAULT,DE,CHF,1436,1710,,1197
offer126,DEFAULT,DE,EUR,1260,1500,,1050
offer127,DEFAULT,DE,CHF,2194,2612,,1828
offer127,DEFAULT,DE,EUR,1925,2292,,1604
offer128,DEFAULT,DE,CHF,2362,2811,,1968
offer128,DEFAULT,DE,EUR,2072,2466,,1726
offer129,DEFAULT,DE,CHF,8272,9844,,6891
offer129,DEFAULT,DE,EUR,7257,8636,,6045
offer130,DEFAULT,DE,CHF,2156,2565,,1795
offer130,DEFAULT,DE,EUR,1892,2251,,1576
offer131,DEFAULT,DE,CHF,1120,1332,,932
offer131,DEFAULT,DE,EUR,983,1169,,818
offer132,DEFAULT,DE,CHF,392,467,,327
offer132,DEFAULT,DE,EUR,344,410,,287
offer133,DEFAULT,DE,CHF,222,265,,186
offer133,DEFAULT,DE,EUR,195,232,,162
offer134,DEFAULT,DE,CHF,769,915,,640
offer134,DEFAULT,DE,EUR,675,803,,562
offer135,DEFAULT,DE,CHF,491,585,,410
offer135,DEFAULT,DE,EUR,431,513,,359
offer136,DEFAULT,DE,CHF,563,670,,469
offer136,DEFAULT,DE,EUR,494,589,,412
offer137,DEFAULT,DE,CHF,481,573,,401
offer137,DEFAULT,DE,EUR,422,503,,352
offer138,DEFAULT,DE,CHF,563,670,,469
offer138,DEFAULT,DE,EUR,494,589,,412
offer139,DEFAULT,DE,CHF,285,339,,237
offer139,DEFAULT,DE,EUR,250,298,,209
offer140,DEFAULT,DE,CHF,706,840,,588
offer140,DEFAULT,DE,EUR,620,738,,517
offer141,DEFAULT,DE,CHF,446,531,,372
offer141,DEFAULT,DE,EUR,392,466,,326
offer142,DEFAULT,DE,CHF,329,392,,274
offer142,DEFAULT,DE,EUR,289,344,,241
offer143,DEFAULT,DE,CHF,491,585,,410
offer143,DEFAULT,DE,EUR,431,513,,359
offer144,DEFAULT,DE,CHF,222,265,,186
offer144,DEFAULT,DE,EUR,195,232,,162
offer145,DEFAULT,DE,CHF,357,425,,298
offer145,DEFAULT,DE,EUR,313,373,,261
offer146,DEFAULT,DE,CHF,357,425,,298
offer146,DEFAULT,DE,EUR,313,373,,261
offer147,DEFAULT,DE,CHF,357,425,,298
offer147,DEFAULT,DE,EUR,313,373,,261
offer148,DEFAULT,DE,CHF,357,425,,298
offer148,DEFAULT,DE,EUR,313,373,,261
offer149,DEFAULT,DE,CHF,402,477,,334
offer149,DEFAULT,DE,EUR,353,419,,293
offer150,DEFAULT,DE,CHF,1075,1279,,895
offer150,DEFAULT,DE,EUR,943,1122,,785
offer151,DEFAULT,DE,CHF,246,292,,204
offer151,DEFAULT,DE,EUR,216,257,,180
offer152,DEFAULT,DE,CHF,1230,1463,,1024
offer152,DEFAULT,DE,EUR,1083,1287,,901
offer153,DEFAULT,DE,CHF,2460,2926,,2048
offer153,DEFAULT,DE,EUR,2166,2574,,1802
offer154,DEFAULT,DE,CHF,3690,4389,,3072
offer154,DEFAULT,DE,EUR,3249,3861,,2703
offer155,DEFAULT,DE,CHF,237,282,,197
offer155,DEFAULT,DE,EUR,209,247,,173
offer156,DEFAULT,DE,CHF,3314,3943,,2760
offer156,DEFAULT,DE,EUR,2907,3459,,2421
offer157,DEFAULT,DE,CHF,810,964,,675
offer157,DEFAULT,DE,EUR,711,846,,592
offer158,DEFAULT,DE,CHF,342,406,,284
offer158,DEFAULT,DE,EUR,300,357,,250
offer159,DEFAULT,DE,CHF,42,51,,36
offer159,DEFAULT,DE,EUR,38,45,,31
offer160,DEFAULT,DE,CHF,1145,1363,,954
offer160,DEFAULT,DE,EUR,1005,1196,,837
offer161,DEFAULT,DE,CHF,189,225,,158
offer161,DEFAULT,DE,EUR,166,197,,138
offer162,DEFAULT,DE,CHF,89,106,,74
offer162,DEFAULT,DE,EUR,78,94,,66
offer163,DEFAULT,DE,CHF,98,118,,83
offer163,DEFAULT,DE,EUR,87,104,,73
offer163,ORIGINAL,DE,CHF,109,131,,92
offer163,ORIGINAL,DE,EUR,96,115,,80
offer164,DEFAULT,DE,CHF,94,112,,78
offer164,DEFAULT,DE,EUR,82,98,,69
offer165,DEFAULT,DE,CHF,3660,4355,,3048
offer165,DEFAULT,DE,EUR,3211,3820,,2674
offer166,DEFAULT,DE,CHF,799,952,,666
offer166,DEFAULT,DE,EUR,702,836,,585
offer167,DEFAULT,DE,CHF,533,634,,444
offer167,DEFAULT,DE,EUR,468,556,,389
offer168,DEFAULT,DE,CHF,151,180,,126
offer168,DEFAULT,DE,EUR,133,158,,111
offer169,DEFAULT,DE,CHF,151,180,,126
offer169,DEFAULT,DE,EUR,133,158,,111
offer170,DEFAULT,DE,CHF,161,193,,135
offer170,DEFAULT,DE,EUR,142,170,,119
offer171,DEFAULT,DE,CHF,166,197,,138
offer171,DEFAULT,DE,EUR,146,173,,121
offer172,DEFAULT,DE,CHF,166,197,,138
offer172,DEFAULT,DE,EUR,146,173,,121
offer173,DEFAULT,DE,CHF,295,352,,246
offer173,DEFAULT,DE,EUR,259,309,,216
offer174,DEFAULT,DE,CHF,327,389,,272
offer174,DEFAULT,DE,EUR,287,342,,239
offer175,DEFAULT,DE,CHF,255,304,,213
offer175,DEFAULT,DE,EUR,224,266,,186
offer176,DEFAULT,DE,CHF,430,512,,358
offer176,DEFAULT,DE,EUR,378,449,,314
offer177,DEFAULT,DE,CHF,646,769,,538
offer177,DEFAULT,DE,EUR,567,675,,472
offer178,DEFAULT,DE,CHF,203,242,,169
offer178,DEFAULT,DE,EUR,178,212,,148
offer179,DEFAULT,DE,CHF,255,304,,213
offer179,DEFAULT,DE,EUR,224,266,,186
offer180,DEFAULT,DE,CHF,96,114,,80
offer180,DEFAULT,DE,EUR,85,101,,71
offer181,DEFAULT,DE,CHF,1622,1931,,1352
offer181,DEFAULT,DE,EUR,1424,1694,,1186
offer182,DEFAULT,DE,CHF,1768,2105,,1474
offer182,DEFAULT,DE,EUR,1552,1846,,1292
offer183,DEFAULT,DE,CHF,2434,2898,,2029
offer183,DEFAULT,DE,EUR,2136,2543,,1780
offer184,DEFAULT,DE,CHF,3144,3742,,2619
offer184,DEFAULT,DE,EUR,2758,3283,,2298
offer185,DEFAULT,DE,CHF,3915,4660,,3262
offer185,DEFAULT,DE,EUR,3435,4088,,2862
offer186,DEFAULT,DE,CHF,2342,2788,,1952
offer186,DEFAULT,DE,EUR,2055,2446,,1712
offer187,DEFAULT,DE,CHF,430,512,,358
offer187,DEFAULT,DE,EUR,378,449,,314
offer188,DEFAULT,DE,CHF,1026,1222,,855
offer188,DEFAULT,DE,EUR,900,1072,,750
offer189,DEFAULT,DE,CHF,1849,2201,,1541
offer189,DEFAULT,DE,EUR,1622,1931,,1352
offer190,DEFAULT,DE,CHF,1248,1485,,1040
offer190,DEFAULT,DE,EUR,1095,1303,,912
offer191,DEFAULT,DE,CHF,584,694,,486
offer191,DEFAULT,DE,EUR,513,609,,426
offer192,DEFAULT,DE,CHF,1671,1988,,1392
offer192,DEFAULT,DE,EUR,1465,1744,,1221
offer193,DEFAULT,DE,CHF,1610,1916,,1341
offer193,DEFAULT,DE,EUR,1412,1681,,1177
offer194,DEFAULT,DE,CHF,38057,45289,,31702
offer194,DEFAULT,DE,EUR,33384,39728,,27810
offer195,DEFAULT,DE,CHF,31209,37139,,25997
offer195,DEFAULT,DE,EUR,27377,32578,,22805
offer195,ORIGINAL,DE,CHF,34676,41265,,28885
offer195,ORIGINAL,DE,EUR,30419,36197,,25338
offer196,DEFAULT,DE,CHF,53978,64234,,44964
offer196,DEFAULT,DE,EUR,47349,56346,,39442
offer197,DEFAULT,DE,CHF,3050,3629,,2540
offer197,DEFAULT,DE,EUR,2676,3184,,2229
offer198,DEFAULT,DE,CHF,30508,36306,,25414
offer198,DEFAULT,DE,EUR,26762,31847,,22293
offer199,DEFAULT,DE,CHF,20304,24163,,16914
offer199,DEFAULT,DE,EUR,17811,21196,,14837
offer200,DEFAULT,DE,CHF,26427,31448,,22014
offer200,DEFAULT,DE,EUR,23181,27587,,19311
offer201,DEFAULT,DE,CHF,3560,4236,,2965
offer201,DEFAULT,DE,EUR,3123,3716,,2601
offer202,DEFAULT,DE,CHF,5601,6665,,4666
offer202,DEFAULT,DE,EUR,4913,5847,,4093
offer203,DEFAULT,DE,CHF,35610,42377,,29664
offer203,DEFAULT,DE,EUR,31237,37173,,26021
offer203,ORIGINAL,DE,CHF,39567,47085,,32960
offer203,ORIGINAL,DE,EUR,34708,41303,,28912
offer204,DEFAULT,DE,CHF,83866,99802,,69861
offer204,DEFAULT,DE,EUR,73568,87546,,61282
offer204,ORIGINAL,DE,CHF,93185,110890,,77623
offer204,ORIGINAL,DE,EUR,81741,97273,,68091
offer205,DEFAULT,DE,CHF,96277,114570,,80199
offer205,DEFAULT,DE,EUR,84455,100501,,70351
offer205,ORIGINAL,DE,CHF,106974,127300,,89110
offer205,ORIGINAL,DE,EUR,93838,111667,,78167
offer206,DEFAULT,DE,CHF,10405,12382,,8667
offer206,DEFAULT,DE,EUR,9127,10862,,7603
offer207,DEFAULT,DE,CHF,10405,12382,,8667
offer207,DEFAULT,DE,EUR,9127,10862,,7603
offer208,DEFAULT,DE,CHF,1012449,1204814,,843370
offer208,DEFAULT,DE,EUR,888114,1056855,,739798
offer209,DEFAULT,DE,CHF,910181,1083116,,758181
offer209,DEFAULT,DE,EUR,798405,950102,,665071
offer210,DEFAULT,DE,CHF,838594,997926,,698548
offer210,DEFAULT,DE,EUR,735609,875374,,612762
offer211,DEFAULT,DE,CHF,1086,1293,,905
offer211,DEFAULT,DE,EUR,953,1135,,794
offer212,DEFAULT,DE,CHF,563,670,,469
offer212,DEFAULT,DE,EUR,494,589,,412
offer213,DEFAULT,DE,CHF,563,670,,469
offer213,DEFAULT,DE,EUR,494,589,,412
offer214,DEFAULT,DE,CHF,563,670,,469
offer214,DEFAULT,DE,EUR,494,589,,412
offer215,DEFAULT,DE,CHF,563,670,,469
offer215,DEFAULT,DE,EUR,494,589,,412
offer216,DEFAULT,DE,CHF,563,670,,469
offer216,DEFAULT,DE,EUR,494,589,,412
offer217,DEFAULT,DE,CHF,563,670,,469
offer217,DEFAULT,DE,EUR,494,589,,412
offer218,DEFAULT,DE,CHF,563,670,,469
offer218,DEFAULT,DE,EUR,494,589,,412
offer219,DEFAULT,DE,CHF,563,670,,469
offer219,DEFAULT,DE,EUR,494,589,,412
offer220,DEFAULT,DE,CHF,94,111,,78
offer220,DEFAULT,DE,EUR,82,97,,68
offer220,ORIGINAL,DE,CHF,104,123,,86
offer220,ORIGINAL,DE,EUR,91,108,,76
offer221,DEFAULT,DE,CHF,94,111,,78
offer221,DEFAULT,DE,EUR,82,97,,68
offer222,DEFAULT,DE,CHF,94,111,,78
offer222,DEFAULT,DE,EUR,82,97,,68
offer223,DEFAULT,DE,CHF,94,111,,78
offer223,DEFAULT,DE,EUR,82,97,,68
offer223,ORIGINAL,DE,CHF,104,123,,86
offer223,ORIGINAL,DE,EUR,91,108,,76
offer224,DEFAULT,DE,CHF,408,487,,341
offer224,DEFAULT,DE,EUR,359,427,,299
offer225,DEFAULT,DE,CHF,408,487,,341
offer225,DEFAULT,DE,EUR,359,427,,299
offer226,DEFAULT,DE,CHF,408,487,,341
offer226,DEFAULT,DE,EUR,359,427,,299
offer227,DEFAULT,DE,CHF,408,487,,341
offer227,DEFAULT,DE,EUR,359,427,,299
offer228,DEFAULT,DE,CHF,24386,29020,,20314
offer228,DEFAULT,DE,EUR,21392,25457,,17820
offer229,DEFAULT,DE,CHF,19509,23216,,16251
offer229,DEFAULT,DE,EUR,17113,20365,,14256
offer230,DEFAULT,DE,CHF,251,298,,209
offer230,DEFAULT,DE,EUR,220,262,,183
offer231,DEFAULT,DE,CHF,289,345,,241
offer231,DEFAULT,DE,EUR,254,303,,212
offer232,DEFAULT,DE,CHF,415,495,,346
offer232,DEFAULT,DE,EUR,365,435,,304
offer232,ORIGINAL,DE,CHF,461,550,,385
offer232,ORIGINAL,DE,EUR,405,483,,338
offer233,DEFAULT,DE,CHF,312,371,,260
offer233,DEFAULT,DE,EUR,274,326,,228
offer234,DEFAULT,DE,CHF,755,898,,629
offer234,DEFAULT,DE,EUR,662,788,,552
offer235,DEFAULT,DE,CHF,594,706,,494
offer235,DEFAULT,DE,EUR,521,620,,434
offer236,DEFAULT,DE,CHF,218,261,,183
offer236,DEFAULT,DE,EUR,192,229,,160
offer237,DEFAULT,DE,CHF,2547,3032,,2122
offer237,DEFAULT,DE,EUR,2235,2660,,1862
offer237,ORIGINAL,DE,CHF,2830,3368,,2358
offer237,ORIGINAL,DE,EUR,2484,2955,,2068
offer238,DEFAULT,DE,CHF,3592,4275,,2992
offer238,DEFAULT,DE,EUR,3151,3751,,2626
offer239,DEFAULT,DE,CHF,1446,1720,,1204
offer239,DEFAULT,DE,EUR,1269,1510,,1057
offer240,DEFAULT,DE,CHF,931,1107,,775
offer240,DEFAULT,DE,EUR,817,972,,680
offer241,DEFAULT,DE,CHF,154,184,,129
offer241,DEFAULT,DE,EUR,135,162,,113
offer242,DEFAULT,DE,CHF,632,752,,526
offer242,DEFAULT,DE,EUR,555,660,,462
offer243,DEFAULT,DE,CHF,495,590,,413
offer243,DEFAULT,DE,EUR,435,518,,363
offer244,DEFAULT,DE,CHF,76,91,,64
offer244,DEFAULT,DE,EUR,67,81,,57
offer245,DEFAULT,DE,CHF,55,67,,47
offer245,DEFAULT,DE,EUR,49,59,,41
offer246,DEFAULT,DE,CHF,123,147,,103
offer246,DEFAULT,DE,EUR,108,129,,90
offer247,DEFAULT,DE,CHF,143,171,,120
offer247,DEFAULT,DE,EUR,126,150,,105
offer248,DEFAULT,DE,CHF,135,160,,112
offer248,DEFAULT,DE,EUR,118,141,,99
offer249,DEFAULT,DE,CHF,135,160,,112
offer249,DEFAULT,DE,EUR,118,141,,99
offer250,DEFAULT,DE,CHF,153,183,,128
offer250,DEFAULT,DE,EUR,135,161,,113
offer251,DEFAULT,DE,CHF,279,333,,233
offer251,DEFAULT,DE,EUR,245,293,,205
offer252,DEFAULT,DE,CHF,709,845,,592
offer252,DEFAULT,DE,EUR,622,741,,519
offer253,DEFAULT,DE,CHF,339,404,,283
offer253,DEFAULT,DE,EUR,297,354,,248
offer254,DEFAULT,DE,CHF,202,242,,169
offer254,DEFAULT,DE,EUR,178,212,,148
offer255,DEFAULT,DE,CHF,279,333,,233
offer255,DEFAULT,DE,EUR,245,293,,205
offer256,DEFAULT,DE,CHF,279,333,,233
offer256,DEFAULT,DE,EUR,245,293,,205
offer257,DEFAULT,DE,CHF,289,345,,241
offer257,DEFAULT,DE,EUR,254,303,,212
offer258,DEFAULT,DE,CHF,85,101,,71
offer258,DEFAULT,DE,EUR,75,90,,63
offer259,DEFAULT,DE,CHF,1655,1969,,1378
offer259,DEFAULT,DE,EUR,1452,1728,,1210
offer260,DEFAULT,DE,CHF,381,452,,316
offer260,DEFAULT,DE,EUR,334,397,,278
offer261,DEFAULT,DE,CHF,882,1050,,735
offer261,DEFAULT,DE,EUR,774,921,,645
offer262,DEFAULT,DE,CHF,865,1029,,720
offer262,DEFAULT,DE,EUR,759,903,,632
offer263,DEFAULT,DE,CHF,500,594,,416
offer263,DEFAULT,DE,EUR,439,522,,365
offer264,DEFAULT,DE,CHF,559,665,,465
offer264,DEFAULT,DE,EUR,491,584,,409
offer265,DEFAULT,DE,CHF,632,752,,526
offer265,DEFAULT,DE,EUR,555,660,,462
offer266,DEFAULT,DE,CHF,289,345,,241
offer266,DEFAULT,DE,EUR,254,303,,212
offer267,DEFAULT,DE,CHF,378,450,,315
offer267,DEFAULT,DE,EUR,332,396,,277
offer268,DEFAULT,DE,CHF,500,594,,416
offer268,DEFAULT,DE,EUR,439,522,,365
offer269,DEFAULT,DE,CHF,363,432,,302
offer269,DEFAULT,DE,EUR,319,379,,265
offer270,DEFAULT,DE,CHF,814,969,,678
offer270,DEFAULT,DE,EUR,714,850,,595
offer271,DEFAULT,DE,CHF,363,432,,302
offer271,DEFAULT,DE,EUR,319,379,,265
offer272,DEFAULT,DE,CHF,898,1070,,749
offer272,DEFAULT,DE,EUR,788,938,,657
offer273,DEFAULT,DE,CHF,898,1070,,749
offer273,DEFAULT,DE,EUR,788,938,,657
offer274,DEFAULT,DE,CHF,1230,1464,,1025
offer274,DEFAULT,DE,EUR,1080,1285,,899
offer275,DEFAULT,DE,CHF,857,1020,,714
offer275,DEFAULT,DE,EUR,752,895,,626
offer276,DEFAULT,DE,CHF,482,574,,402
offer276,DEFAULT,DE,EUR,423,504,,353
offer277,DEFAULT,DE,CHF,445,530,,371
offer277,DEFAULT,DE,EUR,391,465,,326
offer278,DEFAULT,DE,CHF,251,298,,209
offer278,DEFAULT,DE,EUR,220,262,,183
offer279,DEFAULT,DE,CHF,573,682,,477
offer279,DEFAULT,DE,EUR,503,598,,419
offer280,DEFAULT,DE,CHF,1061,1262,,883
offer280,DEFAULT,DE,EUR,931,1107,,775
offer281,DEFAULT,DE,CHF,371,442,,309
offer281,DEFAULT,DE,EUR,326,388,,272
offer282,DEFAULT,DE,CHF,210,251,,176
offer282,DEFAULT,DE,EUR,185,220,,154
offer283,DEFAULT,DE,CHF,729,867,,607
offer283,DEFAULT,DE,EUR,639,761,,533
offer284,DEFAULT,DE,CHF,465,554,,388
offer284,DEFAULT,DE,EUR,408,486,,340
offer285,DEFAULT,DE,CHF,533,635,,444
offer285,DEFAULT,DE,EUR,468,558,,391
offer286,DEFAULT,DE,CHF,456,543,,380
offer286,DEFAULT,DE,EUR,400,477,,334
offer287,DEFAULT,DE,CHF,533,635,,444
offer287,DEFAULT,DE,EUR,468,558,,391
offer288,DEFAULT,DE,CHF,270,321,,225
offer288,DEFAULT,DE,EUR,237,282,,197
offer289,DEFAULT,DE,CHF,669,796,,557
offer289,DEFAULT,DE,EUR,587,699,,489
offer290,DEFAULT,DE,CHF,423,503,,352
offer290,DEFAULT,DE,EUR,371,441,,309
offer291,DEFAULT,DE,CHF,312,371,,260
offer291,DEFAULT,DE,EUR,274,326,,228
offer292,DEFAULT,DE,CHF,465,554,,388
offer292,DEFAULT,DE,EUR,408,486,,340
offer293,DEFAULT,DE,CHF,210,251,,176
offer293,DEFAULT,DE,EUR,185,220,,154
offer294,DEFAULT,DE,CHF,338,403,,282
offer294,DEFAULT,DE,EUR,297,353,,247
offer295,DEFAULT,DE,CHF,338,403,,282
offer295,DEFAULT,DE,EUR,297,353,,247
offer296,DEFAULT,DE,CHF,338,403,,282
offer296,DEFAULT,DE,EUR,297,353,,247
offer297,DEFAULT,DE,CHF,338,403,,282
offer297,DEFAULT,DE,EUR,297,353,,247
offer298,DEFAULT,DE,CHF,381,452,,316
offer298,DEFAULT,DE,EUR,334,397,,278
offer299,DEFAULT,DE,CHF,1018,1212,,848
offer299,DEFAULT,DE,EUR,893,1063,,744
offer300,DEFAULT,DE,CHF,233,277,,194
offer300,DEFAULT,DE,EUR,205,243,,170
offer301,DEFAULT,DE,CHF,1165,1386,,970
offer301,DEFAULT,DE,EUR,1026,1219,,853
offer302,DEFAULT,DE,CHF,2331,2772,,1940
offer302,DEFAULT,DE,EUR,2052,2439,,1707
offer303,DEFAULT,DE,CHF,3496,4158,,2911
offer303,DEFAULT,DE,EUR,3078,3658,,2561
offer304,DEFAULT,DE,CHF,225,267,,187
offer304,DEFAULT,DE,EUR,198,234,,164
offer305,DEFAULT,DE,CHF,3140,3735,,2614
offer305,DEFAULT,DE,EUR,2754,3277,,2294
offer306,DEFAULT,DE,CHF,324,385,,270
offer306,DEFAULT,DE,EUR,284,338,,237
offer307,DEFAULT,DE,CHF,40,48,,34
offer307,DEFAULT,DE,EUR,36,43,,30
offer308,DEFAULT,DE,CHF,1085,1291,,904
offer308,DEFAULT,DE,EUR,952,1133,,793
offer309,DEFAULT,DE,CHF,179,213,,149
offer309,DEFAULT,DE,EUR,157,187,,131
offer310,DEFAULT,DE,CHF,84,100,,70
offer310,DEFAULT,DE,EUR,74,89,,62
offer311,DEFAULT,DE,CHF,93,112,,78
offer311,DEFAULT,DE,EUR,82,99,,69
offer311,ORIGINAL,DE,CHF,103,124,,87
offer311,ORIGINAL,DE,EUR,91,109,,76
offer312,DEFAULT,DE,CHF,89,106,,74
offer312,DEFAULT,DE,EUR,78,93,,65
offer313,DEFAULT,DE,CHF,3467,4126,,2888
offer313,DEFAULT,DE,EUR,3042,3619,,2533
offer314,DEFAULT,DE,CHF,757,902,,631
offer314,DEFAULT,DE,EUR,665,792,,554
offer315,DEFAULT,DE,CHF,505,601,,421
offer315,DEFAULT,DE,EUR,443,527,,369
offer316,DEFAULT,DE,CHF,143,171,,120
offer316,DEFAULT,DE,EUR,126,150,,105
offer317,DEFAULT,DE,CHF,143,171,,120
offer317,DEFAULT,DE,EUR,126,150,,105
offer318,DEFAULT,DE,CHF,153,183,,128
offer318,DEFAULT,DE,EUR,135,161,,113
offer319,DEFAULT,DE,CHF,157,187,,131
offer319,DEFAULT,DE,EUR,138,164,,115
offer320,DEFAULT,DE,CHF,157,187,,131
offer320,DEFAULT,DE,EUR,138,164,,115
offer321,DEFAULT,DE,CHF,279,333,,233
offer321,DEFAULT,DE,EUR,245,293,,205
offer322,DEFAULT,DE,CHF,310,369,,258
offer322,DEFAULT,DE,EUR,272,324,,227
offer323,DEFAULT,DE,CHF,242,288,,202
offer323,DEFAULT,DE,EUR,212,252,,176
offer324,DEFAULT,DE,CHF,407,485,,340
offer324,DEFAULT,DE,EUR,358,425,,298
offer325,DEFAULT,DE,CHF,612,729,,510
offer325,DEFAULT,DE,EUR,537,639,,447
offer326,DEFAULT,DE,CHF,192,229,,160
offer326,DEFAULT,DE,EUR,169,201,,141
offer327,DEFAULT,DE,CHF,242,288,,202
offer327,DEFAULT,DE,EUR,212,252,,176
offer328,DEFAULT,DE,CHF,91,108,,76
offer328,DEFAULT,DE,EUR,81,96,,67
offer329,DEFAULT,DE,CHF,553,657,,460
offer329,DEFAULT,DE,EUR,486,577,,404
offer330,DEFAULT,DE,CHF,533,635,,444
offer330,DEFAULT,DE,EUR,468,558,,391
offer331,DEFAULT,DE,CHF,533,635,,444
offer331,DEFAULT,DE,EUR,468,558,,391
offer332,DEFAULT,DE,CHF,533,635,,444
offer332,DEFAULT,DE,EUR,468,558,,391
offer333,DEFAULT,DE,CHF,533,635,,444
offer333,DEFAULT,DE,EUR,468,558,,391
offer334,DEFAULT,DE,CHF,533,635,,444
offer334,DEFAULT,DE,EUR,468,558,,391
offer335,DEFAULT,DE,CHF,533,635,,444
offer335,DEFAULT,DE,EUR,468,558,,391
offer336,DEFAULT,DE,CHF,533,635,,444
offer336,DEFAULT,DE,EUR,468,558,,391
offer337,DEFAULT,DE,CHF,533,635,,444
offer337,DEFAULT,DE,EUR,468,558,,391
offer338,DEFAULT,DE,CHF,89,105,,74
offer338,DEFAULT,DE,EUR,78,92,,64
offer338,ORIGINAL,DE,CHF,99,117,,82
offer338,ORIGINAL,DE,EUR,86,102,,71
offer339,DEFAULT,DE,CHF,89,105,,74
offer339,DEFAULT,DE,EUR,78,92,,64
offer340,DEFAULT,DE,CHF,89,105,,74
offer340,DEFAULT,DE,EUR,78,92,,64
offer341,DEFAULT,DE,CHF,89,105,,74
offer341,DEFAULT,DE,EUR,78,92,,64
offer341,ORIGINAL,DE,CHF,99,117,,82
offer341,ORIGINAL,DE,EUR,86,102,,71
offer342,DEFAULT,DE,CHF,387,461,,323
offer342,DEFAULT,DE,EUR,340,405,,284
offer343,DEFAULT,DE,CHF,387,461,,323
offer343,DEFAULT,DE,EUR,340,405,,284
offer344,DEFAULT,DE,CHF,387,461,,323
offer344,DEFAULT,DE,EUR,340,405,,284
offer345,DEFAULT,DE,CHF,387,461,,323
offer345,DEFAULT,DE,EUR,340,405,,284
offer346,DEFAULT,DE,CHF,903,1075,,752
offer346,DEFAULT,DE,EUR,792,944,,661
offer347,DEFAULT,DE,CHF,1323,1574,,1102
offer347,DEFAULT,DE,EUR,1161,1381,,967
offer348,DEFAULT,DE,CHF,1829,2178,,1525
offer348,DEFAULT,DE,EUR,1605,1910,,1337
offer349,DEFAULT,DE,CHF,4698,5592,,3914
offer349,DEFAULT,DE,EUR,4122,4905,,3434
offer350,DEFAULT,DE,CHF,826,983,,688
offer350,DEFAULT,DE,EUR,725,863,,604
offer351,DEFAULT,DE,CHF,465,553,,387
offer351,DEFAULT,DE,EUR,408,486,,340
offer352,DEFAULT,DE,CHF,699,832,,582
offer352,DEFAULT,DE,EUR,613,730,,511
offer353,DEFAULT,DE,CHF,1411,1679,,1175
offer353,DEFAULT,DE,EUR,1238,1473,,1031
offer354,DEFAULT,DE,CHF,1722,2049,,1434
offer354,DEFAULT,DE,EUR,1511,1798,,1259
offer355,DEFAULT,DE,CHF,2317,2757,,1930
offer355,DEFAULT,DE,EUR,2033,2419,,1693
offer356,DEFAULT,DE,CHF,2414,2873,,2011
offer356,DEFAULT,DE,EUR,2118,2520,,1764
offer357,DEFAULT,DE,CHF,2844,3384,,2369
offer357,DEFAULT,DE,EUR,2494,2969,,2078
offer358,DEFAULT,DE,CHF,1849,2201,,1541
offer358,DEFAULT,DE,EUR,1622,1931,,1352
offer359,DEFAULT,DE,CHF,2628,3128,,2190
offer359,DEFAULT,DE,EUR,2306,2745,,1921
offer360,DEFAULT,DE,CHF,3617,4304,,3013
offer360,DEFAULT,DE,EUR,3173,3776,,2643
offer360,ORIGINAL,DE,CHF,4018,4782,,3347
offer360,ORIGINAL,DE,EUR,3525,4195,,2936
offer361,DEFAULT,DE,CHF,705,839,,587
offer361,DEFAULT,DE,EUR,619,737,,516
offer362,DEFAULT,DE,CHF,797,948,,664
offer362,DEFAULT,DE,EUR,700,832,,582
offer363,DEFAULT,DE,CHF,1141,1358,,951
offer363,DEFAULT,DE,EUR,1001,1191,,834
offer364,DEFAULT,DE,CHF,2108,2510,,1757
offer364,DEFAULT,DE,EUR,1850,2202,,1541
offer365,DEFAULT,DE,CHF,667,794,,556
offer365,DEFAULT,DE,EUR,585,697,,488
offer366,DEFAULT,DE,CHF,7155,8514,,5960
offer366,DEFAULT,DE,EUR,6276,7469,,5228
offer367,DEFAULT,DE,CHF,602,716,,501
offer367,DEFAULT,DE,EUR,528,629,,440
offer368,DEFAULT,DE,CHF,2525,3006,,2104
offer368,DEFAULT,DE,EUR,2215,2637,,1846
offer369,DEFAULT,DE,CHF,1391,1656,,1159
offer369,DEFAULT,DE,EUR,1221,1453,,1017
offer370,DEFAULT,DE,CHF,1998,2378,,1665
offer370,DEFAULT,DE,EUR,1753,2087,,1461
offer371,DEFAULT,DE,CHF,855,1017,,712
offer371,DEFAULT,DE,EUR,750,892,,624
offer372,DEFAULT,DE,CHF,1018,1212,,848
offer372,DEFAULT,DE,EUR,893,1063,,744
offer373,DEFAULT,DE,CHF,3144,3741,,2619
offer373,DEFAULT,DE,EUR,2758,3282,,2297
offer374,DEFAULT,DE,CHF,2878,3426,,2398
offer374,DEFAULT,DE,EUR,2525,3006,,2104
offer375,DEFAULT,DE,CHF,972,1156,,809
offer375,DEFAULT,DE,EUR,853,1015,,710
offer376,DEFAULT,DE,CHF,2810,3345,,2342
offer376,DEFAULT,DE,EUR,2466,2934,,2054
offer377,DEFAULT,DE,CHF,10701,12735,,8914
offer377,DEFAULT,DE,EUR,9387,11171,,7820
offer378,DEFAULT,DE,CHF,1871,2225,,1558
offer378,DEFAULT,DE,EUR,1641,1953,,1367
offer379,DEFAULT,DE,CHF,1360,1620,,1134
offer379,DEFAULT,DE,EUR,1194,1421,,995
offer380,DEFAULT,DE,CHF,2079,2475,,1732
offer380,DEFAULT,DE,EUR,1824,2171,,1520
offer381,DEFAULT,DE,CHF,2238,2663,,1864
offer381,DEFAULT,DE,EUR,1963,2336,,1635
offer382,DEFAULT,DE,CHF,7837,9326,,6528
offer382,DEFAULT,DE,EUR,6875,8181,,5727
offer383,DEFAULT,DE,CHF,2043,2430,,1701
offer383,DEFAULT,DE,EUR,1792,2133,,1493
offer384,DEFAULT,DE,CHF,767,913,,639
offer384,DEFAULT,DE,EUR,674,801,,561
offer385,DEFAULT,DE,CHF,1537,1829,,1280
offer385,DEFAULT,DE,EUR,1349,1605,,1124
offer386,DEFAULT,DE,CHF,1675,1994,,1396
offer386,DEFAULT,DE,EUR,1470,1749,,1224
offer387,DEFAULT,DE,CHF,2306,2745,,1921
offer387,DEFAULT,DE,EUR,2024,2409,,1686
offer388,DEFAULT,DE,CHF,2979,3545,,2482
offer388,DEFAULT,DE,EUR,2613,3110,,2177
offer389,DEFAULT,DE,CHF,3709,4415,,3090
offer389,DEFAULT,DE,EUR,3254,3873,,2711
offer390,DEFAULT,DE,CHF,2219,2641,,1849
offer390,DEFAULT,DE,EUR,1947,2317,,1622
offer391,DEFAULT,DE,CHF,407,485,,340
offer391,DEFAULT,DE,EUR,358,425,,298
offer392,DEFAULT,DE,CHF,972,1158,,811
offer392,DEFAULT,DE,EUR,853,1016,,711
offer393,DEFAULT,DE,CHF,1752,2085,,1460
offer393,DEFAULT,DE,EUR,1537,1829,,1280
offer394,DEFAULT,DE,CHF,1182,1407,,985
offer394,DEFAULT,DE,EUR,1037,1234,,864
offer395,DEFAULT,DE,CHF,1525,1815,,1270
offer395,DEFAULT,DE,EUR,1338,1593,,1115
