category_key,parent_category_key,is_active,is_in_menu,is_clickable,is_searchable,is_root,is_main,node_order,template_name,name.en_US,name.pl_PL,name.uk_UA,meta_title.en_US,meta_title.pl_PL,meta_title.uk_UA,meta_description.en_US,meta_description.pl_PL,meta_description.uk_UA,meta_keywords.en_US,meta_keywords.pl_PL,meta_keywords.uk_UA
pellumbra,,1,1,1,0,1,1,,Catalog (default),Pellumbra,Pellumbra,Pellumbra,Pellumbra,Pellumbra,Pellumbra,Industrial MRO supplies for maintenance and production,Artykuły techniczne MRO dla utrzymania ruchu i produkcji,Технічні товари MRO для обслуговування та виробництва,industrial supplies MRO,artykuły techniczne MRO utrzymanie ruchu,технічні товари MRO обслуговування
mechanical-components,pellumbra,1,1,1,1,0,1,10,Sub Category grid,Mechanical components,Komponenty mechaniczne,Механічні компоненти,Mechanical components,Komponenty mechaniczne,Механічні компоненти,"Bearings, transmission, fasteners, seals and fluid power components","Łożyska, napędy, elementy złączne, uszczelnienia i komponenty hydrauliki siłowej","Підшипники, приводи, кріпильні елементи, ущільнення та компоненти гідравліки",bearings fasteners seals hydraulics,łożyska elementy złączne uszczelnienia hydraulika,підшипники кріплення ущільнення гідравліка
consumables-tools,pellumbra,1,1,1,1,0,1,20,Sub Category grid,Consumables & tools,Materiały eksploatacyjne i narzędzia,Розхідні матеріали та інструменти,Consumables & tools,Materiały eksploatacyjne i narzędzia,Розхідні матеріали та інструменти,"Lubricants, chemicals, hand tools, abrasives and workshop consumables","Smary, chemia, narzędzia ręczne, materiały ścierne i wyposażenie warsztatu","Мастила, хімія, ручний інструмент, абразиви та розхідні матеріали для майстерні",lubricants tools abrasives consumables,smary narzędzia materiały ścierne eksploatacyjne,мастила інструменти абразиви розхідні матеріали
bearings-transmission,mechanical-components,1,1,1,1,0,1,10,Catalog + Slots,Bearings & transmission,Łożyska i napędy,Підшипники та приводи,Bearings & transmission,Łożyska i napędy,Підшипники та приводи,"Ball bearings, roller bearings and gearboxes for industrial drivetrains","Łożyska kulkowe, łożyska wałeczkowe i przekładnie do napędów przemysłowych","Шарикові підшипники, роликові підшипники та редуктори для промислових приводів",bearings gearbox transmission,łożyska przekładnia napęd,підшипники редуктор привід
fasteners,mechanical-components,1,1,1,1,0,1,20,Catalog + Slots,Fasteners,Elementy złączne,Кріпильні елементи,Fasteners,Elementy złączne,Кріпильні елементи,"Bolts, nuts, washers and anchors in zinc-plated and stainless steel","Śruby, nakrętki, podkładki i kotwy ze stali galwanizowanej i nierdzewnej","Болти, гайки, шайби та анкери з оцинкованої та нержавіючої сталі",bolts nuts anchors fasteners,śruby nakrętki kotwy elementy złączne,болти гайки анкери кріплення
seals-fluid-power,mechanical-components,1,1,1,1,0,1,30,Catalog + Slots,Seals & fluid power,Uszczelnienia i hydraulika siłowa,Ущільнення та гідравліка,Seals & fluid power,Uszczelnienia i hydraulika siłowa,Ущільнення та гідравліка,"O-rings, shaft seals and hydraulic cylinders for fluid power systems","Oringi, pierścienie uszczelniające wałów i siłowniki hydrauliczne do układów hydraulicznych","Гумові кільця, манжети валів та гідроцилінди для гідравлічних систем",o-rings seals hydraulic cylinder,oringi uszczelnienia siłownik hydrauliczny,гумові кільця ущільнення гідроцилінд
lubricants-chemicals,consumables-tools,1,1,1,1,0,1,10,Catalog + Slots,Lubricants & chemicals,Smary i chemia,Мастила та хімія,Lubricants & chemicals,Smary i chemia,Мастила та хімія,"Greases, hydraulic oils and maintenance chemicals","Smary, oleje hydrauliczne i chemia do utrzymania ruchu","Мастила, гідравлічні оливи та хімія для обслуговування",grease hydraulic oil cleaner,smar olej hydrauliczny zmywacz,мастило гідравлічна олива очищувач
tools-abrasives,consumables-tools,1,1,1,1,0,1,20,Catalog + Slots,Tools & abrasives,Narzędzia i materiały ścierne,Інструменти та абразиви,Tools & abrasives,Narzędzia i materiały ścierne,Інструменти та абразиви,"Hand tools, power tools, socket sets and abrasive discs","Narzędzia ręczne, elektronarzędzia, zestawy nasadek i tarcze ścierne","Ручний інструмент, електроінструмент, набори головок та абразивні круги",torque wrench socket set flap disc,klucz dynamometryczny zestaw nasadek dysk lamelkowy,динамометричний ключ набір головок пелюстковий круг
workshop-consumables,consumables-tools,1,1,1,1,0,1,30,Catalog + Slots,Workshop consumables,Materiały warsztatowe,Розхідні матеріали для майстерні,Workshop consumables,Materiały warsztatowe,Розхідні матеріали для майстерні,"Wiping rolls, gloves and everyday workshop supplies","Czyściwo w rolkach, rękawice i codzienne wyposażenie warsztatu","Протиральні рулони, рукавички та повсякденні матеріали для майстерні",wiping roll gloves workshop,czyściwo w rolce rękawice warsztat,протиральний рулон рукавички майстерня
