category_key,category_product_order,abstract_sku,tax_set_name,name.en_US,name.pl_PL,name.uk_UA,description.en_US,description.pl_PL,description.uk_UA,url.en_US,url.pl_PL,url.uk_UA,meta_title.en_US,meta_title.pl_PL,meta_title.uk_UA,meta_keywords.en_US,meta_keywords.pl_PL,meta_keywords.uk_UA,meta_description.en_US,meta_description.pl_PL,meta_description.uk_UA,attribute_key_1,value_1,attribute_key_1.en_US,attribute_key_1.pl_PL,attribute_key_1.uk_UA,value_1.en_US,value_1.pl_PL,value_1.uk_UA,attribute_key_2,value_2,attribute_key_2.en_US,attribute_key_2.pl_PL,attribute_key_2.uk_UA,value_2.en_US,value_2.pl_PL,value_2.uk_UA,attribute_key_3,value_3,attribute_key_3.en_US,attribute_key_3.pl_PL,attribute_key_3.uk_UA,value_3.en_US,value_3.pl_PL,value_3.uk_UA,attribute_key_4,value_4,attribute_key_4.en_US,attribute_key_4.pl_PL,attribute_key_4.uk_UA,value_4.en_US,value_4.pl_PL,value_4.uk_UA,new_from,new_to,color_code
bearings-transmission,10,PLM-BRG-6204,Standard Taxes,Deep groove ball bearing 6204-2RS,Łożysko kulkowe zwykłe 6204-2RS,Радіальний шариковий підшипник 6204-2RS,"<p>Sealed single-row deep groove ball bearing for general industrial drivetrains. Rubber contact seals on both sides retain grease and keep contamination out, making it suitable for electric motors, pumps and conveyor rollers.</p><ul><li>Bore 20 mm, outer diameter 47 mm, width 14 mm</li><li>Pre-greased and maintenance-free</li><li>Operating range -30 to +110 degrees C</li></ul>","<p>Uszczelnione jednorzędowe łożysko kulkowe zwykłe do ogólnych zastosowań w napędach przemysłowych. Gumowe uszczelnienia stykowe z obu stron zatrzymują smar i chronią przed zanieczyszczeniami, dzięki czemu łożysko nadaje się do silników elektrycznych, pomp i rolek przenośników.</p><ul><li>Średnica wewnętrzna 20 mm, średnica zewnętrzna 47 mm, szerokość 14 mm</li><li>Wstępnie nasmarowane i bezobsługowe</li><li>Zakres pracy od -30 do +110 stopni C</li></ul>","<p>Закритий однорядний радіальний шариковий підшипник для загальних промислових приводів. Гумові контактні ущільнення з обох боків утримують мастило та не пропускають забруднення, тому підшипник підходить для електродвигунів, насосів і роликів конвеєрів.</p><ul><li>Внутрішній діаметр 20 mm, зовнішній діаметр 47 mm, ширина 14 mm</li><li>Попередньо змазаний і не потребує обслуговування</li><li>Робочий діапазон від -30 до +110 градусів C</li></ul>",/en/deep-groove-ball-bearing-6204-2rs-plm-brg-6204,/pl/deep-groove-ball-bearing-6204-2rs-plm-brg-6204,/uk/deep-groove-ball-bearing-6204-2rs-plm-brg-6204,Deep groove ball bearing 6204-2RS,Łożysko kulkowe zwykłe 6204-2RS,Радіальний шариковий підшипник 6204-2RS,bearing 6204 sealed,łożysko 6204 uszczelnione,підшипник 6204 закритий,Sealed 6204-2RS deep groove ball bearing for motors and pumps.,Uszczelnione łożysko kulkowe zwykłe 6204-2RS do silników i pomp.,Закритий радіальний шариковий підшипник 6204-2RS для двигунів і насосів.,material,Steel,Material,Materiał,Матеріал,Steel,Stal,Сталь,thread,None,Thread,Gwint,Різьба,None,Brak,Немає,unit_of_measure,Piece,Unit of measure,Jednostka miary,Одиниця виміру,Piece,Sztuka,Штука,brand,Pellumbra Standard,Brand,Marka,Бренд,Pellumbra Standard,Pellumbra Standard,Pellumbra Standard,,,
bearings-transmission,20,PLM-BRG-6308,Standard Taxes,Deep groove ball bearing 6308-2RS,Łożysko kulkowe zwykłe 6308-2RS,Радіальний шариковий підшипник 6308-2RS,"<p>Heavy-duty sealed deep groove ball bearing for higher radial loads. Used in fans, gear units and industrial machinery where a larger shaft diameter is required.</p><ul><li>Bore 40 mm, outer diameter 90 mm, width 23 mm</li><li>Double rubber seal, pre-greased</li><li>Dynamic load rating 41 kN</li></ul>","<p>Wzmocnione uszczelnione łożysko kulkowe zwykłe do większych obciążeń promieniowych. Stosowane w wentylatorach, przekładniach i maszynach przemysłowych, gdzie wymagana jest większa średnica wału.</p><ul><li>Średnica wewnętrzna 40 mm, średnica zewnętrzna 90 mm, szerokość 23 mm</li><li>Podwójne uszczelnienie gumowe, wstępnie nasmarowane</li><li>Dynamiczna nośność 41 kN</li></ul>","<p>Посилений закритий радіальний шариковий підшипник для підвищених радіальних навантажень. Застосовується у вентиляторах, редукторах і промислових машинах, де потрібен більший діаметр вала.</p><ul><li>Внутрішній діаметр 40 mm, зовнішній діаметр 90 mm, ширина 23 mm</li><li>Подвійне гумове ущільнення, попередньо змазаний</li><li>Динамічна несуча здатність 41 kN</li></ul>",/en/deep-groove-ball-bearing-6308-2rs-plm-brg-6308,/pl/deep-groove-ball-bearing-6308-2rs-plm-brg-6308,/uk/deep-groove-ball-bearing-6308-2rs-plm-brg-6308,Deep groove ball bearing 6308-2RS,Łożysko kulkowe zwykłe 6308-2RS,Радіальний шариковий підшипник 6308-2RS,bearing 6308 heavy duty,łożysko 6308 wzmocnione,підшипник 6308 посилений,Heavy-duty sealed 6308-2RS ball bearing with 40 mm bore.,Wzmocnione uszczelnione łożysko kulkowe 6308-2RS o średnicy wewnętrznej 40 mm.,Посилений закритий шариковий підшипник 6308-2RS із внутрішнім діаметром 40 mm.,material,Steel,Material,Materiał,Матеріал,Steel,Stal,Сталь,thread,None,Thread,Gwint,Різьба,None,Brak,Немає,unit_of_measure,Piece,Unit of measure,Jednostka miary,Одиниця виміру,Piece,Sztuka,Штука,brand,Pellumbra Standard,Brand,Marka,Бренд,Pellumbra Standard,Pellumbra Standard,Pellumbra Standard,,,
bearings-transmission,30,PLM-BRG-TAP32,Standard Taxes,Tapered roller bearing 32210,Łożysko stożkowe 32210,Конічний роликовий підшипник 32210,"<p>Single-row tapered roller bearing designed to carry combined radial and axial loads. Standard choice for gearbox shafts, wheel hubs and machine tool spindles.</p><ul><li>Bore 50 mm, outer diameter 90 mm, width 24.75 mm</li><li>Separable inner and outer ring for easier mounting</li><li>Requires adjustment against a second bearing</li></ul>","<p>Jednorzędowe łożysko stożkowe zaprojektowane do przenoszenia złożonych obciążeń promieniowych i osiowych. Standardowe rozwiązanie dla wałów przekładni, piast koł i wrzecion obrabiarek.</p><ul><li>Średnica wewnętrzna 50 mm, średnica zewnętrzna 90 mm, szerokość 24,75 mm</li><li>Rozdzielny pierścień wewnętrzny i zewnętrzny dla łatwiejszego montażu</li><li>Wymaga regulacji względem drugiego łożyska</li></ul>","<p>Однорядний конічний роликовий підшипник, розрахований на комбіновані радіальні та осьові навантаження. Стандартне рішення для валів редукторів, маточин коліс і шпинделів станків.</p><ul><li>Внутрішній діаметр 50 mm, зовнішній діаметр 90 mm, ширина 24,75 mm</li><li>Роз'ємні внутрішнє та зовнішнє кільця для простішого монтажу</li><li>Потребує регулювання відносно другого підшипника</li></ul>",/en/tapered-roller-bearing-32210-plm-brg-tap32,/pl/tapered-roller-bearing-32210-plm-brg-tap32,/uk/tapered-roller-bearing-32210-plm-brg-tap32,Tapered roller bearing 32210,Łożysko stożkowe 32210,Конічний роликовий підшипник 32210,tapered roller bearing 32210,łożysko stożkowe 32210,конічний роликовий підшипник 32210,Single-row tapered roller bearing 32210 for combined loads.,Jednorzędowe łożysko stożkowe 32210 do obciążeń złożonych.,Однорядний конічний роликовий підшипник 32210 для комбінованих навантажень.,material,Steel,Material,Materiał,Матеріал,Steel,Stal,Сталь,thread,None,Thread,Gwint,Різьба,None,Brak,Немає,unit_of_measure,Piece,Unit of measure,Jednostka miary,Одиниця виміру,Piece,Sztuka,Штука,brand,Nordwerk,Brand,Marka,Бренд,Nordwerk,Nordwerk,Nordwerk,,,
bearings-transmission,40,PLM-GBX-NMRV63,Standard Taxes,Worm gearbox NMRV63,Przekładnia ślimakowa NMRV63,Червячний редуктор NMRV63,"<p>Aluminium-housed worm gear reducer for conveyors, mixers and packaging lines. Flange-mounted output with a hollow shaft, filled with synthetic lubricant and ready to install.</p><ul><li>Centre height 63 mm, hollow output shaft 25 mm</li><li>Suitable for IEC B14 motor flange</li><li>Maintenance-free synthetic oil fill</li></ul>","<p>Przekładnia ślimakowa w obudowie aluminiowej do przenośników, mieszalników i linii pakujących. Wyjście kołnierzowe z wałem drążonym, napełniona smarem syntetycznym i gotowa do montażu.</p><ul><li>Wysokość osi 63 mm, drążony wał wyjściowy 25 mm</li><li>Przystosowana do kołnierza silnika IEC B14</li><li>Bezobsługowe napełnienie olejem syntetycznym</li></ul>","<p>Червячний редуктор в алюмінієвому корпусі для конвеєрів, змішувачів і пакувальних ліній. Фланцевий вихід із порожнистим валом, заповнений синтетичним мастилом і готовий до встановлення.</p><ul><li>Висота осі 63 mm, порожнистий вихідний вал 25 mm</li><li>Підходить для фланця двигуна IEC B14</li><li>Заправка синтетичною оливою без потреби в обслуговуванні</li></ul>",/en/worm-gearbox-nmrv63-plm-gbx-nmrv63,/pl/worm-gearbox-nmrv63-plm-gbx-nmrv63,/uk/worm-gearbox-nmrv63-plm-gbx-nmrv63,Worm gearbox NMRV63,Przekładnia ślimakowa NMRV63,Червячний редуктор NMRV63,worm gearbox nmrv63 reducer,przekładnia ślimakowa nmrv63 reduktor,червячний редуктор nmrv63,Aluminium worm gear reducer NMRV63 for conveyors and mixers.,Aluminiowa przekładnia ślimakowa NMRV63 do przenośników i mieszalników.,Алюмінієвий червячний редуктор NMRV63 для конвеєрів і змішувачів.,material,Cast iron,Material,Materiał,Матеріал,Cast iron,Żeliwo,Чавун,thread,None,Thread,Gwint,Різьба,None,Brak,Немає,unit_of_measure,Piece,Unit of measure,Jednostka miary,Одиниця виміру,Piece,Sztuka,Штука,brand,Nordwerk,Brand,Marka,Бренд,Nordwerk,Nordwerk,Nordwerk,,,
fasteners,10,PLM-FST-HEXM8,Standard Taxes,Hex bolt DIN 933 M8 zinc-plated,Śruba z łbem sześciokątnym DIN 933 M8 galwanizowana,Болт із шестигранною головкою DIN 933 M8 оцинкований,"<p>Fully threaded hexagon head bolt to DIN 933 in zinc-plated steel, strength class 8.8. General-purpose fastener for machine frames, brackets and guarding.</p><ul><li>Strength class 8.8, zinc-plated finish</li><li>Fully threaded shank</li><li>Supplied in a workshop pack of 100</li></ul>","<p>Śruba z łbem sześciokątnym w całości gwintowana według DIN 933, ze stali galwanizowanej, klasa wytrzymałości 8.8. Element złączny ogólnego przeznaczenia do ram maszyn, wsporników i osłon.</p><ul><li>Klasa wytrzymałości 8.8, powłoka galwaniczna</li><li>Trzon gwintowany na całej długości</li><li>Dostarczana w opakowaniu warsztatowym 100 szt.</li></ul>","<p>Болт із шестигранною головкою та різьбою по всій довжині за DIN 933 з оцинкованої сталі, клас міцності 8.8. Кріпильний елемент загального призначення для рам машин, кронштейнів і захисних огорож.</p><ul><li>Клас міцності 8.8, оцинковане покриття</li><li>Різьба по всій довжині стрижня</li><li>Постачається в упаковці для майстерні 100 шт.</li></ul>",/en/hex-bolt-din-933-m8-zinc-plated-plm-fst-hexm8,/pl/hex-bolt-din-933-m8-zinc-plated-plm-fst-hexm8,/uk/hex-bolt-din-933-m8-zinc-plated-plm-fst-hexm8,Hex bolt DIN 933 M8 zinc-plated,Śruba z łbem sześciokątnym DIN 933 M8 galwanizowana,Болт із шестигранною головкою DIN 933 M8 оцинкований,hex bolt din 933 m8,śruba sześciokątna din 933 m8,болт шестигранний din 933 m8,Zinc-plated DIN 933 hex bolt M8 class 8.8 in packs of 100.,Galwanizowana śruba z łbem sześciokątnym DIN 933 M8 klasy 8.8 w opakowaniach po 100 szt.,Оцинкований болт із шестигранною головкою DIN 933 M8 класу 8.8 в упаковках по 100 шт.,material,Zinc-plated steel,Material,Materiał,Матеріал,Zinc-plated steel,Stal galwanizowana,Оцинкована сталь,thread,M8,Thread,Gwint,Різьба,M8,M8,M8,unit_of_measure,Pack of 100,Unit of measure,Jednostka miary,Одиниця виміру,Pack of 100,Opakowanie 100 szt.,Упаковка 100 шт.,brand,Pellumbra Standard,Brand,Marka,Бренд,Pellumbra Standard,Pellumbra Standard,Pellumbra Standard,,,
fasteners,20,PLM-FST-HEXM12,Standard Taxes,Hex bolt DIN 933 M12 stainless A2,Śruba z łbem sześciokątnym DIN 933 M12 nierdzewna A2,Болт із шестигранною головкою DIN 933 M12 нержавіючий A2,"<p>Fully threaded hexagon head bolt to DIN 933 in A2 stainless steel. Corrosion-resistant fastener for food processing, water treatment and outdoor installations.</p><ul><li>A2 (304) stainless steel</li><li>Fully threaded shank</li><li>Supplied in a pack of 50</li></ul>","<p>Śruba z łbem sześciokątnym w całości gwintowana według DIN 933, ze stali nierdzewnej A2. Element złączny odporny na korozję do przetwórstwa spożywczego, uzdatniania wody i instalacji zewnętrznych.</p><ul><li>Stal nierdzewna A2 (304)</li><li>Trzon gwintowany na całej długości</li><li>Dostarczana w opakowaniu 50 szt.</li></ul>","<p>Болт із шестигранною головкою та різьбою по всій довжині за DIN 933 з нержавіючої сталі A2. Корозійностійкий кріпильний елемент для харчової промисловості, водопідготовки та зовнішніх установок.</p><ul><li>Нержавіюча сталь A2 (304)</li><li>Різьба по всій довжині стрижня</li><li>Постачається в упаковці 50 шт.</li></ul>",/en/hex-bolt-din-933-m12-stainless-a2-plm-fst-hexm12,/pl/hex-bolt-din-933-m12-stainless-a2-plm-fst-hexm12,/uk/hex-bolt-din-933-m12-stainless-a2-plm-fst-hexm12,Hex bolt DIN 933 M12 stainless A2,Śruba z łbem sześciokątnym DIN 933 M12 nierdzewna A2,Болт із шестигранною головкою DIN 933 M12 нержавіючий A2,hex bolt m12 stainless a2,śruba m12 nierdzewna a2,болт m12 нержавіючий a2,A2 stainless DIN 933 hex bolt M12 in packs of 50.,Nierdzewna śruba z łbem sześciokątnym DIN 933 M12 A2 w opakowaniach po 50 szt.,Нержавіючий болт із шестигранною головкою DIN 933 M12 A2 в упаковках по 50 шт.,material,Stainless steel A2,Material,Materiał,Матеріал,Stainless steel A2,Stal nierdzewna A2,Нержавіюча сталь A2,thread,M12,Thread,Gwint,Різьба,M12,M12,M12,unit_of_measure,Pack of 50,Unit of measure,Jednostka miary,Одиниця виміру,Pack of 50,Opakowanie 50 szt.,Упаковка 50 шт.,brand,Pellumbra Pro,Brand,Marka,Бренд,Pellumbra Pro,Pellumbra Pro,Pellumbra Pro,,,
fasteners,30,PLM-FST-NUTM10,Standard Taxes,Hex nut DIN 934 M10 stainless A4,Nakrętka sześciokątna DIN 934 M10 nierdzewna A4,Гайка шестигранна DIN 934 M10 нержавіюча A4,"<p>Hexagon nut to DIN 934 in A4 marine-grade stainless steel. Specified where chloride exposure would attack A2, such as coastal plant and chemical dosing skids.</p><ul><li>A4 (316) stainless steel</li><li>Metric coarse thread</li><li>Supplied in a pack of 100</li></ul>","<p>Nakrętka sześciokątna według DIN 934 ze stali nierdzewnej A4 klasy morskiej. Stosowana tam, gdzie chlorki atakowałyby stal A2, na przykład w instalacjach nadmorskich i stacjach dozowania chemii.</p><ul><li>Stal nierdzewna A4 (316)</li><li>Gwint metryczny zwykły</li><li>Dostarczana w opakowaniu 100 szt.</li></ul>","<p>Гайка шестигранна за DIN 934 з нержавіючої сталі A4 морського класу. Застосовується там, де хлориди руйнували б сталь A2, наприклад на прибережних об'єктах і станціях дозування хімії.</p><ul><li>Нержавіюча сталь A4 (316)</li><li>Метрична різьба зі звичайним кроком</li><li>Постачається в упаковці 100 шт.</li></ul>",/en/hex-nut-din-934-m10-stainless-a4-plm-fst-nutm10,/pl/hex-nut-din-934-m10-stainless-a4-plm-fst-nutm10,/uk/hex-nut-din-934-m10-stainless-a4-plm-fst-nutm10,Hex nut DIN 934 M10 stainless A4,Nakrętka sześciokątna DIN 934 M10 nierdzewna A4,Гайка шестигранна DIN 934 M10 нержавіюча A4,hex nut m10 stainless a4,nakrętka m10 nierdzewna a4,гайка m10 нержавіюча a4,A4 marine-grade stainless DIN 934 hex nut M10 in packs of 100.,Nakrętka sześciokątna DIN 934 M10 ze stali nierdzewnej A4 klasy morskiej w opakowaniach po 100 szt.,Гайка шестигранна DIN 934 M10 з нержавіючої сталі A4 морського класу в упаковках по 100 шт.,material,Stainless steel A4,Material,Materiał,Матеріал,Stainless steel A4,Stal nierdzewna A4,Нержавіюча сталь A4,thread,M10,Thread,Gwint,Різьба,M10,M10,M10,unit_of_measure,Pack of 100,Unit of measure,Jednostka miary,Одиниця виміру,Pack of 100,Opakowanie 100 szt.,Упаковка 100 шт.,brand,Pellumbra Pro,Brand,Marka,Бренд,Pellumbra Pro,Pellumbra Pro,Pellumbra Pro,,,
fasteners,40,PLM-FST-ANCHM10,Standard Taxes,Through-bolt anchor M10x90,Kotwa przelotowa M10x90,Наскрізний анкерний болт M10x90,"<p>Zinc-plated through-bolt anchor for fixing into cracked and non-cracked concrete. Used for machine feet, racking uprights and pipe supports.</p><ul><li>Drill diameter 10 mm, anchor length 90 mm</li><li>Pre-assembled with nut and washer</li><li>Supplied in a pack of 10</li></ul>","<p>Galwanizowana kotwa przelotowa do montażu w betonie zarysowanym i niezarysowanym. Stosowana do stóp maszyn, słupów regałów i podpór rurociągów.</p><ul><li>Średnica wiercenia 10 mm, długość kotwy 90 mm</li><li>Wstępnie zmontowana z nakrętką i podkładką</li><li>Dostarczana w opakowaniu 10 szt.</li></ul>","<p>Оцинкований наскрізний анкерний болт для монтажу в тріщинуватому та нетріщинуватому бетоні. Використовується для опор машин, стійок стелажів і підпор трубопроводів.</p><ul><li>Діаметр сверління 10 mm, довжина анкера 90 mm</li><li>Попередньо зібраний із гайкою та шайбою</li><li>Постачається в упаковці 10 шт.</li></ul>",/en/through-bolt-anchor-m10x90-plm-fst-anchm10,/pl/through-bolt-anchor-m10x90-plm-fst-anchm10,/uk/through-bolt-anchor-m10x90-plm-fst-anchm10,Through-bolt anchor M10x90,Kotwa przelotowa M10x90,Наскрізний анкерний болт M10x90,through bolt anchor m10 concrete,kotwa przelotowa m10 beton,наскрізний анкерний болт m10 бетон,Zinc-plated M10x90 through-bolt concrete anchor in packs of 10.,Galwanizowana kotwa przelotowa do betonu M10x90 w opakowaniach po 10 szt.,Оцинкований наскрізний анкерний болт для бетону M10x90 в упаковках по 10 шт.,material,Zinc-plated steel,Material,Materiał,Матеріал,Zinc-plated steel,Stal galwanizowana,Оцинкована сталь,thread,M10,Thread,Gwint,Різьба,M10,M10,M10,unit_of_measure,Pack of 10,Unit of measure,Jednostka miary,Одиниця виміру,Pack of 10,Opakowanie 10 szt.,Упаковка 10 шт.,brand,Vistula Tools,Brand,Marka,Бренд,Vistula Tools,Vistula Tools,Vistula Tools,,,
seals-fluid-power,10,PLM-SEA-ORING,Standard Taxes,O-ring assortment NBR 70,Zestaw oringów NBR 70,Набір гумових кілець NBR 70,"<p>Sorted O-ring assortment in NBR 70 Shore A, covering the most common metric sizes for hydraulic and pneumatic repairs. Supplied in a compartmented case with a size chart.</p><ul><li>NBR 70 Shore A, oil and fuel resistant</li><li>Operating range -30 to +100 degrees C</li><li>Compartmented workshop case</li></ul>","<p>Posortowany zestaw oringów NBR 70 Shore A, obejmujący najczęstsze rozmiary metryczne do napraw hydraulicznych i pneumatycznych. Dostarczany w kasecie z przegrodami wraz z tabelą rozmiarów.</p><ul><li>NBR 70 Shore A, odporny na oleje i paliwa</li><li>Zakres pracy od -30 do +100 stopni C</li><li>Kaseta warsztatowa z przegrodami</li></ul>","<p>Сортований набір гумових кілець NBR 70 Shore A, що охоплює найпоширеніші метричні розміри для ремонту гідравліки та пневматики. Постачається в кейсі з відділеннями та таблицею розмірів.</p><ul><li>NBR 70 Shore A, стійкий до олив і палива</li><li>Робочий діапазон від -30 до +100 градусів C</li><li>Кейс для майстерні з відділеннями</li></ul>",/en/o-ring-assortment-nbr-70-plm-sea-oring,/pl/o-ring-assortment-nbr-70-plm-sea-oring,/uk/o-ring-assortment-nbr-70-plm-sea-oring,O-ring assortment NBR 70,Zestaw oringów NBR 70,Набір гумових кілець NBR 70,o-ring assortment nbr metric,zestaw oringów nbr metryczny,набір гумових кілець nbr метричний,Sorted metric NBR 70 O-ring assortment in a workshop case.,Posortowany zestaw oringów metrycznych NBR 70 w kasecie warsztatowej.,Сортований набір метричних гумових кілець NBR 70 у кейсі для майстерні.,material,NBR rubber,Material,Materiał,Матеріал,NBR rubber,Guma NBR,Гума NBR,thread,None,Thread,Gwint,Різьба,None,Brak,Немає,unit_of_measure,Box,Unit of measure,Jednostka miary,Одиниця виміру,Box,Karton,Коробка,brand,Pellumbra Standard,Brand,Marka,Бренд,Pellumbra Standard,Pellumbra Standard,Pellumbra Standard,,,
seals-fluid-power,20,PLM-SEA-SHAFT35,Standard Taxes,Rotary shaft seal metric NBR,Pierścień uszczelniający wału metryczny NBR,Манжета вала метрична NBR,"<p>Single-lip rotary shaft seal with a stainless garter spring, for gearbox and pump shafts. The NBR lip runs against a ground shaft surface to retain oil. Available in the common metric shaft sizes.</p><ul><li>Spring-loaded single lip, type Rotary Shaft Seal</li><li>Operating range -30 to +100 degrees C</li><li>Select the shaft x bore x width combination below</li></ul>","<p>Jednowargowy pierścień uszczelniający wału ze sprężyną ze stali nierdzewnej, do wałów przekładni i pomp. Warga NBR współpracuje ze szlifowaną powierzchnią wału, zatrzymując olej. Dostępny w typowych metrycznych rozmiarach wałów.</p><ul><li>Jedna warga dociskana sprężyną, typ pierścienia uszczelniającego wał</li><li>Zakres pracy od -30 do +100 stopni C</li><li>Wybierz poniżej kombinację wał x otwór x szerokość</li></ul>","<p>Однокромкова манжета вала з пружиною з нержавіючої сталі, для валів редукторів і насосів. Кромка з NBR працює по шліфованій поверхні вала, утримуючи оливу. Доступна у поширених метричних розмірах валів.</p><ul><li>Одна кромка з підпружиненням, тип манжети вала</li><li>Робочий діапазон від -30 до +100 градусів C</li><li>Виберіть нижче комбінацію вал x отвір x ширина</li></ul>",/en/rotary-shaft-seal-metric-nbr-plm-sea-shaft35,/pl/rotary-shaft-seal-metric-nbr-plm-sea-shaft35,/uk/rotary-shaft-seal-metric-nbr-plm-sea-shaft35,Rotary shaft seal metric NBR,Pierścień uszczelniający wału metryczny NBR,Манжета вала метрична NBR,rotary shaft seal metric nbr,pierścień uszczelniający wału metryczny nbr,манжета вала метрична nbr,NBR spring-loaded metric rotary shaft seals for pumps and gearboxes.,Metryczne pierścienie uszczelniające wału NBR ze sprężyną do pomp i przekładni.,Метричні манжети валів NBR із пружиною для насосів і редукторів.,material,NBR rubber,Material,Materiał,Матеріал,NBR rubber,Guma NBR,Гума NBR,thread,None,Thread,Gwint,Різьба,None,Brak,Немає,unit_of_measure,Piece,Unit of measure,Jednostka miary,Одиниця виміру,Piece,Sztuka,Штука,brand,Pellumbra Standard,Brand,Marka,Бренд,Pellumbra Standard,Pellumbra Standard,Pellumbra Standard,,,
seals-fluid-power,30,PLM-HYD-CYL63,Standard Taxes,Hydraulic cylinder 63/35 double-acting,Siłownik hydrauliczny 63/35 dwustronnego działania,Гідроцилінд 63/35 двосторонньої дії,"<p>Double-acting welded hydraulic cylinder for presses, tippers and clamping rigs. Chrome-plated rod and cast eye mountings at both ends. Choose the stroke length below.</p><ul><li>Bore 63 mm, rod 35 mm</li><li>Rated working pressure 250 bar</li><li>Double-acting with eye mountings</li></ul>","<p>Spawany siłownik hydrauliczny dwustronnego działania do pras, wywrotek i układów mocujących. Tłoczysko chromowane i lane mocowania oczkowe z obu stron. Wybierz poniżej długość skoku.</p><ul><li>Średnica cylindra 63 mm, tłoczysko 35 mm</li><li>Nominalne ciśnienie pracy 250 bar</li><li>Dwustronnego działania z mocowaniami oczkowymi</li></ul>","<p>Зварний гідроцилінд двосторонньої дії для пресів, самоскидів і затискних пристроїв. Хромований шток і литі вушкові крі́плення з обох боків. Виберіть нижче довжину ходу.</p><ul><li>Діаметр цилінда 63 mm, шток 35 mm</li><li>Номінальний робочий тиск 250 bar</li><li>Двосторонньої дії з вушковими крі́пленнями</li></ul>",/en/hydraulic-cylinder-63-35-double-acting-plm-hyd-cyl63,/pl/hydraulic-cylinder-63-35-double-acting-plm-hyd-cyl63,/uk/hydraulic-cylinder-63-35-double-acting-plm-hyd-cyl63,Hydraulic cylinder 63/35 double-acting,Siłownik hydrauliczny 63/35 dwustronnego działania,Гідроцилінд 63/35 двосторонньої дії,hydraulic cylinder double acting 250 bar,siłownik hydrauliczny dwustronnego działania 250 bar,гідроцилінд двосторонньої дії 250 bar,Double-acting hydraulic cylinder 63/35 rated to 250 bar.,Siłownik hydrauliczny dwustronnego działania 63/35 na ciśnienie do 250 bar.,Гідроцилінд двосторонньої дії 63/35 на тиск до 250 bar.,material,Steel,Material,Materiał,Матеріал,Steel,Stal,Сталь,thread,None,Thread,Gwint,Різьба,None,Brak,Немає,unit_of_measure,Piece,Unit of measure,Jednostka miary,Одиниця виміру,Piece,Sztuka,Штука,brand,Karpat Industrial,Brand,Marka,Бренд,Karpat Industrial,Karpat Industrial,Karpat Industrial,,,
lubricants-chemicals,10,PLM-LUB-EP2,Standard Taxes,Lithium EP2 grease 400 g cartridge,Smar litowy EP2 kartusz 400 g,Літієве мастило EP2 картридж 400 g,"<p>Lithium soap multipurpose grease with extreme-pressure additives, NLGI grade 2. The workshop default for bearings, pins and bushes under shock load.</p><ul><li>NLGI 2, EP additives</li><li>Operating range -20 to +130 degrees C</li><li>400 g cartridge for standard grease guns</li></ul>","<p>Smar wielofunkcyjny na bazie mydła litowego z dodatkami EP, klasa NLGI 2. Warsztatowy standard do łożysk, sworzni i tulei pracujących pod obciążeniem udarowym.</p><ul><li>NLGI 2, dodatki EP</li><li>Zakres pracy od -20 do +130 stopni C</li><li>Kartusz 400 g do standardowych smarownic</li></ul>","<p>Універсальне мастило на основі літієвого мила з протизадирними присадками, класу NLGI 2. Стандарт майстерні для підшипників, пальців і втулок під ударним навантаженням.</p><ul><li>NLGI 2, присадки EP</li><li>Робочий діапазон від -20 до +130 градусів C</li><li>Картридж 400 g для стандартних шприців для мастила</li></ul>",/en/lithium-ep2-grease-400-g-cartridge-plm-lub-ep2,/pl/lithium-ep2-grease-400-g-cartridge-plm-lub-ep2,/uk/lithium-ep2-grease-400-g-cartridge-plm-lub-ep2,Lithium EP2 grease 400 g cartridge,Smar litowy EP2 kartusz 400 g,Літієве мастило EP2 картридж 400 g,lithium ep2 grease nlgi 2 cartridge,smar litowy ep2 nlgi 2 kartusz,літієве мастило ep2 nlgi 2 картридж,Lithium EP2 multipurpose grease NLGI 2 in a 400 g cartridge.,Litowy smar wielofunkcyjny EP2 NLGI 2 w kartuszu 400 g.,Літієве універсальне мастило EP2 NLGI 2 у картриджі 400 g.,material,Lithium soap,Material,Materiał,Матеріал,Lithium soap,Mydło litowe,Літієве мило,thread,None,Thread,Gwint,Різьба,None,Brak,Немає,unit_of_measure,Cartridge,Unit of measure,Jednostka miary,Одиниця виміру,Cartridge,Kartusz,Картридж,brand,Pellumbra Standard,Brand,Marka,Бренд,Pellumbra Standard,Pellumbra Standard,Pellumbra Standard,,,
lubricants-chemicals,20,PLM-LUB-HLP46,Standard Taxes,Hydraulic oil HLP 46,Olej hydrauliczny HLP 46,Гідравлічна олива HLP 46,"<p>Mineral hydraulic oil to DIN 51524 part 2 (HLP), viscosity grade ISO VG 46. Suitable for vane, gear and piston pumps in mobile and stationary systems.</p><ul><li>ISO VG 46, DIN 51524-2 HLP</li><li>Good anti-wear and demulsifying performance</li><li>20 litre canister</li></ul>","<p>Mineralny olej hydrauliczny według DIN 51524 część 2 (HLP), klasa lepkości ISO VG 46. Odpowiedni do pomp łopatkowych, zębatych i tłokowych w układach mobilnych i stacjonarnych.</p><ul><li>ISO VG 46, DIN 51524-2 HLP</li><li>Dobre właściwości przeciwzużyciowe i deemulgujące</li><li>Kanister 20 litrów</li></ul>","<p>Мінеральна гідравлічна олива за DIN 51524 частина 2 (HLP), клас в'язкості ISO VG 46. Підходить для лопатевих, шестеренних і поршневих насосів у мобільних і стаціонарних системах.</p><ul><li>ISO VG 46, DIN 51524-2 HLP</li><li>Добрі протизношувальні та деемульгуючі властивості</li><li>Каністра 20 літрів</li></ul>",/en/hydraulic-oil-hlp-46-plm-lub-hlp46,/pl/hydraulic-oil-hlp-46-plm-lub-hlp46,/uk/hydraulic-oil-hlp-46-plm-lub-hlp46,Hydraulic oil HLP 46,Olej hydrauliczny HLP 46,Гідравлічна олива HLP 46,hydraulic oil hlp 46 iso vg 46,olej hydrauliczny hlp 46 iso vg 46,гідравлічна олива hlp 46 iso vg 46,Mineral hydraulic oil HLP ISO VG 46 in a 20 litre canister.,Mineralny olej hydrauliczny HLP ISO VG 46 w kanistrze 20 litrów.,Мінеральна гідравлічна олива HLP ISO VG 46 у каністрі 20 літрів.,material,Mineral oil,Material,Materiał,Матеріал,Mineral oil,Olej mineralny,Мінеральна олива,thread,None,Thread,Gwint,Різьба,None,Brak,Немає,unit_of_measure,Canister,Unit of measure,Jednostka miary,Одиниця виміру,Canister,Kanister,Каністра,brand,Karpat Industrial,Brand,Marka,Бренд,Karpat Industrial,Karpat Industrial,Karpat Industrial,,,
lubricants-chemicals,30,PLM-CHM-BRAKE,Standard Taxes,Brake and parts cleaner 500 ml,Zmywacz do hamulców i części 500 ml,Очищувач гальм і деталей 500 ml,"<p>Fast-evaporating solvent cleaner for brakes, clutches and machined parts. Removes oil, grease and brake dust without leaving a residue.</p><ul><li>Residue-free, fast drying</li><li>Acetone-free formulation</li><li>500 ml aerosol with jet nozzle</li></ul>","<p>Szybko odparowujący zmywacz rozpuszczalnikowy do hamulców, sprzęgieł i części obrabianych. Usuwa olej, smar i pył hamulcowy, nie pozostawiając osadu.</p><ul><li>Bez pozostałości, szybko schnie</li><li>Formuła bezacetonowa</li><li>Aerozol 500 ml z dyszą strumieniową</li></ul>","<p>Швидковисихаючий очищувач на основі розчинника для гальм, зчеплень і механічно обробленых деталей. Видаляє оливу, мастило та гальмівний пил, не залишаючи слідів.</p><ul><li>Без залишку, швидко висихає</li><li>Формула без ацетону</li><li>Аерозоль 500 ml із струминною насадкою</li></ul>",/en/brake-and-parts-cleaner-500-ml-plm-chm-brake,/pl/brake-and-parts-cleaner-500-ml-plm-chm-brake,/uk/brake-and-parts-cleaner-500-ml-plm-chm-brake,Brake and parts cleaner 500 ml,Zmywacz do hamulców i części 500 ml,Очищувач гальм і деталей 500 ml,brake parts cleaner aerosol residue free,zmywacz hamulców części aerozol bez osadu,очищувач гальм деталей аерозоль без залишку,Residue-free brake and parts cleaner in a 500 ml aerosol.,Niepozostawiający osadu zmywacz do hamulców i części w aerozolu 500 ml.,Очищувач гальм і деталей без залишку в аерозолі 500 ml.,material,Mineral oil,Material,Materiał,Матеріал,Mineral oil,Olej mineralny,Мінеральна олива,thread,None,Thread,Gwint,Різьба,None,Brak,Немає,unit_of_measure,Piece,Unit of measure,Jednostka miary,Одиниця виміру,Piece,Sztuka,Штука,brand,Pellumbra Standard,Brand,Marka,Бренд,Pellumbra Standard,Pellumbra Standard,Pellumbra Standard,,,
tools-abrasives,10,PLM-TLS-TORQ,Standard Taxes,Torque wrench 40-200 Nm,Klucz dynamometryczny 40-200 Nm,Динамометричний ключ 40-200 Nm,"<p>Click-type torque wrench with a 1/2 inch square drive and a reversible ratchet head. Calibrated with a test certificate and supplied in a moulded case.</p><ul><li>Range 40 to 200 Nm, accuracy +/- 4 percent</li><li>1/2 inch reversible ratchet drive</li><li>Supplied with calibration certificate and case</li></ul>","<p>Zatrzaskowy klucz dynamometryczny z napędem kwadratowym 1/2 cala i przestawną grzechotką. Kalibrowany, ze świadectwem badania, dostarczany w formowanej kasecie.</p><ul><li>Zakres od 40 do 200 Nm, dokładność +/- 4 procent</li><li>Przestawny napęd grzechotkowy 1/2 cala</li><li>Dostarczany ze świadectwem kalibracji i kasetą</li></ul>","<p>Клацаючий динамометричний ключ із квадратним приводом 1/2 дюйма та реверсивною тріскачкою. Калібрований, із протоколом перевірки, постачається у формованому кейсі.</p><ul><li>Діапазон від 40 до 200 Nm, точність +/- 4 відсотки</li><li>Реверсивний тріскачковий привід 1/2 дюйма</li><li>Постачається зі свідоцтвом про калібрування та кейсом</li></ul>",/en/torque-wrench-40-200-nm-plm-tls-torq,/pl/torque-wrench-40-200-nm-plm-tls-torq,/uk/torque-wrench-40-200-nm-plm-tls-torq,Torque wrench 40-200 Nm,Klucz dynamometryczny 40-200 Nm,Динамометричний ключ 40-200 Nm,torque wrench 40 200 nm calibrated,klucz dynamometryczny 40 200 nm kalibrowany,динамометричний ключ 40 200 nm калібрований,Calibrated click torque wrench 40-200 Nm with 1/2 inch drive.,Kalibrowany zatrzaskowy klucz dynamometryczny 40-200 Nm z napędem 1/2 cala.,Калібрований клацаючий динамометричний ключ 40-200 Nm із приводом 1/2 дюйма.,material,Chrome-vanadium steel,Material,Materiał,Матеріал,Chrome-vanadium steel,Stal chromowo-wanadowa,Хром-ванадієва сталь,thread,None,Thread,Gwint,Різьба,None,Brak,Немає,unit_of_measure,Piece,Unit of measure,Jednostka miary,Одиниця виміру,Piece,Sztuka,Штука,brand,Vistula Tools,Brand,Marka,Бренд,Vistula Tools,Vistula Tools,Vistula Tools,,,
tools-abrasives,20,PLM-TLS-SOCK94,Standard Taxes,Socket set 94 pieces,Zestaw nasadek 94 elementy,Набір головок 94 елементи,"<p>Combined 1/4 inch and 1/2 inch socket set with ratchets, extensions and bit adapters in a blow-moulded case. Covers most fastener sizes found on plant and vehicles.</p><ul><li>94 pieces, 1/4 inch and 1/2 inch drives</li><li>Chrome-vanadium steel, satin finish</li><li>Blow-moulded case with sockets retained in place</li></ul>","<p>Łączony zestaw nasadek 1/4 cala i 1/2 cala z grzechotkami, przedłużkami i adapterami do bitów w kasecie formowanej wtryskowo. Obejmuje większość rozmiarów elementów złącznych spotykanych w maszynach i pojazdach.</p><ul><li>94 elementy, napędy 1/4 cala i 1/2 cala</li><li>Stal chromowo-wanadowa, wykończenie satynowe</li><li>Kaseta formowana z nasadkami trzymanymi na miejscu</li></ul>","<p>Комбінований набір головок 1/4 дюйма та 1/2 дюйма з тріскачками, подовжувачами й адаптерами для біт у формованому кейсі. Охоплює більшість розмірів кріпильних елементів на обладнанні та транспорті.</p><ul><li>94 елементи, приводи 1/4 дюйма та 1/2 дюйма</li><li>Хром-ванадієва сталь, сатинове покриття</li><li>Формований кейс із фіксацією головок на місці</li></ul>",/en/socket-set-94-pieces-plm-tls-sock94,/pl/socket-set-94-pieces-plm-tls-sock94,/uk/socket-set-94-pieces-plm-tls-sock94,Socket set 94 pieces,Zestaw nasadek 94 elementy,Набір головок 94 елементи,socket set 94 piece 1/2 inch,zestaw nasadek 94 elementy 1/2 cala,набір головок 94 елементи 1/2 дюйма,94-piece chrome-vanadium socket set with 1/4 and 1/2 inch drives.,94-elementowy zestaw nasadek ze stali chromowo-wanadowej z napędami 1/4 i 1/2 cala.,Набір головок із хром-ванадієвої сталі на 94 елементи з приводами 1/4 і 1/2 дюйма.,material,Chrome-vanadium steel,Material,Materiał,Матеріал,Chrome-vanadium steel,Stal chromowo-wanadowa,Хром-ванадієва сталь,thread,None,Thread,Gwint,Різьба,None,Brak,Немає,unit_of_measure,Set,Unit of measure,Jednostka miary,Одиниця виміру,Set,Zestaw,Набір,brand,Vistula Tools,Brand,Marka,Бренд,Vistula Tools,Vistula Tools,Vistula Tools,,,
tools-abrasives,30,PLM-ABR-FLAP125,Standard Taxes,Flap disc 125 mm P60 zirconia,Dysk lamelkowy 125 mm P60 cyrkonowy,Пелюстковий круг 125 mm P60 цирконієвий,"<p>Zirconia flap disc for angle grinders, for weld dressing and edge blending on steel and stainless steel. Cuts cooler and lasts longer than a bonded grinding wheel.</p><ul><li>125 mm diameter, 22.23 mm bore</li><li>Zirconia grain, P60</li><li>Maximum 12000 rpm, supplied in a pack of 10</li></ul>","<p>Cyrkonowy dysk lamelkowy do szlifierek kątowych, do obróbki spoin i wyrównywania krawędzi na stali i stali nierdzewnej. Pracuje w niższej temperaturze i wytrzymuje dłużej niż spoiwowa tarcza szlifierska.</p><ul><li>Średnica 125 mm, otwór 22,23 mm</li><li>Ziarno cyrkonowe, P60</li><li>Maksymalnie 12000 obr./min, dostarczany w opakowaniu 10 szt.</li></ul>","<p>Цирконієвий пелюстковий круг для кутових шліфмашин, для зачищення зварних швів і вирівнювання кромок на сталі та нержавіючій сталі. Ріже з меншим нагрівом і служить довше, ніж шліфувальний круг на зв'язці.</p><ul><li>Діаметр 125 mm, отвір 22,23 mm</li><li>Цирконієве зерно, P60</li><li>Максимум 12000 об/хв, постачається в упаковці 10 шт.</li></ul>",/en/flap-disc-125-mm-p60-zirconia-plm-abr-flap125,/pl/flap-disc-125-mm-p60-zirconia-plm-abr-flap125,/uk/flap-disc-125-mm-p60-zirconia-plm-abr-flap125,Flap disc 125 mm P60 zirconia,Dysk lamelkowy 125 mm P60 cyrkonowy,Пелюстковий круг 125 mm P60 цирконієвий,flap disc 125mm p60 zirconia,dysk lamelkowy 125mm p60 cyrkonowy,пелюстковий круг 125mm p60 цирконієвий,Zirconia flap disc 125 mm P60 for angle grinders in packs of 10.,Cyrkonowy dysk lamelkowy 125 mm P60 do szlifierek kątowych w opakowaniach po 10 szt.,Цирконієвий пелюстковий круг 125 mm P60 для кутових шліфмашин в упаковках по 10 шт.,material,Zirconia,Material,Materiał,Матеріал,Zirconia,Cyrkon,Цирконій,thread,None,Thread,Gwint,Різьба,None,Brak,Немає,unit_of_measure,Pack of 10,Unit of measure,Jednostka miary,Одиниця виміру,Pack of 10,Opakowanie 10 szt.,Упаковка 10 шт.,brand,Nordwerk,Brand,Marka,Бренд,Nordwerk,Nordwerk,Nordwerk,,,
tools-abrasives,40,PLM-TLS-IMPACT,Standard Taxes,Cordless impact wrench 18 V,Akumulatorowy klucz udarowy 18 V,Акумуляторний гайковерт 18 V,"<p>Brushless 18 V impact wrench with a 1/2 inch anvil, for wheel nuts, structural bolts and seized fasteners. Supplied with two batteries and a fast charger.</p><ul><li>Maximum breakaway torque 950 Nm</li><li>Brushless motor, three-speed control</li><li>Includes two 5.0 Ah batteries, charger and case</li></ul>","<p>Bezszczotkowy klucz udarowy 18 V z kowadełkiem 1/2 cala, do nakrętek koł, śrub konstrukcyjnych i zapieczonych elementów złącznych. Dostarczany z dwoma akumulatorami i szybką ładowarką.</p><ul><li>Maksymalny moment zrywający 950 Nm</li><li>Silnik bezszczotkowy, trzybiegowa regulacja</li><li>Zawiera dwa akumulatory 5,0 Ah, ładowarkę i kasetę</li></ul>","<p>Безщітковий гайковерт 18 V із наковальнею 1/2 дюйма, для колісних гайок, конструкційних болтів і закислих кріпильних елементів. Постачається з двома акумуляторами та швидким зарядним пристроєм.</p><ul><li>Максимальний зривний момент 950 Nm</li><li>Безщітковий двигун, тришвидкісне керування</li><li>Комплектується двома акумуляторами 5,0 Ah, зарядним пристроєм і кейсом</li></ul>",/en/cordless-impact-wrench-18-v-plm-tls-impact,/pl/cordless-impact-wrench-18-v-plm-tls-impact,/uk/cordless-impact-wrench-18-v-plm-tls-impact,Cordless impact wrench 18 V,Akumulatorowy klucz udarowy 18 V,Акумуляторний гайковерт 18 V,cordless impact wrench 18v 950 nm,akumulatorowy klucz udarowy 18v 950 nm,акумуляторний гайковерт 18v 950 nm,Brushless 18 V cordless impact wrench with 950 Nm breakaway torque.,Bezszczotkowy akumulatorowy klucz udarowy 18 V z momentem zrywającym 950 Nm.,Безщітковий акумуляторний гайковерт 18 V із зривним моментом 950 Nm.,material,Steel,Material,Materiał,Матеріал,Steel,Stal,Сталь,thread,None,Thread,Gwint,Різьба,None,Brak,Немає,unit_of_measure,Set,Unit of measure,Jednostka miary,Одиниця виміру,Set,Zestaw,Набір,brand,Vistula Tools,Brand,Marka,Бренд,Vistula Tools,Vistula Tools,Vistula Tools,,,
workshop-consumables,10,PLM-WSC-WIPE,Standard Taxes,Industrial wiping roll 2-ply,Czyściwo przemysłowe w rolce 2-warstwowe,Промисловий протиральний рулон 2-шаровий,"<p>Two-ply industrial wiping roll for general workshop cleaning. Perforated sheets, absorbent enough for oil and coolant spills without shredding.</p><ul><li>Two-ply, 500 perforated sheets per roll</li><li>Blue, high wet strength</li><li>Fits standard floor and wall dispensers</li></ul>","<p>Dwuwarstwowe czyściwo przemysłowe w rolce do ogólnego czyszczenia w warsztacie. Perforowane listki, wystarczająco chłonne dla rozlanego oleju i chłodziwa, bez rozwłókniania.</p><ul><li>Dwuwarstwowe, 500 perforowanych listków w rolce</li><li>Niebieskie, wysoka wytrzymałość na mokro</li><li>Pasuje do standardowych podajników stojących i ściennych</li></ul>","<p>Двошаровий промисловий протиральний рулон для загального прибирання в майстерні. Перфоровані аркуші, достатньо вбирні для розлитої оливи та охолоджувальної рідини, не розшаровуються.</p><ul><li>Двошаровий, 500 перфорованих аркушів у рулоні</li><li>Синій, висока міцність у вологому стані</li><li>Підходить для стандартних підлогових і настінних диспенсерів</li></ul>",/en/industrial-wiping-roll-2-ply-plm-wsc-wipe,/pl/industrial-wiping-roll-2-ply-plm-wsc-wipe,/uk/industrial-wiping-roll-2-ply-plm-wsc-wipe,Industrial wiping roll 2-ply,Czyściwo przemysłowe w rolce 2-warstwowe,Промисловий протиральний рулон 2-шаровий,industrial wiping roll 2 ply blue,czyściwo przemysłowe w rolce 2 warstwowe niebieskie,промисловий протиральний рулон 2 шаровий синій,Two-ply blue industrial wiping roll with 500 perforated sheets.,Dwuwarstwowe niebieskie czyściwo przemysłowe w rolce z 500 perforowanymi listkami.,Двошаровий синій промисловий протиральний рулон із 500 перфорованими аркушами.,material,Cellulose,Material,Materiał,Матеріал,Cellulose,Celuloza,Целюлоза,thread,None,Thread,Gwint,Різьба,None,Brak,Немає,unit_of_measure,Roll,Unit of measure,Jednostka miary,Одиниця виміру,Roll,Rolka,Рулон,brand,Pellumbra Standard,Brand,Marka,Бренд,Pellumbra Standard,Pellumbra Standard,Pellumbra Standard,,,
workshop-consumables,20,PLM-WSC-GLOVE,Standard Taxes,Nitrile disposable gloves,Rękawice nitrylowe jednorazowe,Нітрилові одноразові рукавички,"<p>Powder-free nitrile disposable gloves with a textured fingertip grip. Latex-free, so suitable where latex allergies are a concern.</p><ul><li>Powder-free and latex-free</li><li>Textured fingertips for wet grip</li><li>Dispenser box of 100</li></ul>","<p>Bezpudrowe rękawice nitrylowe jednorazowe z teksturowanym chwytem na opuszkach. Bez lateksu, więc odpowiednie tam, gdzie problemem są alergie na lateks.</p><ul><li>Bez pudru i bez lateksu</li><li>Teksturowane opuszki dla chwytu na mokro</li><li>Pudełko dozujące 100 szt.</li></ul>","<p>Нітрилові одноразові рукавички без пудри з текстурованими подушечками пальців. Без латексу, тому підходять там, де є ризик алергії на латекс.</p><ul><li>Без пудри та без латексу</li><li>Текстуровані подушечки пальців для хвату у вологому стані</li><li>Коробка-дозатор на 100 шт.</li></ul>",/en/nitrile-disposable-gloves-plm-wsc-glove,/pl/nitrile-disposable-gloves-plm-wsc-glove,/uk/nitrile-disposable-gloves-plm-wsc-glove,Nitrile disposable gloves,Rękawice nitrylowe jednorazowe,Нітрилові одноразові рукавички,nitrile gloves powder free box 100,rękawice nitrylowe bezpudrowe pudełko 100,нітрилові рукавички без пудри коробка 100,Powder-free nitrile disposable gloves in a dispenser box of 100.,Bezpudrowe rękawice nitrylowe jednorazowe w pudełku dozującym 100 szt.,Нітрилові одноразові рукавички без пудри в коробці-дозаторі на 100 шт.,material,Nitrile,Material,Materiał,Матеріал,Nitrile,Nitryl,Нітрил,thread,None,Thread,Gwint,Різьба,None,Brak,Немає,unit_of_measure,Box,Unit of measure,Jednostka miary,Одиниця виміру,Box,Karton,Коробка,brand,Pellumbra Standard,Brand,Marka,Бренд,Pellumbra Standard,Pellumbra Standard,Pellumbra Standard,,,
