abstract_sku,concrete_sku,name.en_US,name.pl_PL,name.uk_UA,description.en_US,description.pl_PL,description.uk_UA,is_searchable.en_US,is_searchable.pl_PL,is_searchable.uk_UA,bundled,is_quantity_splittable,attribute_key_1,value_1,attribute_key_1.en_US,attribute_key_1.pl_PL,attribute_key_1.uk_UA,value_1.en_US,value_1.pl_PL,value_1.uk_UA,is_active
PLM-BRG-6204,PLM-BRG-6204-01,Deep groove ball bearing 6204-2RS,Łożysko kulkowe zwykłe 6204-2RS,Радіальний шариковий підшипник 6204-2RS,Sealed 6204-2RS deep groove ball bearing with a 20 mm bore.,Uszczelnione łożysko kulkowe zwykłe 6204-2RS o średnicy wewnętrznej 20 mm.,Закритий радіальний шариковий підшипник 6204-2RS із внутрішнім діаметром 20 mm.,1,1,1,,1,size,20x47x14 mm,size,size,size,20x47x14 mm,20x47x14 mm,20x47x14 mm,1
PLM-BRG-6308,PLM-BRG-6308-01,Deep groove ball bearing 6308-2RS,Łożysko kulkowe zwykłe 6308-2RS,Радіальний шариковий підшипник 6308-2RS,Sealed 6308-2RS deep groove ball bearing with a 40 mm bore.,Uszczelnione łożysko kulkowe zwykłe 6308-2RS o średnicy wewnętrznej 40 mm.,Закритий радіальний шариковий підшипник 6308-2RS із внутрішнім діаметром 40 mm.,1,1,1,,1,size,40x90x23 mm,size,size,size,40x90x23 mm,40x90x23 mm,40x90x23 mm,1
PLM-BRG-TAP32,PLM-BRG-TAP32-01,Tapered roller bearing 32210,Łożysko stożkowe 32210,Конічний роликовий підшипник 32210,Single-row tapered roller bearing 32210 with a 50 mm bore.,Jednorzędowe łożysko stożkowe 32210 o średnicy wewnętrznej 50 mm.,Однорядний конічний роликовий підшипник 32210 із внутрішнім діаметром 50 mm.,1,1,1,,1,size,50x90x24.75 mm,size,size,size,50x90x24.75 mm,50x90x24.75 mm,50x90x24.75 mm,1
PLM-GBX-NMRV63,PLM-GBX-NMRV63-01,Worm gearbox NMRV63 ratio 20:1,Przekładnia ślimakowa NMRV63 przełożenie 20:1,Червячний редуктор NMRV63 передатне число 20:1,Aluminium worm gear reducer NMRV63 with a 20:1 reduction ratio.,Aluminiowa przekładnia ślimakowa NMRV63 z przełożeniem 20:1.,Алюмінієвий червячний редуктор NMRV63 із передатним числом 20:1.,1,1,1,,1,size,Centre height 63 mm,size,size,size,Centre height 63 mm,Wysokość osi 63 mm,Висота осі 63 mm,1
PLM-FST-HEXM8,PLM-FST-HEXM8-030,Hex bolt DIN 933 M8x30 zinc-plated,Śruba z łbem sześciokątnym DIN 933 M8x30 galwanizowana,Болт із шестигранною головкою DIN 933 M8x30 оцинкований,Zinc-plated DIN 933 hex bolt M8x30 class 8.8 in a pack of 100.,Galwanizowana śruba z łbem sześciokątnym DIN 933 M8x30 klasy 8.8 w opakowaniu 100 szt.,Оцинкований болт із шестигранною головкою DIN 933 M8x30 класу 8.8 в упаковці 100 шт.,1,1,1,,1,size,M8x30 mm,size,size,size,M8x30 mm,M8x30 mm,M8x30 mm,1
PLM-FST-HEXM8,PLM-FST-HEXM8-040,Hex bolt DIN 933 M8x40 zinc-plated,Śruba z łbem sześciokątnym DIN 933 M8x40 galwanizowana,Болт із шестигранною головкою DIN 933 M8x40 оцинкований,Zinc-plated DIN 933 hex bolt M8x40 class 8.8 in a pack of 100.,Galwanizowana śruba z łbem sześciokątnym DIN 933 M8x40 klasy 8.8 w opakowaniu 100 szt.,Оцинкований болт із шестигранною головкою DIN 933 M8x40 класу 8.8 в упаковці 100 шт.,1,1,1,,1,size,M8x40 mm,size,size,size,M8x40 mm,M8x40 mm,M8x40 mm,1
PLM-FST-HEXM8,PLM-FST-HEXM8-050,Hex bolt DIN 933 M8x50 zinc-plated,Śruba z łbem sześciokątnym DIN 933 M8x50 galwanizowana,Болт із шестигранною головкою DIN 933 M8x50 оцинкований,Zinc-plated DIN 933 hex bolt M8x50 class 8.8 in a pack of 100.,Galwanizowana śruba z łbem sześciokątnym DIN 933 M8x50 klasy 8.8 w opakowaniu 100 szt.,Оцинкований болт із шестигранною головкою DIN 933 M8x50 класу 8.8 в упаковці 100 шт.,1,1,1,,1,size,M8x50 mm,size,size,size,M8x50 mm,M8x50 mm,M8x50 mm,1
PLM-FST-HEXM12,PLM-FST-HEXM12-040,Hex bolt DIN 933 M12x40 stainless A2,Śruba z łbem sześciokątnym DIN 933 M12x40 nierdzewna A2,Болт із шестигранною головкою DIN 933 M12x40 нержавіючий A2,A2 stainless DIN 933 hex bolt M12x40 in a pack of 50.,Nierdzewna śruba z łbem sześciokątnym DIN 933 M12x40 A2 w opakowaniu 50 szt.,Нержавіючий болт із шестигранною головкою DIN 933 M12x40 A2 в упаковці 50 шт.,1,1,1,,1,size,M12x40 mm,size,size,size,M12x40 mm,M12x40 mm,M12x40 mm,1
PLM-FST-HEXM12,PLM-FST-HEXM12-060,Hex bolt DIN 933 M12x60 stainless A2,Śruba z łbem sześciokątnym DIN 933 M12x60 nierdzewna A2,Болт із шестигранною головкою DIN 933 M12x60 нержавіючий A2,A2 stainless DIN 933 hex bolt M12x60 in a pack of 50.,Nierdzewna śruba z łbem sześciokątnym DIN 933 M12x60 A2 w opakowaniu 50 szt.,Нержавіючий болт із шестигранною головкою DIN 933 M12x60 A2 в упаковці 50 шт.,1,1,1,,1,size,M12x60 mm,size,size,size,M12x60 mm,M12x60 mm,M12x60 mm,1
PLM-FST-HEXM12,PLM-FST-HEXM12-080,Hex bolt DIN 933 M12x80 stainless A2,Śruba z łbem sześciokątnym DIN 933 M12x80 nierdzewna A2,Болт із шестигранною головкою DIN 933 M12x80 нержавіючий A2,A2 stainless DIN 933 hex bolt M12x80 in a pack of 50.,Nierdzewna śruba z łbem sześciokątnym DIN 933 M12x80 A2 w opakowaniu 50 szt.,Нержавіючий болт із шестигранною головкою DIN 933 M12x80 A2 в упаковці 50 шт.,1,1,1,,1,size,M12x80 mm,size,size,size,M12x80 mm,M12x80 mm,M12x80 mm,1
PLM-FST-NUTM10,PLM-FST-NUTM10-01,Hex nut DIN 934 M10 stainless A4,Nakrętka sześciokątna DIN 934 M10 nierdzewna A4,Гайка шестигранна DIN 934 M10 нержавіюча A4,A4 marine-grade stainless DIN 934 hex nut M10 in a pack of 100.,Nakrętka sześciokątna DIN 934 M10 ze stali nierdzewnej A4 klasy morskiej w opakowaniu 100 szt.,Гайка шестигранна DIN 934 M10 з нержавіючої сталі A4 морського класу в упаковці 100 шт.,1,1,1,,1,size,M10,size,size,size,M10,M10,M10,1
PLM-FST-ANCHM10,PLM-FST-ANCHM10-090,Through-bolt anchor M10x90,Kotwa przelotowa M10x90,Наскрізний анкерний болт M10x90,Zinc-plated M10x90 through-bolt concrete anchor in a pack of 10.,Galwanizowana kotwa przelotowa do betonu M10x90 w opakowaniu 10 szt.,Оцинкований наскрізний анкерний болт для бетону M10x90 в упаковці 10 шт.,1,1,1,,1,size,M10x90 mm,size,size,size,M10x90 mm,M10x90 mm,M10x90 mm,1
PLM-FST-ANCHM10,PLM-FST-ANCHM10-115,Through-bolt anchor M10x115,Kotwa przelotowa M10x115,Наскрізний анкерний болт M10x115,Zinc-plated M10x115 through-bolt concrete anchor in a pack of 10.,Galwanizowana kotwa przelotowa do betonu M10x115 w opakowaniu 10 szt.,Оцинкований наскрізний анкерний болт для бетону M10x115 в упаковці 10 шт.,1,1,1,,1,size,M10x115 mm,size,size,size,M10x115 mm,M10x115 mm,M10x115 mm,1
PLM-SEA-ORING,PLM-SEA-ORING-01,O-ring assortment NBR 70 metric,Zestaw oringów NBR 70 metryczny,Набір гумових кілець NBR 70 метричний,Sorted metric NBR 70 O-ring assortment in a compartmented case.,Posortowany zestaw oringów metrycznych NBR 70 w kasecie z przegrodami.,Сортований набір метричних гумових кілець NBR 70 у кейсі з відділеннями.,1,1,1,,1,size,Assorted metric,size,size,size,Assorted metric,Zestaw metryczny,Метричний набір,1
PLM-SEA-SHAFT35,PLM-SEA-SHAFT35-355510,Rotary shaft seal 35x55x10 NBR,Pierścień uszczelniający wału 35x55x10 NBR,Манжета вала 35x55x10 NBR,NBR spring-loaded rotary shaft seal for a 35 mm shaft.,Pierścień uszczelniający wału NBR ze sprężyną do wału 35 mm.,Манжета вала NBR із пружиною для вала 35 mm.,1,1,1,,1,size,35x55x10 mm,size,size,size,35x55x10 mm,35x55x10 mm,35x55x10 mm,1
PLM-SEA-SHAFT35,PLM-SEA-SHAFT35-406010,Rotary shaft seal 40x60x10 NBR,Pierścień uszczelniający wału 40x60x10 NBR,Манжета вала 40x60x10 NBR,NBR spring-loaded rotary shaft seal for a 40 mm shaft.,Pierścień uszczelniający wału NBR ze sprężyną do wału 40 mm.,Манжета вала NBR із пружиною для вала 40 mm.,1,1,1,,1,size,40x60x10 mm,size,size,size,40x60x10 mm,40x60x10 mm,40x60x10 mm,1
PLM-SEA-SHAFT35,PLM-SEA-SHAFT35-456510,Rotary shaft seal 45x65x10 NBR,Pierścień uszczelniający wału 45x65x10 NBR,Манжета вала 45x65x10 NBR,NBR spring-loaded rotary shaft seal for a 45 mm shaft.,Pierścień uszczelniający wału NBR ze sprężyną do wału 45 mm.,Манжета вала NBR із пружиною для вала 45 mm.,1,1,1,,1,size,45x65x10 mm,size,size,size,45x65x10 mm,45x65x10 mm,45x65x10 mm,1
PLM-HYD-CYL63,PLM-HYD-CYL63-200,Hydraulic cylinder 63/35x200,Siłownik hydrauliczny 63/35x200,Гідроцилінд 63/35x200,Double-acting hydraulic cylinder 63/35 with a 200 mm stroke.,Siłownik hydrauliczny dwustronnego działania 63/35 ze skokiem 200 mm.,Гідроцилінд двосторонньої дії 63/35 із ходом 200 mm.,1,1,1,,1,size,200 mm stroke,size,size,size,200 mm stroke,Skok 200 mm,Хід 200 mm,1
PLM-HYD-CYL63,PLM-HYD-CYL63-300,Hydraulic cylinder 63/35x300,Siłownik hydrauliczny 63/35x300,Гідроцилінд 63/35x300,Double-acting hydraulic cylinder 63/35 with a 300 mm stroke.,Siłownik hydrauliczny dwustronnego działania 63/35 ze skokiem 300 mm.,Гідроцилінд двосторонньої дії 63/35 із ходом 300 mm.,1,1,1,,1,size,300 mm stroke,size,size,size,300 mm stroke,Skok 300 mm,Хід 300 mm,1
PLM-HYD-CYL63,PLM-HYD-CYL63-400,Hydraulic cylinder 63/35x400,Siłownik hydrauliczny 63/35x400,Гідроцилінд 63/35x400,Double-acting hydraulic cylinder 63/35 with a 400 mm stroke.,Siłownik hydrauliczny dwustronnego działania 63/35 ze skokiem 400 mm.,Гідроцилінд двосторонньої дії 63/35 із ходом 400 mm.,1,1,1,,1,size,400 mm stroke,size,size,size,400 mm stroke,Skok 400 mm,Хід 400 mm,1
PLM-LUB-EP2,PLM-LUB-EP2-01,Lithium EP2 grease 400 g cartridge,Smar litowy EP2 kartusz 400 g,Літієве мастило EP2 картридж 400 g,Lithium EP2 multipurpose grease NLGI 2 in a 400 g cartridge.,Litowy smar wielofunkcyjny EP2 NLGI 2 w kartuszu 400 g.,Літієве універсальне мастило EP2 NLGI 2 у картриджі 400 g.,1,1,1,,1,size,400 g,size,size,size,400 g,400 g,400 g,1
PLM-LUB-HLP46,PLM-LUB-HLP46-005,Hydraulic oil HLP 46 5 litre,Olej hydrauliczny HLP 46 5 litrów,Гідравлічна олива HLP 46 5 літрів,Mineral hydraulic oil HLP ISO VG 46 in a 5 litre canister.,Mineralny olej hydrauliczny HLP ISO VG 46 w kanistrze 5 litrów.,Мінеральна гідравлічна олива HLP ISO VG 46 у каністрі 5 літрів.,1,1,1,,1,size,5 litre,size,size,size,5 litre,5 litrów,5 літрів,1
PLM-LUB-HLP46,PLM-LUB-HLP46-020,Hydraulic oil HLP 46 20 litre,Olej hydrauliczny HLP 46 20 litrów,Гідравлічна олива HLP 46 20 літрів,Mineral hydraulic oil HLP ISO VG 46 in a 20 litre canister.,Mineralny olej hydrauliczny HLP ISO VG 46 w kanistrze 20 litrów.,Мінеральна гідравлічна олива HLP ISO VG 46 у каністрі 20 літрів.,1,1,1,,1,size,20 litre,size,size,size,20 litre,20 litrów,20 літрів,1
PLM-LUB-HLP46,PLM-LUB-HLP46-208,Hydraulic oil HLP 46 208 litre,Olej hydrauliczny HLP 46 208 litrów,Гідравлічна олива HLP 46 208 літрів,Mineral hydraulic oil HLP ISO VG 46 in a 208 litre drum.,Mineralny olej hydrauliczny HLP ISO VG 46 w beczce 208 litrów.,Мінеральна гідравлічна олива HLP ISO VG 46 у бочці 208 літрів.,1,1,1,,1,size,208 litre,size,size,size,208 litre,208 litrów,208 літрів,1
PLM-CHM-BRAKE,PLM-CHM-BRAKE-01,Brake and parts cleaner 500 ml,Zmywacz do hamulców i części 500 ml,Очищувач гальм і деталей 500 ml,Residue-free brake and parts cleaner in a 500 ml aerosol.,Niepozostawiający osadu zmywacz do hamulców i części w aerozolu 500 ml.,Очищувач гальм і деталей без залишку в аерозолі 500 ml.,1,1,1,,1,size,500 ml,size,size,size,500 ml,500 ml,500 ml,1
PLM-TLS-TORQ,PLM-TLS-TORQ-01,Torque wrench 40-200 Nm 1/2 inch,Klucz dynamometryczny 40-200 Nm 1/2 cala,Динамометричний ключ 40-200 Nm 1/2 дюйма,Calibrated click torque wrench 40-200 Nm with a 1/2 inch drive.,Kalibrowany zatrzaskowy klucz dynamometryczny 40-200 Nm z napędem 1/2 cala.,Калібрований клацаючий динамометричний ключ 40-200 Nm із приводом 1/2 дюйма.,1,1,1,,1,size,1/2 inch drive,size,size,size,1/2 inch drive,Napęd 1/2 cala,Привід 1/2 дюйма,1
PLM-TLS-SOCK94,PLM-TLS-SOCK94-01,Socket set 94 pieces,Zestaw nasadek 94 elementy,Набір головок 94 елементи,94-piece chrome-vanadium socket set with 1/4 and 1/2 inch drives.,94-elementowy zestaw nasadek ze stali chromowo-wanadowej z napędami 1/4 i 1/2 cala.,Набір головок із хром-ванадієвої сталі на 94 елементи з приводами 1/4 і 1/2 дюйма.,1,1,1,,1,size,94 pieces,size,size,size,94 pieces,94 elementy,94 елементи,1
PLM-ABR-FLAP125,PLM-ABR-FLAP125-01,Flap disc 125 mm P60 zirconia,Dysk lamelkowy 125 mm P60 cyrkonowy,Пелюстковий круг 125 mm P60 цирконієвий,Zirconia flap disc 125 mm P60 for angle grinders in a pack of 10.,Cyrkonowy dysk lamelkowy 125 mm P60 do szlifierek kątowych w opakowaniu 10 szt.,Цирконієвий пелюстковий круг 125 mm P60 для кутових шліфмашин в упаковці 10 шт.,1,1,1,,1,size,125 mm,size,size,size,125 mm,125 mm,125 mm,1
PLM-TLS-IMPACT,PLM-TLS-IMPACT-01,Cordless impact wrench 18 V,Akumulatorowy klucz udarowy 18 V,Акумуляторний гайковерт 18 V,Brushless 18 V cordless impact wrench with 950 Nm breakaway torque.,Bezszczotkowy akumulatorowy klucz udarowy 18 V z momentem zrywającym 950 Nm.,Безщітковий акумуляторний гайковерт 18 V із зривним моментом 950 Nm.,1,1,1,,1,size,1/2 inch anvil,size,size,size,1/2 inch anvil,Kowadełko 1/2 cala,Наковальня 1/2 дюйма,1
PLM-WSC-WIPE,PLM-WSC-WIPE-01,Industrial wiping roll 2-ply 500 sheets,Czyściwo przemysłowe w rolce 2-warstwowe 500 listków,Промисловий протиральний рулон 2-шаровий 500 аркушів,Two-ply blue industrial wiping roll with 500 perforated sheets.,Dwuwarstwowe niebieskie czyściwo przemysłowe w rolce z 500 perforowanymi listkami.,Двошаровий синій промисловий протиральний рулон із 500 перфорованими аркушами.,1,1,1,,1,size,500 sheets,size,size,size,500 sheets,500 listków,500 аркушів,1
PLM-WSC-GLOVE,PLM-WSC-GLOVE-M,Nitrile disposable gloves size M,Rękawice nitrylowe jednorazowe rozmiar M,Нітрилові одноразові рукавички розмір M,Powder-free nitrile disposable gloves size M in a box of 100.,Bezpudrowe rękawice nitrylowe jednorazowe rozmiar M w pudełku 100 szt.,Нітрилові одноразові рукавички без пудри розмір M у коробці 100 шт.,1,1,1,,1,size,M,size,size,size,M,M,M,1
PLM-WSC-GLOVE,PLM-WSC-GLOVE-L,Nitrile disposable gloves size L,Rękawice nitrylowe jednorazowe rozmiar L,Нітрилові одноразові рукавички розмір L,Powder-free nitrile disposable gloves size L in a box of 100.,Bezpudrowe rękawice nitrylowe jednorazowe rozmiar L w pudełku 100 szt.,Нітрилові одноразові рукавички без пудри розмір L у коробці 100 шт.,1,1,1,,1,size,L,size,size,size,L,L,L,1
PLM-WSC-GLOVE,PLM-WSC-GLOVE-XL,Nitrile disposable gloves size XL,Rękawice nitrylowe jednorazowe rozmiar XL,Нітрилові одноразові рукавички розмір XL,Powder-free nitrile disposable gloves size XL in a box of 100.,Bezpudrowe rękawice nitrylowe jednorazowe rozmiar XL w pudełku 100 szt.,Нітрилові одноразові рукавички без пудри розмір XL у коробці 100 шт.,1,1,1,,1,size,XL,size,size,size,XL,XL,XL,1
