key,name,customer_reference,store,is_default,quote_data
quote-1,My Cart,DE--1,DE,1,"{""currency"":{""code"":""EUR"",""name"":""Euro"",""symbol"":""\u20ac"",""isDefault"":true,""fractionDigits"":2},""priceMode"":""GROSS_MODE""}"
quote-2,My Cart,DE--2,DE,1,"{""currency"":{""code"":""EUR"",""name"":""Euro"",""symbol"":""\u20ac"",""isDefault"":true,""fractionDigits"":2},""priceMode"":""GROSS_MODE""}"
quote-3,My Cart,DE--3,DE,1,"{""currency"":{""code"":""EUR"",""name"":""Euro"",""symbol"":""\u20ac"",""isDefault"":true,""fractionDigits"":2},""priceMode"":""GROSS_MODE""}"
quote-4,My Cart,DE--4,DE,1,"{""currency"":{""code"":""EUR"",""name"":""Euro"",""symbol"":""\u20ac"",""isDefault"":true,""fractionDigits"":2},""priceMode"":""GROSS_MODE""}"
quote-5,My Cart,DE--5,DE,1,"{""currency"":{""code"":""EUR"",""name"":""Euro"",""symbol"":""\u20ac"",""isDefault"":true,""fractionDigits"":2},""priceMode"":""GROSS_MODE""}"
quote-6,My Cart,DE--6,DE,1,"{""currency"":{""code"":""EUR"",""name"":""Euro"",""symbol"":""\u20ac"",""isDefault"":true,""fractionDigits"":2},""priceMode"":""GROSS_MODE""}"
quote-7,My Cart,DE--7,DE,1,"{""currency"":{""code"":""EUR"",""name"":""Euro"",""symbol"":""\u20ac"",""isDefault"":true,""fractionDigits"":2},""priceMode"":""GROSS_MODE""}"
quote-8,My Cart,DE--8,DE,1,"{""currency"":{""code"":""EUR"",""name"":""Euro"",""symbol"":""\u20ac"",""isDefault"":true,""fractionDigits"":2},""priceMode"":""GROSS_MODE""}"
quote-9,My Cart,DE--9,DE,1,"{""currency"":{""code"":""EUR"",""name"":""Euro"",""symbol"":""\u20ac"",""isDefault"":true,""fractionDigits"":2},""priceMode"":""GROSS_MODE""}"
quote-10,My Cart,DE--10,DE,1,"{""currency"":{""code"":""EUR"",""name"":""Euro"",""symbol"":""\u20ac"",""isDefault"":true,""fractionDigits"":2},""priceMode"":""GROSS_MODE""}"
quote-11,My Cart,DE--11,DE,1,"{""currency"":{""code"":""EUR"",""name"":""Euro"",""symbol"":""\u20ac"",""isDefault"":true,""fractionDigits"":2},""priceMode"":""GROSS_MODE""}"
quote-12,My Cart,DE--12,DE,1,"{""currency"":{""code"":""EUR"",""name"":""Euro"",""symbol"":""\u20ac"",""isDefault"":true,""fractionDigits"":2},""priceMode"":""GROSS_MODE""}"
quote-13,My Cart,DE--13,DE,1,"{""currency"":{""code"":""EUR"",""name"":""Euro"",""symbol"":""\u20ac"",""isDefault"":true,""fractionDigits"":2},""priceMode"":""GROSS_MODE""}"
quote-14,My Cart,DE--14,DE,1,"{""currency"":{""code"":""EUR"",""name"":""Euro"",""symbol"":""\u20ac"",""isDefault"":true,""fractionDigits"":2},""priceMode"":""GROSS_MODE""}"
quote-15,My Cart,DE--15,DE,1,"{""currency"":{""code"":""EUR"",""name"":""Euro"",""symbol"":""\u20ac"",""isDefault"":true,""fractionDigits"":2},""priceMode"":""GROSS_MODE""}"
quote-16,My Cart,DE--16,DE,1,"{""currency"":{""code"":""EUR"",""name"":""Euro"",""symbol"":""\u20ac"",""isDefault"":true,""fractionDigits"":2},""priceMode"":""GROSS_MODE""}"
quote-17,My Cart,DE--17,DE,1,"{""currency"":{""code"":""EUR"",""name"":""Euro"",""symbol"":""\u20ac"",""isDefault"":true,""fractionDigits"":2},""priceMode"":""GROSS_MODE""}"
quote-18,My Cart,DE--18,DE,1,"{""currency"":{""code"":""EUR"",""name"":""Euro"",""symbol"":""\u20ac"",""isDefault"":true,""fractionDigits"":2},""priceMode"":""GROSS_MODE""}"
quote-19,My Cart,DE--19,DE,1,"{""currency"":{""code"":""EUR"",""name"":""Euro"",""symbol"":""\u20ac"",""isDefault"":true,""fractionDigits"":2},""priceMode"":""GROSS_MODE""}"
quote-20,My Cart,DE--20,DE,1,"{""currency"":{""code"":""EUR"",""name"":""Euro"",""symbol"":""\u20ac"",""isDefault"":true,""fractionDigits"":2},""priceMode"":""GROSS_MODE""}"
quote-21,My Cart,DE--21,DE,1,"{""currency"":{""code"":""EUR"",""name"":""Euro"",""symbol"":""\u20ac"",""isDefault"":true,""fractionDigits"":2},""priceMode"":""GROSS_MODE""}"
quote-24,Hannover Messe event,DE--21,DE,0,"{""items"":[{""url"":""/en/valve-packing-gasket-kit"",""sku"":""SPK-VLV-PACK-001"",""name"":""Valve Packing and Gasket Kit"",""quantity"":""1"",""unitPrice"":9500,""idSalesOrderItem"":null,""sumPriceToPayAggregation"":8550,""sumDiscountAmountFullAggregation"":950,""canceledAmount"":0,""unitTaxAmountFullAggregation"":1365,""unitTaxAmount"":1365,""sumTaxAmountFullAggregation"":1365,""sumTaxAmount"":1365,""sumSubtotalAggregation"":9500,""unitPriceToPayAggregation"":8550,""unitSubtotalAggregation"":9500,""unitDiscountAmountAggregation"":950,""unitNetPrice"":0,""unitDiscountAmountFullAggregation"":950,""taxRateAverageAggregation"":19,""taxAmountAfterCancellation"":null,""sumPrice"":9500,""idProductAbstract"":443,""id"":490,""refundableAmount"":8550,""fkOmsOrderItemState"":null,""fkSalesOrder"":null,""productOfferReference"":null,""isMerchantCheckSkipped"":null,""uuid"":null,""isCancellable"":null,""relatedBundleItemIdentifier"":null,""bundleItemIdentifier"":null,""process"":null,""groupKey"":""SPK-VLV-PACK-001_4e732ced3463d06de0ca9a15b6153677"",""isSingleAddressPerShipmentType"":null,""orderItemReference"":null,""isReschedulable"":null,""abstractSku"":""SPK-VLV-PACK"",""groupKeyPrefix"":null,""normalizableFields"":[],""maxQuantity"":null,""taxRate"":19,""sumGrossPrice"":9500,""unitGrossPrice"":9500,""variety"":null,""isOrdered"":null,""merchantReference"":null,""merchantOrderReference"":null,""stockQuantity"":20,""sourceUnitGrossPrice"":null,""sourceUnitNetPrice"":null,""isReturnable"":null,""remunerationAmount"":null,""createdAt"":null,""orderReference"":null,""currencyIsoCode"":null,""isNeverOutOfStock"":false,""sumNetPrice"":0,""unitProductOptionPriceAggregation"":0,""sumProductOptionPriceAggregation"":0,""unitExpensePriceAggregation"":null,""sumExpensePriceAggregation"":null,""sumDiscountAmountAggregation"":950,""cartNote"":null,""idDiscountPromotion"":null,""merchantCommissionAmountFullAggregation"":null,""merchantCommissionRefundedAmount"":null,""forcedUnitGrossPrice"":null,""originUnitGrossPrice"":9500,""originUnitNetPrice"":0,""concreteAttributes"":[],""merchantSku"":null,""idOrderItem"":null,""merchantCommissionAmountAggregation"":null,""originalSalesOrderItemGroupKey"":null,""isQuantitySplittable"":true,""taxMetadata"":null,""shipment"":null,""merchantProfileAddress"":null,""state"":null,""metadata"":null,""shipmentType"":{""idShipmentType"":1,""name"":""Delivery"",""uuid"":""174d9dc0-55ae-5c4b-a2f2-a419027029ef"",""key"":""delivery"",""isActive"":true,""serviceType"":null,""storeRelation"":null},""servicePoint"":null,""sspAsset"":null,""configuredBundleItem"":null,""giftCardMetadata"":null,""configuredBundle"":null,""productConfigurationInstance"":null,""salesOrderItemConfiguration"":null,""quantitySalesUnit"":null,""amountSalesUnit"":null,""productConcrete"":null,""salesOrderConfiguredBundleItem"":null,""salesOrderConfiguredBundle"":null,""productBundle"":null,""salesOrderItemServicePoint"":null,""priceProduct"":{""idPriceProduct"":1018,""skuProduct"":""SPK-VLV-PACK-001"",""isActive"":null,""skuProductAbstract"":null,""priceNameType"":null,""groupKey"":""EUR-DEFAULT-1-BOTH-PRICE_DIMENSION_DEFAULT"",""isMergeable"":true,""concreteSku"":null,""volumeQuantity"":null,""idProductAbstract"":443,""idProduct"":null,""fkPriceType"":1,""priceTypeName"":""DEFAULT"",""priceDimension"":{""name"":""Default"",""type"":""PRICE_DIMENSION_DEFAULT"",""productOfferReference"":null,""idMerchantRelationship"":null,""isMerchantActive"":null,""idPriceProductOffer"":null,""idProductOffer"":null,""idPriceProductDefault"":2035,""productConfigurationInstanceHash"":null},""moneyValue"":{""netAmount"":0,""grossAmount"":9500,""priceDataChecksum"":""d7e3f903"",""priceDataByPriceType"":[],""fkStore"":1,""idEntity"":""2035"",""fkCurrency"":93,""currency"":{""code"":""EUR"",""symbol"":""\u20ac"",""name"":""Euro"",""fractionDigits"":2,""idCurrency"":93,""isDefault"":null},""store"":{""name"":""DE"",""availableLocaleIsoCodes"":{""en"":""en_US"",""de"":""de_DE""},""idStore"":1,""storeReference"":null,""countries"":[""DE"",""CH"",""GB"",""US""],""availableCurrencyIsoCodes"":[""EUR"",""CHF""],""timezone"":""Europe/Berlin"",""defaultLocaleIsoCode"":""en_US"",""storesWithSharedPersistence"":[],""defaultCurrencyIsoCode"":""EUR"",""countryNames"":[""Germany"",""Switzerland"",""United Kingdom"",""United States""],""selectedCurrencyIsoCode"":null,""queuePools"":[],""applicationContextCollection"":{""applicationContexts"":[{""application"":null,""timezone"":""Europe/Berlin""}]}}},""priceType"":{""name"":""DEFAULT"",""priceModeConfiguration"":""BOTH"",""idPriceType"":1,""idPrice"":null}},""amountLeadProduct"":null,""productPackagingUnit"":null,""warehouse"":null,""merchantStockAddresses"":[],""productClasses"":[{""idProductClass"":3,""name"":""Spare parts"",""key"":""spare-parts"",""sku"":""SPK-VLV-PACK-001"",""idProductConcrete"":490,""idProductAbstract"":443}],""productOptions"":[],""calculatedDiscounts"":[{""unitAmount"":950,""sumAmount"":950,""unitGrossAmount"":null,""sumGrossAmount"":null,""quantity"":1,""idDiscount"":1,""voucherCode"":null,""fkSalesOrderItem"":null,""displayName"":""10% off minimum order"",""description"":""Get a 10% discount on all orders above a certain value depending on currency and gross/net price mode"",""priority"":5000}],""stateHistory"":[],""returnPolicyMessages"":[],""messages"":[],""images"":[{""externalUrlLarge"":""https://d2s0ynfc62ej12.cloudfront.net/image/SPK-VLV-PACK.jpg"",""externalUrlSmall"":""https://d2s0ynfc62ej12.cloudfront.net/image/SPK-VLV-PACK.jpg?$normal$"",""sortOrder"":null,""idProductImage"":6630,""idProductImageSetToProductImage"":null,""altTextSmall"":""product_image.6630.alt_text_small"",""altTextLarge"":""product_image.6630.alt_text_large"",""translations"":[]}],""amount"":null},{""url"":""/en/ignitionelectrodewithcable"",""sku"":""IE-1103-3"",""name"":""Ignition Electrode with Cable (1.0 m)"",""quantity"":""1"",""unitPrice"":24000,""idSalesOrderItem"":null,""sumPriceToPayAggregation"":21600,""sumDiscountAmountFullAggregation"":2400,""canceledAmount"":0,""unitTaxAmountFullAggregation"":3449,""unitTaxAmount"":3449,""sumTaxAmountFullAggregation"":3449,""sumTaxAmount"":3449,""sumSubtotalAggregation"":24000,""unitPriceToPayAggregation"":21600,""unitSubtotalAggregation"":24000,""unitDiscountAmountAggregation"":2400,""unitNetPrice"":0,""unitDiscountAmountFullAggregation"":2400,""taxRateAverageAggregation"":19,""taxAmountAfterCancellation"":null,""sumPrice"":24000,""idProductAbstract"":423,""id"":446,""refundableAmount"":21600,""fkOmsOrderItemState"":null,""fkSalesOrder"":null,""productOfferReference"":null,""isMerchantCheckSkipped"":null,""uuid"":null,""isCancellable"":null,""relatedBundleItemIdentifier"":null,""bundleItemIdentifier"":null,""process"":null,""groupKey"":""IE-1103-3_4e732ced3463d06de0ca9a15b6153677"",""isSingleAddressPerShipmentType"":null,""orderItemReference"":null,""isReschedulable"":null,""abstractSku"":""IE-1103"",""groupKeyPrefix"":null,""normalizableFields"":[],""maxQuantity"":null,""taxRate"":19,""sumGrossPrice"":24000,""unitGrossPrice"":24000,""variety"":null,""isOrdered"":null,""merchantReference"":null,""merchantOrderReference"":null,""stockQuantity"":19,""sourceUnitGrossPrice"":null,""sourceUnitNetPrice"":null,""isReturnable"":null,""remunerationAmount"":null,""createdAt"":null,""orderReference"":null,""currencyIsoCode"":null,""isNeverOutOfStock"":true,""sumNetPrice"":0,""unitProductOptionPriceAggregation"":0,""sumProductOptionPriceAggregation"":0,""unitExpensePriceAggregation"":null,""sumExpensePriceAggregation"":null,""sumDiscountAmountAggregation"":2400,""cartNote"":null,""idDiscountPromotion"":null,""merchantCommissionAmountFullAggregation"":null,""merchantCommissionRefundedAmount"":null,""forcedUnitGrossPrice"":null,""originUnitGrossPrice"":24000,""originUnitNetPrice"":0,""concreteAttributes"":{""cablelength"":""1.0 m""},""merchantSku"":null,""idOrderItem"":null,""merchantCommissionAmountAggregation"":null,""originalSalesOrderItemGroupKey"":null,""isQuantitySplittable"":true,""taxMetadata"":null,""shipment"":null,""merchantProfileAddress"":null,""state"":null,""metadata"":null,""shipmentType"":{""idShipmentType"":1,""name"":""Delivery"",""uuid"":""174d9dc0-55ae-5c4b-a2f2-a419027029ef"",""key"":""delivery"",""isActive"":true,""serviceType"":null,""storeRelation"":null},""servicePoint"":null,""sspAsset"":null,""configuredBundleItem"":null,""giftCardMetadata"":null,""configuredBundle"":null,""productConfigurationInstance"":null,""salesOrderItemConfiguration"":null,""quantitySalesUnit"":null,""amountSalesUnit"":null,""productConcrete"":null,""salesOrderConfiguredBundleItem"":null,""salesOrderConfiguredBundle"":null,""productBundle"":null,""salesOrderItemServicePoint"":null,""priceProduct"":{""idPriceProduct"":974,""skuProduct"":""IE-1103-3"",""isActive"":null,""skuProductAbstract"":null,""priceNameType"":null,""groupKey"":""EUR-DEFAULT-1-BOTH-PRICE_DIMENSION_DEFAULT"",""isMergeable"":true,""concreteSku"":null,""volumeQuantity"":null,""idProductAbstract"":null,""idProduct"":446,""fkPriceType"":1,""priceTypeName"":""DEFAULT"",""priceDimension"":{""name"":""Default"",""type"":""PRICE_DIMENSION_DEFAULT"",""productOfferReference"":null,""idMerchantRelationship"":null,""isMerchantActive"":null,""idPriceProductOffer"":null,""idProductOffer"":null,""idPriceProductDefault"":1919,""productConfigurationInstanceHash"":null},""moneyValue"":{""netAmount"":0,""grossAmount"":24000,""priceDataChecksum"":""0c5b02fd"",""priceDataByPriceType"":[],""fkStore"":1,""idEntity"":""1919"",""fkCurrency"":93,""currency"":{""code"":""EUR"",""symbol"":""\u20ac"",""name"":""Euro"",""fractionDigits"":2,""idCurrency"":93,""isDefault"":null},""store"":{""name"":""DE"",""availableLocaleIsoCodes"":{""en"":""en_US"",""de"":""de_DE""},""idStore"":1,""storeReference"":null,""countries"":[""DE"",""CH"",""GB"",""US""],""availableCurrencyIsoCodes"":[""EUR"",""CHF""],""timezone"":""Europe/Berlin"",""defaultLocaleIsoCode"":""en_US"",""storesWithSharedPersistence"":[],""defaultCurrencyIsoCode"":""EUR"",""countryNames"":[""Germany"",""Switzerland"",""United Kingdom"",""United States""],""selectedCurrencyIsoCode"":null,""queuePools"":[],""applicationContextCollection"":{""applicationContexts"":[{""application"":null,""timezone"":""Europe/Berlin""}]}}},""priceType"":{""name"":""DEFAULT"",""priceModeConfiguration"":""BOTH"",""idPriceType"":1,""idPrice"":null}},""amountLeadProduct"":null,""productPackagingUnit"":null,""warehouse"":null,""merchantStockAddresses"":[],""productClasses"":[],""productOptions"":[],""calculatedDiscounts"":[{""unitAmount"":2400,""sumAmount"":2400,""unitGrossAmount"":null,""sumGrossAmount"":null,""quantity"":1,""idDiscount"":1,""voucherCode"":null,""fkSalesOrderItem"":null,""displayName"":""10% off minimum order"",""description"":""Get a 10% discount on all orders above a certain value depending on currency and gross/net price mode"",""priority"":5000}],""stateHistory"":[],""returnPolicyMessages"":[],""messages"":[],""images"":[{""externalUrlLarge"":""https://spryker.s3.eu-central-1.amazonaws.com/image/003-ie-1103-ignition-electrode-with-cable.jpg"",""externalUrlSmall"":""https://spryker.s3.eu-central-1.amazonaws.com/image/003-ie-1103-ignition-electrode-with-cable.jpg"",""sortOrder"":null,""idProductImage"":6593,""idProductImageSetToProductImage"":null,""altTextSmall"":""product_image.6593.alt_text_small"",""altTextLarge"":""product_image.6593.alt_text_large"",""translations"":[]}],""amount"":null},{""url"":""/en/springloadedsafetyvalvedn40"",""sku"":""SSV-DN40-225-2"",""name"":""Spring-Loaded Safety Valve DN40 (10 bar)"",""quantity"":""1"",""unitPrice"":20514,""idSalesOrderItem"":null,""sumPriceToPayAggregation"":18462,""sumDiscountAmountFullAggregation"":2052,""canceledAmount"":0,""unitTaxAmountFullAggregation"":2948,""unitTaxAmount"":2948,""sumTaxAmountFullAggregation"":2948,""sumTaxAmount"":2948,""sumSubtotalAggregation"":20514,""unitPriceToPayAggregation"":18462,""unitSubtotalAggregation"":20514,""unitDiscountAmountAggregation"":2052,""unitNetPrice"":0,""unitDiscountAmountFullAggregation"":2052,""taxRateAverageAggregation"":19,""taxAmountAfterCancellation"":null,""sumPrice"":20514,""idProductAbstract"":434,""id"":472,""refundableAmount"":18462,""fkOmsOrderItemState"":null,""fkSalesOrder"":null,""productOfferReference"":""POF00175"",""isMerchantCheckSkipped"":null,""uuid"":null,""isCancellable"":null,""relatedBundleItemIdentifier"":null,""bundleItemIdentifier"":null,""process"":null,""groupKey"":""SSV-DN40-225-2_POF00175_4e732ced3463d06de0ca9a15b6153677"",""isSingleAddressPerShipmentType"":null,""orderItemReference"":null,""isReschedulable"":null,""abstractSku"":""SSV-DN40-225"",""groupKeyPrefix"":null,""normalizableFields"":[],""maxQuantity"":null,""taxRate"":19,""sumGrossPrice"":20514,""unitGrossPrice"":20514,""variety"":null,""isOrdered"":null,""merchantReference"":""MRC0005"",""merchantOrderReference"":null,""stockQuantity"":273,""sourceUnitGrossPrice"":null,""sourceUnitNetPrice"":null,""isReturnable"":null,""remunerationAmount"":null,""createdAt"":null,""orderReference"":null,""currencyIsoCode"":null,""isNeverOutOfStock"":false,""sumNetPrice"":0,""unitProductOptionPriceAggregation"":0,""sumProductOptionPriceAggregation"":0,""unitExpensePriceAggregation"":null,""sumExpensePriceAggregation"":null,""sumDiscountAmountAggregation"":2052,""cartNote"":null,""idDiscountPromotion"":null,""merchantCommissionAmountFullAggregation"":null,""merchantCommissionRefundedAmount"":null,""forcedUnitGrossPrice"":null,""originUnitGrossPrice"":20514,""originUnitNetPrice"":0,""concreteAttributes"":{""openingpressure"":""10 bar""},""merchantSku"":null,""idOrderItem"":null,""merchantCommissionAmountAggregation"":null,""originalSalesOrderItemGroupKey"":null,""isQuantitySplittable"":true,""taxMetadata"":null,""shipment"":null,""merchantProfileAddress"":null,""state"":null,""metadata"":null,""shipmentType"":{""idShipmentType"":1,""name"":""Delivery"",""uuid"":""174d9dc0-55ae-5c4b-a2f2-a419027029ef"",""key"":""delivery"",""isActive"":true,""serviceType"":null,""storeRelation"":null},""servicePoint"":null,""sspAsset"":null,""configuredBundleItem"":null,""giftCardMetadata"":null,""configuredBundle"":null,""productConfigurationInstance"":null,""salesOrderItemConfiguration"":null,""quantitySalesUnit"":null,""amountSalesUnit"":null,""productConcrete"":null,""salesOrderConfiguredBundleItem"":null,""salesOrderConfiguredBundle"":null,""productBundle"":null,""salesOrderItemServicePoint"":null,""priceProduct"":{""idPriceProduct"":1000,""skuProduct"":""SSV-DN40-225-2"",""isActive"":null,""skuProductAbstract"":null,""priceNameType"":null,""groupKey"":""EUR-DEFAULT-1-BOTH-PRODUCT_OFFER-POF00175"",""isMergeable"":true,""concreteSku"":null,""volumeQuantity"":null,""idProductAbstract"":null,""idProduct"":472,""fkPriceType"":1,""priceTypeName"":""DEFAULT"",""priceDimension"":{""name"":null,""type"":""PRODUCT_OFFER"",""productOfferReference"":""POF00175"",""idMerchantRelationship"":null,""isMerchantActive"":null,""idPriceProductOffer"":null,""idProductOffer"":null,""idPriceProductDefault"":null,""productConfigurationInstanceHash"":null},""moneyValue"":{""netAmount"":0,""grossAmount"":20514,""priceDataChecksum"":""8a7fe7c1"",""priceDataByPriceType"":[],""fkStore"":1,""idEntity"":""4971"",""fkCurrency"":93,""currency"":{""code"":""EUR"",""symbol"":""\u20ac"",""name"":""Euro"",""fractionDigits"":2,""idCurrency"":93,""isDefault"":null},""store"":{""name"":""DE"",""availableLocaleIsoCodes"":{""en"":""en_US"",""de"":""de_DE""},""idStore"":1,""storeReference"":null,""countries"":[""DE"",""CH"",""GB"",""US""],""availableCurrencyIsoCodes"":[""EUR"",""CHF""],""timezone"":""Europe/Berlin"",""defaultLocaleIsoCode"":""en_US"",""storesWithSharedPersistence"":[],""defaultCurrencyIsoCode"":""EUR"",""countryNames"":[""Germany"",""Switzerland"",""United Kingdom"",""United States""],""selectedCurrencyIsoCode"":null,""queuePools"":[],""applicationContextCollection"":{""applicationContexts"":[{""application"":null,""timezone"":""Europe/Berlin""}]}}},""priceType"":{""name"":""DEFAULT"",""priceModeConfiguration"":""BOTH"",""idPriceType"":1,""idPrice"":null}},""amountLeadProduct"":null,""productPackagingUnit"":null,""warehouse"":null,""merchantStockAddresses"":[],""productClasses"":[],""productOptions"":[],""calculatedDiscounts"":[{""unitAmount"":2052,""sumAmount"":2052,""unitGrossAmount"":null,""sumGrossAmount"":null,""quantity"":1,""idDiscount"":1,""voucherCode"":null,""fkSalesOrderItem"":null,""displayName"":""10% off minimum order"",""description"":""Get a 10% discount on all orders above a certain value depending on currency and gross/net price mode"",""priority"":5000}],""stateHistory"":[],""returnPolicyMessages"":[],""messages"":[],""images"":[{""externalUrlLarge"":""https://spryker.s3.eu-central-1.amazonaws.com/image/014-ssv-dn40-225-spring-loaded-safety-valve-dn40.jpg"",""externalUrlSmall"":""https://spryker.s3.eu-central-1.amazonaws.com/image/014-ssv-dn40-225-spring-loaded-safety-valve-dn40.jpg"",""sortOrder"":null,""idProductImage"":6615,""idProductImageSetToProductImage"":null,""altTextSmall"":""product_image.6615.alt_text_small"",""altTextLarge"":""product_image.6615.alt_text_large"",""translations"":[]}],""amount"":null},{""url"":""/en/digitalcombustionanalyzer"",""sku"":""DCA-900-1"",""name"":""Digital Combustion Analyzer (Touchscreen)"",""quantity"":""1"",""unitPrice"":27331,""idSalesOrderItem"":null,""sumPriceToPayAggregation"":24598,""sumDiscountAmountFullAggregation"":2733,""canceledAmount"":0,""unitTaxAmountFullAggregation"":3927,""unitTaxAmount"":3927,""sumTaxAmountFullAggregation"":3927,""sumTaxAmount"":3927,""sumSubtotalAggregation"":27331,""unitPriceToPayAggregation"":24598,""unitSubtotalAggregation"":27331,""unitDiscountAmountAggregation"":2733,""unitNetPrice"":0,""unitDiscountAmountFullAggregation"":2733,""taxRateAverageAggregation"":19,""taxAmountAfterCancellation"":null,""sumPrice"":27331,""idProductAbstract"":437,""id"":477,""refundableAmount"":24598,""fkOmsOrderItemState"":null,""fkSalesOrder"":null,""productOfferReference"":""POF00197"",""isMerchantCheckSkipped"":null,""uuid"":null,""isCancellable"":null,""relatedBundleItemIdentifier"":null,""bundleItemIdentifier"":null,""process"":null,""groupKey"":""DCA-900-1_POF00197_4e732ced3463d06de0ca9a15b6153677"",""isSingleAddressPerShipmentType"":null,""orderItemReference"":null,""isReschedulable"":null,""abstractSku"":""DCA-900"",""groupKeyPrefix"":null,""normalizableFields"":[],""maxQuantity"":null,""taxRate"":19,""sumGrossPrice"":27331,""unitGrossPrice"":27331,""variety"":null,""isOrdered"":null,""merchantReference"":""MRC0002"",""merchantOrderReference"":null,""stockQuantity"":359,""sourceUnitGrossPrice"":null,""sourceUnitNetPrice"":null,""isReturnable"":null,""remunerationAmount"":null,""createdAt"":null,""orderReference"":null,""currencyIsoCode"":null,""isNeverOutOfStock"":false,""sumNetPrice"":0,""unitProductOptionPriceAggregation"":0,""sumProductOptionPriceAggregation"":0,""unitExpensePriceAggregation"":null,""sumExpensePriceAggregation"":null,""sumDiscountAmountAggregation"":2733,""cartNote"":null,""idDiscountPromotion"":null,""merchantCommissionAmountFullAggregation"":null,""merchantCommissionRefundedAmount"":null,""forcedUnitGrossPrice"":null,""originUnitGrossPrice"":27331,""originUnitNetPrice"":0,""concreteAttributes"":{""displaytype"":""Touchscreen""},""merchantSku"":null,""idOrderItem"":null,""merchantCommissionAmountAggregation"":null,""originalSalesOrderItemGroupKey"":null,""isQuantitySplittable"":true,""taxMetadata"":null,""shipment"":null,""merchantProfileAddress"":null,""state"":null,""metadata"":null,""shipmentType"":{""idShipmentType"":1,""name"":""Delivery"",""uuid"":""174d9dc0-55ae-5c4b-a2f2-a419027029ef"",""key"":""delivery"",""isActive"":true,""serviceType"":null,""storeRelation"":null},""servicePoint"":null,""sspAsset"":null,""configuredBundleItem"":null,""giftCardMetadata"":null,""configuredBundle"":null,""productConfigurationInstance"":null,""salesOrderItemConfiguration"":null,""quantitySalesUnit"":null,""amountSalesUnit"":null,""productConcrete"":null,""salesOrderConfiguredBundleItem"":null,""salesOrderConfiguredBundle"":null,""productBundle"":null,""salesOrderItemServicePoint"":null,""priceProduct"":{""idPriceProduct"":1005,""skuProduct"":""DCA-900-1"",""isActive"":null,""skuProductAbstract"":null,""priceNameType"":null,""groupKey"":""EUR-DEFAULT-1-BOTH-PRODUCT_OFFER-POF00197"",""isMergeable"":true,""concreteSku"":null,""volumeQuantity"":null,""idProductAbstract"":null,""idProduct"":477,""fkPriceType"":1,""priceTypeName"":""DEFAULT"",""priceDimension"":{""name"":null,""type"":""PRODUCT_OFFER"",""productOfferReference"":""POF00197"",""idMerchantRelationship"":null,""isMerchantActive"":null,""idPriceProductOffer"":null,""idProductOffer"":null,""idPriceProductDefault"":null,""productConfigurationInstanceHash"":null},""moneyValue"":{""netAmount"":0,""grossAmount"":27331,""priceDataChecksum"":""8a7fe7c1"",""priceDataByPriceType"":[],""fkStore"":1,""idEntity"":""4993"",""fkCurrency"":93,""currency"":{""code"":""EUR"",""symbol"":""\u20ac"",""name"":""Euro"",""fractionDigits"":2,""idCurrency"":93,""isDefault"":null},""store"":{""name"":""DE"",""availableLocaleIsoCodes"":{""en"":""en_US"",""de"":""de_DE""},""idStore"":1,""storeReference"":null,""countries"":[""DE"",""CH"",""GB"",""US""],""availableCurrencyIsoCodes"":[""EUR"",""CHF""],""timezone"":""Europe/Berlin"",""defaultLocaleIsoCode"":""en_US"",""storesWithSharedPersistence"":[],""defaultCurrencyIsoCode"":""EUR"",""countryNames"":[""Germany"",""Switzerland"",""United Kingdom"",""United States""],""selectedCurrencyIsoCode"":null,""queuePools"":[],""applicationContextCollection"":{""applicationContexts"":[{""application"":null,""timezone"":""Europe/Berlin""}]}}},""priceType"":{""name"":""DEFAULT"",""priceModeConfiguration"":""BOTH"",""idPriceType"":1,""idPrice"":null}},""amountLeadProduct"":null,""productPackagingUnit"":null,""warehouse"":null,""merchantStockAddresses"":[],""productClasses"":[],""productOptions"":[],""calculatedDiscounts"":[{""unitAmount"":2733,""sumAmount"":2733,""unitGrossAmount"":null,""sumGrossAmount"":null,""quantity"":1,""idDiscount"":1,""voucherCode"":null,""fkSalesOrderItem"":null,""displayName"":""10% off minimum order"",""description"":""Get a 10% discount on all orders above a certain value depending on currency and gross/net price mode"",""priority"":5000}],""stateHistory"":[],""returnPolicyMessages"":[],""messages"":[],""images"":[{""externalUrlLarge"":""https://spryker.s3.eu-central-1.amazonaws.com/image/017-dca-900-digital-combustion-analyzer.jpg"",""externalUrlSmall"":""https://spryker.s3.eu-central-1.amazonaws.com/image/017-dca-900-digital-combustion-analyzer.jpg"",""sortOrder"":null,""idProductImage"":6621,""idProductImageSetToProductImage"":null,""altTextSmall"":""product_image.6621.alt_text_small"",""altTextLarge"":""product_image.6621.alt_text_large"",""translations"":[]}],""amount"":null},{""url"":""/en/modularheatpumpcontrolpanel"",""sku"":""HPCP-3020-1"",""name"":""Modular Heat Pump Control Panel (Single Phase)"",""quantity"":""1"",""unitPrice"":21700,""idSalesOrderItem"":null,""sumPriceToPayAggregation"":19530,""sumDiscountAmountFullAggregation"":2170,""canceledAmount"":0,""unitTaxAmountFullAggregation"":3118,""unitTaxAmount"":3118,""sumTaxAmountFullAggregation"":3118,""sumTaxAmount"":3118,""sumSubtotalAggregation"":21700,""unitPriceToPayAggregation"":19530,""unitSubtotalAggregation"":21700,""unitDiscountAmountAggregation"":2170,""unitNetPrice"":0,""unitDiscountAmountFullAggregation"":2170,""taxRateAverageAggregation"":19,""taxAmountAfterCancellation"":null,""sumPrice"":21700,""idProductAbstract"":432,""id"":467,""refundableAmount"":19530,""fkOmsOrderItemState"":null,""fkSalesOrder"":null,""productOfferReference"":null,""isMerchantCheckSkipped"":null,""uuid"":null,""isCancellable"":null,""relatedBundleItemIdentifier"":null,""bundleItemIdentifier"":null,""process"":null,""groupKey"":""HPCP-3020-1_4e732ced3463d06de0ca9a15b6153677"",""isSingleAddressPerShipmentType"":null,""orderItemReference"":null,""isReschedulable"":null,""abstractSku"":""HPCP-3020"",""groupKeyPrefix"":null,""normalizableFields"":[],""maxQuantity"":null,""taxRate"":19,""sumGrossPrice"":21700,""unitGrossPrice"":21700,""variety"":null,""isOrdered"":null,""merchantReference"":null,""merchantOrderReference"":null,""stockQuantity"":9,""sourceUnitGrossPrice"":null,""sourceUnitNetPrice"":null,""isReturnable"":null,""remunerationAmount"":null,""createdAt"":null,""orderReference"":null,""currencyIsoCode"":null,""isNeverOutOfStock"":false,""sumNetPrice"":0,""unitProductOptionPriceAggregation"":0,""sumProductOptionPriceAggregation"":0,""unitExpensePriceAggregation"":null,""sumExpensePriceAggregation"":null,""sumDiscountAmountAggregation"":2170,""cartNote"":null,""idDiscountPromotion"":null,""merchantCommissionAmountFullAggregation"":null,""merchantCommissionRefundedAmount"":null,""forcedUnitGrossPrice"":null,""originUnitGrossPrice"":21700,""originUnitNetPrice"":0,""concreteAttributes"":{""phase_supply"":""Single Phase""},""merchantSku"":null,""idOrderItem"":null,""merchantCommissionAmountAggregation"":null,""originalSalesOrderItemGroupKey"":null,""isQuantitySplittable"":true,""taxMetadata"":null,""shipment"":null,""merchantProfileAddress"":null,""state"":null,""metadata"":null,""shipmentType"":{""idShipmentType"":1,""name"":""Delivery"",""uuid"":""174d9dc0-55ae-5c4b-a2f2-a419027029ef"",""key"":""delivery"",""isActive"":true,""serviceType"":null,""storeRelation"":null},""servicePoint"":null,""sspAsset"":null,""configuredBundleItem"":null,""giftCardMetadata"":null,""configuredBundle"":null,""productConfigurationInstance"":null,""salesOrderItemConfiguration"":null,""quantitySalesUnit"":null,""amountSalesUnit"":null,""productConcrete"":null,""salesOrderConfiguredBundleItem"":null,""salesOrderConfiguredBundle"":null,""productBundle"":null,""salesOrderItemServicePoint"":null,""priceProduct"":{""idPriceProduct"":995,""skuProduct"":""HPCP-3020-1"",""isActive"":null,""skuProductAbstract"":null,""priceNameType"":null,""groupKey"":""EUR-DEFAULT-1-BOTH-PRICE_DIMENSION_DEFAULT"",""isMergeable"":true,""concreteSku"":null,""volumeQuantity"":null,""idProductAbstract"":null,""idProduct"":467,""fkPriceType"":1,""priceTypeName"":""DEFAULT"",""priceDimension"":{""name"":""Default"",""type"":""PRICE_DIMENSION_DEFAULT"",""productOfferReference"":null,""idMerchantRelationship"":null,""isMerchantActive"":null,""idPriceProductOffer"":null,""idProductOffer"":null,""idPriceProductDefault"":1940,""productConfigurationInstanceHash"":null},""moneyValue"":{""netAmount"":0,""grossAmount"":21700,""priceData"":null,""priceDataChecksum"":null,""priceDataByPriceType"":[],""fkStore"":1,""idEntity"":""1940"",""fkCurrency"":93,""currency"":{""code"":""EUR"",""symbol"":""\u20ac"",""name"":""Euro"",""fractionDigits"":2,""idCurrency"":93,""isDefault"":null},""store"":{""name"":""DE"",""availableLocaleIsoCodes"":{""en"":""en_US"",""de"":""de_DE""},""idStore"":1,""storeReference"":null,""countries"":[""DE"",""CH"",""GB"",""US""],""availableCurrencyIsoCodes"":[""EUR"",""CHF""],""timezone"":""Europe/Berlin"",""defaultLocaleIsoCode"":""en_US"",""storesWithSharedPersistence"":[],""defaultCurrencyIsoCode"":""EUR"",""countryNames"":[""Germany"",""Switzerland"",""United Kingdom"",""United States""],""selectedCurrencyIsoCode"":null,""queuePools"":[],""applicationContextCollection"":{""applicationContexts"":[{""application"":null,""timezone"":""Europe/Berlin""}]}}},""priceType"":{""name"":""DEFAULT"",""priceModeConfiguration"":""BOTH"",""idPriceType"":1,""idPrice"":null}},""amountLeadProduct"":null,""productPackagingUnit"":null,""warehouse"":null,""merchantStockAddresses"":[],""productClasses"":[],""productOptions"":[],""calculatedDiscounts"":[{""unitAmount"":2170,""sumAmount"":2170,""unitGrossAmount"":null,""sumGrossAmount"":null,""quantity"":1,""idDiscount"":1,""voucherCode"":null,""fkSalesOrderItem"":null,""displayName"":""10% off minimum order"",""description"":""Get a 10% discount on all orders above a certain value depending on currency and gross/net price mode"",""priority"":5000}],""stateHistory"":[],""returnPolicyMessages"":[],""messages"":[],""images"":[{""externalUrlLarge"":""https://spryker.s3.eu-central-1.amazonaws.com/image/012-hpcp-3020-modular-heat-pump-control-panel.jpg"",""externalUrlSmall"":""https://spryker.s3.eu-central-1.amazonaws.com/image/012-hpcp-3020-modular-heat-pump-control-panel.jpg"",""sortOrder"":null,""idProductImage"":6611,""idProductImageSetToProductImage"":null,""altTextSmall"":""product_image.6611.alt_text_small"",""altTextLarge"":""product_image.6611.alt_text_large"",""translations"":[]}],""amount"":null},{""url"":""/en/safetytemperaturelimiter"",""sku"":""STL-7010-2"",""name"":""Safety Temperature Limiter (130\u00b0C)"",""quantity"":""1"",""unitPrice"":24900,""idSalesOrderItem"":null,""sumPriceToPayAggregation"":22410,""sumDiscountAmountFullAggregation"":2490,""canceledAmount"":0,""unitTaxAmountFullAggregation"":3578,""unitTaxAmount"":3578,""sumTaxAmountFullAggregation"":3578,""sumTaxAmount"":3578,""sumSubtotalAggregation"":24900,""unitPriceToPayAggregation"":22410,""unitSubtotalAggregation"":24900,""unitDiscountAmountAggregation"":2490,""unitNetPrice"":0,""unitDiscountAmountFullAggregation"":2490,""taxRateAverageAggregation"":19,""taxAmountAfterCancellation"":null,""sumPrice"":24900,""idProductAbstract"":429,""id"":461,""refundableAmount"":22410,""fkOmsOrderItemState"":null,""fkSalesOrder"":null,""productOfferReference"":null,""isMerchantCheckSkipped"":null,""uuid"":null,""isCancellable"":null,""relatedBundleItemIdentifier"":null,""bundleItemIdentifier"":null,""process"":null,""groupKey"":""STL-7010-2_4e732ced3463d06de0ca9a15b6153677"",""isSingleAddressPerShipmentType"":null,""orderItemReference"":null,""isReschedulable"":null,""abstractSku"":""STL-7010"",""groupKeyPrefix"":null,""normalizableFields"":[],""maxQuantity"":null,""taxRate"":19,""sumGrossPrice"":24900,""unitGrossPrice"":24900,""variety"":null,""isOrdered"":null,""merchantReference"":null,""merchantOrderReference"":null,""stockQuantity"":8,""sourceUnitGrossPrice"":null,""sourceUnitNetPrice"":null,""isReturnable"":null,""remunerationAmount"":null,""createdAt"":null,""orderReference"":null,""currencyIsoCode"":null,""isNeverOutOfStock"":true,""sumNetPrice"":0,""unitProductOptionPriceAggregation"":0,""sumProductOptionPriceAggregation"":0,""unitExpensePriceAggregation"":null,""sumExpensePriceAggregation"":null,""sumDiscountAmountAggregation"":2490,""cartNote"":null,""idDiscountPromotion"":null,""merchantCommissionAmountFullAggregation"":null,""merchantCommissionRefundedAmount"":null,""forcedUnitGrossPrice"":null,""originUnitGrossPrice"":24900,""originUnitNetPrice"":0,""concreteAttributes"":{""limitrange"":""130\u00b0C""},""merchantSku"":null,""idOrderItem"":null,""merchantCommissionAmountAggregation"":null,""originalSalesOrderItemGroupKey"":null,""isQuantitySplittable"":true,""taxMetadata"":null,""shipment"":null,""merchantProfileAddress"":null,""state"":null,""metadata"":null,""shipmentType"":{""idShipmentType"":1,""name"":""Delivery"",""uuid"":""174d9dc0-55ae-5c4b-a2f2-a419027029ef"",""key"":""delivery"",""isActive"":true,""serviceType"":null,""storeRelation"":null},""servicePoint"":null,""sspAsset"":null,""configuredBundleItem"":null,""giftCardMetadata"":null,""configuredBundle"":null,""productConfigurationInstance"":null,""salesOrderItemConfiguration"":null,""quantitySalesUnit"":null,""amountSalesUnit"":null,""productConcrete"":null,""salesOrderConfiguredBundleItem"":null,""salesOrderConfiguredBundle"":null,""productBundle"":null,""salesOrderItemServicePoint"":null,""priceProduct"":{""idPriceProduct"":989,""skuProduct"":""STL-7010-2"",""isActive"":null,""skuProductAbstract"":null,""priceNameType"":null,""groupKey"":""EUR-DEFAULT-1-BOTH-PRICE_DIMENSION_DEFAULT"",""isMergeable"":true,""concreteSku"":null,""volumeQuantity"":null,""idProductAbstract"":null,""idProduct"":461,""fkPriceType"":1,""priceTypeName"":""DEFAULT"",""priceDimension"":{""name"":""Default"",""type"":""PRICE_DIMENSION_DEFAULT"",""productOfferReference"":null,""idMerchantRelationship"":null,""isMerchantActive"":null,""idPriceProductOffer"":null,""idProductOffer"":null,""idPriceProductDefault"":1934,""productConfigurationInstanceHash"":null},""moneyValue"":{""netAmount"":0,""grossAmount"":24900,""priceData"":null,""priceDataChecksum"":null,""priceDataByPriceType"":[],""fkStore"":1,""idEntity"":""1934"",""fkCurrency"":93,""currency"":{""code"":""EUR"",""symbol"":""\u20ac"",""name"":""Euro"",""fractionDigits"":2,""idCurrency"":93,""isDefault"":null},""store"":{""name"":""DE"",""availableLocaleIsoCodes"":{""en"":""en_US"",""de"":""de_DE""},""idStore"":1,""storeReference"":null,""countries"":[""DE"",""CH"",""GB"",""US""],""availableCurrencyIsoCodes"":[""EUR"",""CHF""],""timezone"":""Europe/Berlin"",""defaultLocaleIsoCode"":""en_US"",""storesWithSharedPersistence"":[],""defaultCurrencyIsoCode"":""EUR"",""countryNames"":[""Germany"",""Switzerland"",""United Kingdom"",""United States""],""selectedCurrencyIsoCode"":null,""queuePools"":[],""applicationContextCollection"":{""applicationContexts"":[{""application"":null,""timezone"":""Europe/Berlin""}]}}},""priceType"":{""name"":""DEFAULT"",""priceModeConfiguration"":""BOTH"",""idPriceType"":1,""idPrice"":null}},""amountLeadProduct"":null,""productPackagingUnit"":null,""warehouse"":null,""merchantStockAddresses"":[],""productClasses"":[],""productOptions"":[],""calculatedDiscounts"":[{""unitAmount"":2490,""sumAmount"":2490,""unitGrossAmount"":null,""sumGrossAmount"":null,""quantity"":1,""idDiscount"":1,""voucherCode"":null,""fkSalesOrderItem"":null,""displayName"":""10% off minimum order"",""description"":""Get a 10% discount on all orders above a certain value depending on currency and gross/net price mode"",""priority"":5000}],""stateHistory"":[],""returnPolicyMessages"":[],""messages"":[],""images"":[{""externalUrlLarge"":""https://spryker.s3.eu-central-1.amazonaws.com/image/009-stl-7010-safety-temperature-limiter.jpg"",""externalUrlSmall"":""https://spryker.s3.eu-central-1.amazonaws.com/image/009-stl-7010-safety-temperature-limiter.jpg"",""sortOrder"":null,""idProductImage"":6605,""idProductImageSetToProductImage"":null,""altTextSmall"":""product_image.6605.alt_text_small"",""altTextLarge"":""product_image.6605.alt_text_large"",""translations"":[]}],""amount"":null}],""totals"":{""subtotal"":127945,""expenseTotal"":0,""discountTotal"":12795,""grandTotal"":115150,""netTotal"":96765,""canceledTotal"":null,""refundTotal"":115150,""shipmentTotal"":0,""priceToPay"":115150,""remunerationTotal"":null,""hash"":""64cff167511a41871494a405d3dcf06e1011c614f2214ffa0ee7f106c0308917"",""merchantCommissionTotal"":null,""merchantCommissionRefundedTotal"":null,""taxTotal"":{""amount"":18385,""taxRate"":null}},""currency"":{""code"":""EUR"",""symbol"":""\u20ac"",""name"":""Euro"",""fractionDigits"":2,""idCurrency"":null,""isDefault"":true},""priceMode"":""GROSS_MODE"",""bundleItems"":[],""expenses"":[],""voucherDiscounts"":[],""cartRuleDiscounts"":[{""idDiscount"":1,""displayName"":""10% off minimum order"",""voucherCode"":null,""amount"":12795,""discountType"":""cart_rule"",""validTo"":""2037-12-31 00:00:00.000000"",""isExclusive"":false,""fkDiscountVoucherPool"":null,""idSalesDiscount"":null,""description"":""Get a 10% discount on all orders above a certain value depending on currency and gross/net price mode"",""calculatorPlugin"":""PLUGIN_CALCULATOR_PERCENTAGE"",""isActive"":true,""validFrom"":""2016-01-01 00:00:00.000000"",""decisionRuleQueryString"":""( price-mode = 'GROSS_MODE' AND ( ( sub-total >= '100' AND currency = 'EUR' )  OR ( sub-total >= '115' AND currency = 'CHF' )  )  )  OR ( price-mode = 'NET_MODE' AND ( ( sub-total >= '80' AND currency = 'EUR' )  OR ( sub-total >= '95' AND currency = 'CHF' )  )  ) "",""priceMode"":""GROSS_MODE"",""priority"":5000,""minimumItemAmount"":1,""discountPromotion"":null,""currency"":{""code"":""EUR"",""symbol"":""\u20ac"",""name"":""Euro"",""fractionDigits"":2,""idCurrency"":null,""isDefault"":true},""storeRelation"":null,""moneyValueCollection"":[]}],""promotionItems"":[{""idDiscountPromotion"":1,""abstractSku"":""SPK-VLV-PACK"",""sku"":null,""maxQuantity"":1,""idProductAbstract"":443,""uuid"":""070b3a19-b2eb-5277-b8ff-fb0bb8520fa8"",""discount"":{""idDiscount"":6,""displayName"":""Free Valve Packing and Gasket Kit"",""voucherCode"":null,""amount"":10000,""discountType"":""cart_rule"",""validTo"":""2037-12-31 00:00:00.000000"",""isExclusive"":false,""fkDiscountVoucherPool"":null,""idSalesDiscount"":null,""description"":""For every purchase above a certain value depending on currency and gross/net price mode, you get this Valve Packing and Gasket Kit for free."",""calculatorPlugin"":""PLUGIN_CALCULATOR_PERCENTAGE"",""isActive"":true,""validFrom"":""2016-01-01 00:00:00.000000"",""collectorQueryString"":"""",""priceMode"":""GROSS_MODE"",""priority"":100,""minimumItemAmount"":1,""discountPromotion"":{""idDiscountPromotion"":1,""abstractSku"":""SPK-VLV-PACK"",""abstractSkus"":[""SPK-VLV-PACK""],""quantity"":1,""fkDiscount"":6,""uuid"":""070b3a19-b2eb-5277-b8ff-fb0bb8520fa8""},""currency"":{""code"":""EUR"",""symbol"":""\u20ac"",""name"":""Euro"",""fractionDigits"":2,""idCurrency"":null,""isDefault"":true},""storeRelation"":null,""moneyValueCollection"":[]}}],""originalSalesOrderItemUnitPrices"":[]}"
quote-25,After Company Birthday Party,DE--34,DE,0,"{""items"":[{""unitGrossPrice"":17093,""sumGrossPrice"":34186,""taxRate"":19,""unitNetPrice"":0,""sumNetPrice"":0,""unitPrice"":17093,""sumPrice"":34186,""unitTaxAmountFullAggregation"":2456,""sumTaxAmountFullAggregation"":4912,""refundableAmount"":30767,""canceledAmount"":0,""sumSubtotalAggregation"":34186,""unitSubtotalAggregation"":17093,""unitProductOptionPriceAggregation"":0,""sumProductOptionPriceAggregation"":0,""unitDiscountAmountAggregation"":1709,""sumDiscountAmountAggregation"":3419,""unitDiscountAmountFullAggregation"":1709,""sumDiscountAmountFullAggregation"":3419,""unitPriceToPayAggregation"":15384,""sumPriceToPayAggregation"":30767,""taxRateAverageAggregation"":19,""id"":250,""sku"":""213103"",""groupKey"":""213103"",""quantity"":2,""calculatedDiscounts"":[{""unitAmount"":1709,""sumAmount"":1709,""idDiscount"":1,""displayName"":""10% Discount for all orders above"",""description"":""Get a 10% discount on all orders above certain value depending on the currency and net/gross price. This discount is not exclusive and can be combined with other discounts."",""quantity"":1},{""unitAmount"":1710,""sumAmount"":1710,""idDiscount"":1,""displayName"":""10% Discount for all orders above"",""description"":""Get a 10% discount on all orders above certain value depending on the currency and net/gross price. This discount is not exclusive and can be combined with other discounts."",""quantity"":1}],""abstractSku"":""M1006811"",""merchantReference"":""MER000008"",""priceProduct"":{""groupKey"":""EUR-DEFAULT-1-BOTH-PRICE_DIMENSION_DEFAULT-Default"",""isMergeable"":true,""idPriceProduct"":293,""priceTypeName"":""DEFAULT"",""idProduct"":250,""fkPriceType"":1,""priceType"":{""name"":""DEFAULT"",""priceModeConfiguration"":""BOTH""},""moneyValue"":{""idEntity"":""585"",""fkCurrency"":93,""fkStore"":1,""currency"":{""idCurrency"":93,""code"":""EUR"",""name"":""Euro"",""symbol"":""€"",""fractionDigits"":2},""netAmount"":14364,""grossAmount"":17093},""priceDimension"":{""type"":""PRICE_DIMENSION_DEFAULT"",""name"":""Default"",""idPriceProductDefault"":585}},""originUnitGrossPrice"":17093,""originUnitNetPrice"":0,""idProductAbstract"":9,""images"":[{""externalUrlSmall"":""//d2s0ynfc62ej12.cloudfront.net/image/00046284F-01?$normal$"",""idProductImage"":30,""externalUrlLarge"":""//d2s0ynfc62ej12.cloudfront.net/image/00046284F-01""},{""externalUrlSmall"":""//d2s0ynfc62ej12.cloudfront.net/image/00046285F-01?$normal$"",""idProductImage"":29,""externalUrlLarge"":""//d2s0ynfc62ej12.cloudfront.net/image/00046285F-01""},{""externalUrlSmall"":""//d2s0ynfc62ej12.cloudfront.net/image/00046282F-01?$normal$"",""idProductImage"":28,""externalUrlLarge"":""//d2s0ynfc62ej12.cloudfront.net/image/00046282F-01""},{""externalUrlSmall"":""//d2s0ynfc62ej12.cloudfront.net/image/00046283F-01?$normal$"",""idProductImage"":27,""externalUrlLarge"":""//d2s0ynfc62ej12.cloudfront.net/image/00046283F-01""},{""externalUrlSmall"":""//d2s0ynfc62ej12.cloudfront.net/image/00048847-01?$normal$"",""idProductImage"":26,""externalUrlLarge"":""//d2s0ynfc62ej12.cloudfront.net/image/00048847-01""},{""externalUrlSmall"":""//d2s0ynfc62ej12.cloudfront.net/image/AA00746825FF-01?$normal$"",""idProductImage"":25,""externalUrlLarge"":""//d2s0ynfc62ej12.cloudfront.net/image/AA00746825FF-01""},{""externalUrlSmall"":""//d2s0ynfc62ej12.cloudfront.net/image/AA00746826FF-01?$normal$"",""idProductImage"":24,""externalUrlLarge"":""//d2s0ynfc62ej12.cloudfront.net/image/AA00746826FF-01""},{""externalUrlSmall"":""//d2s0ynfc62ej12.cloudfront.net/image/AA00746823FF-01?$normal$"",""idProductImage"":23,""externalUrlLarge"":""//d2s0ynfc62ej12.cloudfront.net/image/AA00746823FF-01""},{""externalUrlSmall"":""//d2s0ynfc62ej12.cloudfront.net/image/AA00746824FF-01?$normal$"",""idProductImage"":22,""externalUrlLarge"":""//d2s0ynfc62ej12.cloudfront.net/image/AA00746824FF-01""},{""externalUrlSmall"":""//d2s0ynfc62ej12.cloudfront.net/image/00048848-01?$normal$"",""idProductImage"":21,""externalUrlLarge"":""//d2s0ynfc62ej12.cloudfront.net/image/00048848-01""}],""name"":""Visitor chair, stackable - backrest upholstered, substructure chromed - upholstery gray, VE 4 pieces"",""isQuantitySplittable"":true,""unitTaxAmount"":2456,""sumTaxAmount"":4912,""url"":""/en/besucherstuhl-stapelbar-rueckenlehne-gepolstert-gestell-verchromt-M1006811""},{""unitGrossPrice"":49712,""sumGrossPrice"":149136,""taxRate"":19,""unitNetPrice"":0,""sumNetPrice"":0,""unitPrice"":49712,""sumPrice"":149136,""unitTaxAmountFullAggregation"":7144,""sumTaxAmountFullAggregation"":21431,""refundableAmount"":134223,""canceledAmount"":0,""sumSubtotalAggregation"":149136,""unitSubtotalAggregation"":49712,""unitProductOptionPriceAggregation"":0,""sumProductOptionPriceAggregation"":0,""unitDiscountAmountAggregation"":4971,""sumDiscountAmountAggregation"":14913,""unitDiscountAmountFullAggregation"":4971,""sumDiscountAmountFullAggregation"":14913,""unitPriceToPayAggregation"":44741,""sumPriceToPayAggregation"":134223,""taxRateAverageAggregation"":19,""id"":239,""sku"":""103907"",""groupKey"":""103907"",""quantity"":3,""calculatedDiscounts"":[{""unitAmount"":4971,""sumAmount"":4971,""idDiscount"":1,""displayName"":""10% Discount for all orders above"",""description"":""Get a 10% discount on all orders above certain value depending on the currency and net/gross price. This discount is not exclusive and can be combined with other discounts."",""quantity"":1},{""unitAmount"":4971,""sumAmount"":4971,""idDiscount"":1,""displayName"":""10% Discount for all orders above"",""description"":""Get a 10% discount on all orders above certain value depending on the currency and net/gross price. This discount is not exclusive and can be combined with other discounts."",""quantity"":1},{""unitAmount"":4971,""sumAmount"":4971,""idDiscount"":1,""displayName"":""10% Discount for all orders above"",""description"":""Get a 10% discount on all orders above certain value depending on the currency and net/gross price. This discount is not exclusive and can be combined with other discounts."",""quantity"":1}],""abstractSku"":""M72935"",""merchantReference"":""MER000008"",""priceProduct"":{""groupKey"":""EUR-DEFAULT-1-BOTH-PRICE_DIMENSION_DEFAULT-Default"",""isMergeable"":true,""idPriceProduct"":210,""priceTypeName"":""DEFAULT"",""idProduct"":239,""fkPriceType"":1,""priceType"":{""name"":""DEFAULT"",""priceModeConfiguration"":""BOTH""},""moneyValue"":{""idEntity"":""419"",""fkCurrency"":93,""fkStore"":1,""currency"":{""idCurrency"":93,""code"":""EUR"",""name"":""Euro"",""symbol"":""€"",""fractionDigits"":2},""netAmount"":41774,""grossAmount"":49712},""priceDimension"":{""type"":""PRICE_DIMENSION_DEFAULT"",""name"":""Default"",""idPriceProductDefault"":419}},""originUnitGrossPrice"":49712,""originUnitNetPrice"":0,""idProductAbstract"":353,""images"":[{""externalUrlSmall"":""//d2s0ynfc62ej12.cloudfront.net/image/SK94885-01?$normal$"",""idProductImage"":1120,""externalUrlLarge"":""//d2s0ynfc62ej12.cloudfront.net/image/SK94885-01""},{""externalUrlSmall"":""//d2s0ynfc62ej12.cloudfront.net/image/00043272-01?$normal$"",""idProductImage"":1119,""externalUrlLarge"":""//d2s0ynfc62ej12.cloudfront.net/image/00043272-01""},{""externalUrlSmall"":""//d2s0ynfc62ej12.cloudfront.net/image/AA00610404II-03?$normal$"",""idProductImage"":1118,""externalUrlLarge"":""//d2s0ynfc62ej12.cloudfront.net/image/AA00610404II-03""},{""externalUrlSmall"":""//d2s0ynfc62ej12.cloudfront.net/image/AA00610404II-01?$normal$"",""idProductImage"":1117,""externalUrlLarge"":""//d2s0ynfc62ej12.cloudfront.net/image/AA00610404II-01""},{""externalUrlSmall"":""//d2s0ynfc62ej12.cloudfront.net/image/AA00610405FF-02?$normal$"",""idProductImage"":1122,""externalUrlLarge"":""//d2s0ynfc62ej12.cloudfront.net/image/AA00610405FF-02""},{""externalUrlSmall"":""//d2s0ynfc62ej12.cloudfront.net/image/AA00610404FF-02?$normal$"",""idProductImage"":1121,""externalUrlLarge"":""//d2s0ynfc62ej12.cloudfront.net/image/AA00610404FF-02""}],""name"":""Hammerbacher UPLINER standing desk, manually height-adjustable - 725 - 1185 mm, WxD 1600 x 800 mm - tabletop beech decor"",""isQuantitySplittable"":true,""unitTaxAmount"":7144,""sumTaxAmount"":21431,""url"":""/en/upliner-stehschreibtisch-manuell-hoehenverstellbar-725-1185-mm-bxt-1600-x-800-mm-M72935""},{""unitGrossPrice"":41819,""sumGrossPrice"":41819,""taxRate"":19,""unitNetPrice"":0,""sumNetPrice"":0,""unitPrice"":41819,""sumPrice"":41819,""unitTaxAmountFullAggregation"":6009,""sumTaxAmountFullAggregation"":6009,""refundableAmount"":37637,""canceledAmount"":0,""sumSubtotalAggregation"":41819,""unitSubtotalAggregation"":41819,""unitProductOptionPriceAggregation"":0,""sumProductOptionPriceAggregation"":0,""unitDiscountAmountAggregation"":4182,""sumDiscountAmountAggregation"":4182,""unitDiscountAmountFullAggregation"":4182,""sumDiscountAmountFullAggregation"":4182,""unitPriceToPayAggregation"":37637,""sumPriceToPayAggregation"":37637,""taxRateAverageAggregation"":19,""id"":372,""sku"":""413850"",""groupKey"":""413850"",""quantity"":1,""calculatedDiscounts"":[{""unitAmount"":4182,""sumAmount"":4182,""idDiscount"":1,""displayName"":""10% Discount for all orders above"",""description"":""Get a 10% discount on all orders above certain value depending on the currency and net/gross price. This discount is not exclusive and can be combined with other discounts."",""quantity"":1}],""abstractSku"":""M1079219"",""merchantReference"":""MER000008"",""priceProduct"":{""groupKey"":""EUR-DEFAULT-1-BOTH-PRICE_DIMENSION_DEFAULT-Default"",""isMergeable"":true,""idPriceProduct"":339,""priceTypeName"":""DEFAULT"",""idProduct"":372,""fkPriceType"":1,""priceType"":{""name"":""DEFAULT"",""priceModeConfiguration"":""BOTH""},""moneyValue"":{""idEntity"":""677"",""fkCurrency"":93,""fkStore"":1,""currency"":{""idCurrency"":93,""code"":""EUR"",""name"":""Euro"",""symbol"":""€"",""fractionDigits"":2},""netAmount"":35142,""grossAmount"":41819},""priceDimension"":{""type"":""PRICE_DIMENSION_DEFAULT"",""name"":""Default"",""idPriceProductDefault"":677}},""originUnitGrossPrice"":41819,""originUnitNetPrice"":0,""idProductAbstract"":57,""images"":[{""externalUrlSmall"":""//d2s0ynfc62ej12.cloudfront.net/image/00052641-01?$normal$"",""idProductImage"":203,""externalUrlLarge"":""//d2s0ynfc62ej12.cloudfront.net/image/00052641-01""},{""externalUrlSmall"":""//d2s0ynfc62ej12.cloudfront.net/image/00052640-01?$normal$"",""idProductImage"":202,""externalUrlLarge"":""//d2s0ynfc62ej12.cloudfront.net/image/00052640-01""},{""externalUrlSmall"":""//d2s0ynfc62ej12.cloudfront.net/image/00052639-01?$normal$"",""idProductImage"":201,""externalUrlLarge"":""//d2s0ynfc62ej12.cloudfront.net/image/00052639-01""}],""name"":""IDEAL SHREDCAT document shredder - collecting volume 30 l - HxWxD 520 x 444 x 360 mm"",""isQuantitySplittable"":true,""unitTaxAmount"":6009,""sumTaxAmount"":6009,""url"":""/en/ideal-aktenvernichter-gross-shredcat-auffangvolumen-30-l-M1079219""},{""unitGrossPrice"":4196,""sumGrossPrice"":8392,""taxRate"":19,""unitNetPrice"":0,""sumNetPrice"":0,""unitPrice"":4196,""sumPrice"":8392,""unitTaxAmountFullAggregation"":603,""sumTaxAmountFullAggregation"":1206,""refundableAmount"":7553,""canceledAmount"":0,""sumSubtotalAggregation"":8392,""unitSubtotalAggregation"":4196,""unitProductOptionPriceAggregation"":0,""sumProductOptionPriceAggregation"":0,""unitDiscountAmountAggregation"":419,""sumDiscountAmountAggregation"":839,""unitDiscountAmountFullAggregation"":419,""sumDiscountAmountFullAggregation"":839,""unitPriceToPayAggregation"":3777,""sumPriceToPayAggregation"":7553,""taxRateAverageAggregation"":19,""id"":71,""sku"":""426581"",""groupKey"":""426581"",""quantity"":2,""calculatedDiscounts"":[{""unitAmount"":419,""sumAmount"":419,""idDiscount"":1,""displayName"":""10% Discount for all orders above"",""description"":""Get a 10% discount on all orders above certain value depending on the currency and net/gross price. This discount is not exclusive and can be combined with other discounts."",""quantity"":1},{""unitAmount"":420,""sumAmount"":420,""idDiscount"":1,""displayName"":""10% Discount for all orders above"",""description"":""Get a 10% discount on all orders above certain value depending on the currency and net/gross price. This discount is not exclusive and can be combined with other discounts."",""quantity"":1}],""abstractSku"":""M24605"",""merchantReference"":""MER000008"",""priceProduct"":{""groupKey"":""EUR-DEFAULT-1-BOTH-PRICE_DIMENSION_DEFAULT-Default"",""isMergeable"":true,""idPriceProduct"":732,""priceTypeName"":""DEFAULT"",""idProduct"":71,""fkPriceType"":1,""priceType"":{""name"":""DEFAULT"",""priceModeConfiguration"":""BOTH""},""moneyValue"":{""idEntity"":""1463"",""fkCurrency"":93,""fkStore"":1,""currency"":{""idCurrency"":93,""code"":""EUR"",""name"":""Euro"",""symbol"":""€"",""fractionDigits"":2},""netAmount"":3526,""grossAmount"":4196},""priceDimension"":{""type"":""PRICE_DIMENSION_DEFAULT"",""name"":""Default"",""idPriceProductDefault"":1463}},""originUnitGrossPrice"":4196,""originUnitNetPrice"":0,""idProductAbstract"":239,""images"":[{""externalUrlSmall"":""//d2s0ynfc62ej12.cloudfront.net/image/A007387M?$normal$"",""idProductImage"":716,""externalUrlLarge"":""//d2s0ynfc62ej12.cloudfront.net/image/A007387M""}],""name"":""Cherry keyboard Strait JK-0300DE metal-look, corded, USB, silver"",""isQuantitySplittable"":true,""unitTaxAmount"":603,""sumTaxAmount"":1206,""url"":""/en/cherry-tastatur-strait-jk-0300de-metall-look-schnurgebunden-usb-si-M24605""}],""totals"":{""subtotal"":233533,""expenseTotal"":0,""discountTotal"":23353,""taxTotal"":{""amount"":33558},""grandTotal"":210180,""netTotal"":176622,""hash"":""da926c481531dcd253576bcdf9bab434d94b431115b3a8a1b8ddd70896dc51ef"",""priceToPay"":210180,""refundTotal"":210180},""currency"":{""code"":""EUR"",""name"":""Euro"",""symbol"":""€"",""isDefault"":true,""fractionDigits"":2},""priceMode"":""GROSS_MODE""}"
